-- MySQL Administrator dump 1.4
--
-- ------------------------------------------------------
-- Server version	5.1.59-community


/*!40101 SET @OLD_CHARACTER_SET_CLIENT=@@CHARACTER_SET_CLIENT */;
/*!40101 SET @OLD_CHARACTER_SET_RESULTS=@@CHARACTER_SET_RESULTS */;
/*!40101 SET @OLD_COLLATION_CONNECTION=@@COLLATION_CONNECTION */;
/*!40101 SET NAMES utf8 */;

/*!40014 SET @OLD_UNIQUE_CHECKS=@@UNIQUE_CHECKS, UNIQUE_CHECKS=0 */;
/*!40014 SET @OLD_FOREIGN_KEY_CHECKS=@@FOREIGN_KEY_CHECKS, FOREIGN_KEY_CHECKS=0 */;
/*!40101 SET @OLD_SQL_MODE=@@SQL_MODE, SQL_MODE='NO_AUTO_VALUE_ON_ZERO' */;


--
-- Create schema dbinventory
--

CREATE DATABASE IF NOT EXISTS dbinventory;
USE dbinventory;

--
-- Temporary table structure for view `view_ending_balance`
--
DROP TABLE IF EXISTS `view_ending_balance`;
DROP VIEW IF EXISTS `view_ending_balance`;
CREATE TABLE `view_ending_balance` (
  `item_code` varchar(45),
  `item_qty` double(10,2)
);

--
-- Definition of table `account_receivable`
--

DROP TABLE IF EXISTS `account_receivable`;
CREATE TABLE `account_receivable` (
  `sales_order_no` varchar(45) NOT NULL DEFAULT '0',
  `remarks` varchar(45) DEFAULT 'unsettled',
  `date` datetime DEFAULT NULL,
  PRIMARY KEY (`sales_order_no`)
) ENGINE=InnoDB DEFAULT CHARSET=latin1;

--
-- Dumping data for table `account_receivable`
--

/*!40000 ALTER TABLE `account_receivable` DISABLE KEYS */;
INSERT INTO `account_receivable` (`sales_order_no`,`remarks`,`date`) VALUES 
 ('SO-000000','unsettled','2011-11-22 08:22:00'),
 ('SO-000001','fully paid','2011-11-22 08:29:01'),
 ('SO-0000010','fully paid','2011-11-22 10:46:12'),
 ('SO-00000100','unsettled','2011-11-28 13:45:44'),
 ('SO-00000101','fully paid','2011-11-28 13:47:32'),
 ('SO-00000102','unsettled','2011-11-28 13:48:27'),
 ('SO-00000103','fully paid','2011-11-28 13:50:30'),
 ('SO-00000104','fully paid','2011-11-28 13:50:57'),
 ('SO-00000105','fully paid','2011-11-28 13:57:24'),
 ('SO-00000106','fully paid','2011-11-28 14:00:42'),
 ('SO-0000011','unsettled','2011-11-22 10:52:00'),
 ('SO-00000114','fully paid','2011-11-28 15:41:22'),
 ('SO-0000012','fully paid','2011-11-22 10:55:55'),
 ('SO-0000013','unsettled','2011-11-22 11:04:48'),
 ('SO-00000134','fully paid','2011-11-29 08:05:08'),
 ('SO-00000135','fully paid','2011-11-29 08:07:59'),
 ('SO-00000136','unsettled','2011-11-29 08:14:22'),
 ('SO-00000137','fully paid','2011-11-29 08:20:29'),
 ('SO-00000138','fully paid','2011-11-29 08:22:26'),
 ('SO-00000139','fully paid','2011-11-29 08:27:11'),
 ('SO-0000014','fully paid','2011-11-22 11:07:13'),
 ('SO-00000140','unsettled','2011-11-29 08:33:48'),
 ('SO-00000141','unsettled','2011-11-29 08:37:01'),
 ('SO-00000142','fully paid','2011-11-29 08:39:00'),
 ('SO-00000143','unsettled','2011-11-29 08:50:01'),
 ('SO-00000144','fully paid','2011-11-29 08:54:38'),
 ('SO-00000145','fully paid','2011-11-29 08:58:41'),
 ('SO-00000146','fully paid','2011-11-29 09:03:26'),
 ('SO-00000147','unsettled','2011-11-29 09:05:44'),
 ('SO-00000148','fully paid','2011-11-29 09:10:22'),
 ('SO-00000149','unsettled','2011-11-29 09:20:20'),
 ('SO-0000015','fully paid','2011-11-22 11:31:58'),
 ('SO-00000150','unsettled','2011-11-29 09:27:03'),
 ('SO-00000151','unsettled','2011-11-29 09:32:02'),
 ('SO-00000152','fully paid','2011-11-29 09:36:17'),
 ('SO-00000153','fully paid','2011-11-29 10:18:45'),
 ('SO-00000154','unsettled','2011-11-29 11:56:20'),
 ('SO-00000155','fully paid','2011-11-29 13:16:33'),
 ('SO-00000156','fully paid','2011-11-29 13:48:58'),
 ('SO-00000157','fully paid','2011-11-29 13:53:13'),
 ('SO-00000158','fully paid','2011-11-29 13:55:19'),
 ('SO-00000159','fully paid','2011-11-29 13:59:56'),
 ('SO-0000016','fully paid','2011-11-22 11:45:41'),
 ('SO-00000160','fully paid','2011-11-29 14:02:20'),
 ('SO-00000161','fully paid','2011-11-29 14:03:21'),
 ('SO-00000162','fully paid','2011-11-29 14:10:08'),
 ('SO-00000163','unsettled','2011-11-29 14:16:24'),
 ('SO-00000164','fully paid','2011-11-29 14:17:23'),
 ('SO-00000165','fully paid','2011-11-29 14:18:32'),
 ('SO-00000166','unsettled','2011-11-29 14:18:55'),
 ('SO-00000167','fully paid','2011-11-29 14:19:45'),
 ('SO-00000168','fully paid','2011-11-29 14:20:49'),
 ('SO-00000169','unsettled','2011-11-29 14:21:57'),
 ('SO-0000017','fully paid','2011-11-22 12:16:57'),
 ('SO-00000170','fully paid','2011-11-29 14:32:37'),
 ('SO-00000171','fully paid','2011-11-29 14:35:53'),
 ('SO-00000172','unsettled','2011-11-29 14:38:21'),
 ('SO-00000173','fully paid','2011-11-29 14:43:04'),
 ('SO-00000174','fully paid','2011-11-29 14:45:53'),
 ('SO-00000175','fully paid','2011-11-29 14:54:06'),
 ('SO-00000176','unsettled','2011-11-29 14:59:21'),
 ('SO-00000177','unsettled','2011-11-29 15:22:28'),
 ('SO-0000018','fully paid','2011-11-22 12:24:41'),
 ('SO-0000019','fully paid','2011-11-22 13:37:36'),
 ('SO-000002','unsettled','2011-11-22 08:38:45'),
 ('SO-0000020','unsettled','2011-11-22 13:44:50'),
 ('SO-0000021','unsettled','2011-11-22 14:24:46'),
 ('SO-00000212','unsettled','2011-11-29 20:25:35'),
 ('SO-00000213','fully paid','2011-11-29 20:27:53'),
 ('SO-00000214','fully paid','2011-11-29 20:29:11'),
 ('SO-00000215','unsettled','2011-11-30 08:39:53'),
 ('SO-00000216','unsettled','2011-11-30 08:45:04'),
 ('SO-00000217','fully paid','2011-11-30 08:46:24'),
 ('SO-00000218','fully paid','2011-11-30 08:47:36'),
 ('SO-00000219','unsettled','2011-11-30 08:49:02'),
 ('SO-0000022','fully paid','2011-11-22 14:27:17'),
 ('SO-00000220','fully paid','2011-11-30 08:59:11'),
 ('SO-00000221','unsettled','2011-11-30 09:17:19'),
 ('SO-00000222','unsettled','2011-11-30 09:24:48'),
 ('SO-00000223','unsettled','2011-11-30 09:36:55'),
 ('SO-00000224','unsettled','2011-11-30 09:46:48'),
 ('SO-00000225','unsettled','2011-11-30 10:10:25'),
 ('SO-00000226','unsettled','2011-11-30 14:13:22'),
 ('SO-00000227','unsettled','2011-11-30 14:19:10'),
 ('SO-0000023','fully paid','2011-11-22 18:28:45'),
 ('SO-0000024','fully paid','2011-11-22 18:46:17'),
 ('SO-0000025','unsettled','2011-11-22 18:49:38'),
 ('SO-0000026','fully paid','2011-11-22 18:57:11'),
 ('SO-00000268','fully paid','2011-12-01 08:06:44'),
 ('SO-00000269','fully paid','2011-12-01 08:19:35'),
 ('SO-0000027','fully paid','2011-11-22 19:08:37'),
 ('SO-00000270','fully paid','2011-12-01 08:20:59'),
 ('SO-00000271','fully paid','2011-12-01 08:22:37'),
 ('SO-00000272','unsettled','2011-12-01 08:24:27'),
 ('SO-00000273','unsettled','2011-12-01 08:51:23'),
 ('SO-00000274','fully paid','2011-12-01 08:53:18'),
 ('SO-0000028','unsettled','2011-11-22 19:27:04'),
 ('SO-00000289','fully paid','2011-12-01 09:43:45'),
 ('SO-0000029','unsettled','2011-11-22 19:31:29'),
 ('SO-00000290','unsettled','2011-12-01 09:45:40'),
 ('SO-00000291','unsettled','2011-12-01 09:50:14'),
 ('SO-00000292','unsettled','2011-12-01 09:51:22'),
 ('SO-00000293','unsettled','2011-12-01 09:53:28'),
 ('SO-00000294','unsettled','2011-12-01 09:56:49'),
 ('SO-00000295','unsettled','2011-12-01 09:59:57'),
 ('SO-00000296','fully paid','2011-12-01 10:03:48'),
 ('SO-00000297','fully paid','2011-12-01 10:06:51'),
 ('SO-00000298','fully paid','2011-12-01 11:04:34'),
 ('SO-00000299','unsettled','2011-12-01 11:15:24'),
 ('SO-0000030','fully paid','2011-11-23 10:59:48'),
 ('SO-00000300','fully paid','2011-12-01 11:30:54'),
 ('SO-00000301','unsettled','2011-12-01 12:33:24'),
 ('SO-00000302','unsettled','2011-12-01 12:36:27'),
 ('SO-0000031','fully paid','2011-11-23 11:18:23'),
 ('SO-0000032','unsettled','2011-11-23 11:21:22'),
 ('SO-0000033','fully paid','2011-11-23 12:52:50'),
 ('SO-0000034','fully paid','2011-11-23 12:58:25'),
 ('SO-00000346','fully paid','2011-12-02 09:08:41'),
 ('SO-00000347','unsettled','2011-12-02 13:48:14'),
 ('SO-00000348','fully paid','2011-12-02 13:49:11'),
 ('SO-00000349','fully paid','2011-12-02 13:57:30'),
 ('SO-0000035','fully paid','2011-11-23 13:00:10'),
 ('SO-00000350','unsettled','2011-12-02 14:06:21'),
 ('SO-00000351','unsettled','2011-12-02 14:17:42'),
 ('SO-00000352','fully paid','2011-12-02 14:21:11'),
 ('SO-00000353','fully paid','2011-12-02 14:29:09'),
 ('SO-0000036','fully paid','2011-11-23 13:01:22'),
 ('SO-0000037','fully paid','2011-11-23 13:02:33'),
 ('SO-0000038','unsettled','2011-11-23 13:06:25'),
 ('SO-00000386','fully paid','2011-12-03 09:28:08'),
 ('SO-00000387','fully paid','2011-12-03 10:57:03'),
 ('SO-00000388','fully paid','2011-12-03 13:48:00'),
 ('SO-0000039','fully paid','2011-11-23 13:12:17'),
 ('SO-000004','unsettled','2011-11-22 10:13:12'),
 ('SO-0000040','fully paid','2011-11-23 13:57:16'),
 ('SO-0000041','fully paid','2011-11-23 14:25:49'),
 ('SO-0000042','fully paid','2011-11-23 14:54:25'),
 ('SO-0000043','fully paid','2011-11-23 14:56:40'),
 ('SO-00000431','unsettled','2011-12-04 08:19:21'),
 ('SO-00000433','fully paid','2011-12-04 13:37:48'),
 ('SO-00000434','unsettled','2011-12-05 10:52:14'),
 ('SO-00000435','fully paid','2011-12-05 11:19:03'),
 ('SO-00000436','fully paid','2011-12-05 11:20:24'),
 ('SO-00000437','unsettled','2011-12-05 11:23:29'),
 ('SO-00000438','fully paid','2011-12-05 11:26:03'),
 ('SO-00000439','fully paid','2011-12-05 11:28:41'),
 ('SO-0000044','unsettled','2011-11-23 15:26:09'),
 ('SO-00000440','fully paid','2011-12-05 11:34:17'),
 ('SO-00000441','fully paid','2011-12-05 11:37:19'),
 ('SO-00000442','fully paid','2011-12-05 11:38:26'),
 ('SO-00000443','fully paid','2011-12-05 11:40:26'),
 ('SO-00000444','unsettled','2011-12-05 11:50:18'),
 ('SO-00000445','fully paid','2011-12-05 11:53:40'),
 ('SO-00000446','fully paid','2011-12-05 11:57:14'),
 ('SO-00000447','fully paid','2011-12-05 12:54:11'),
 ('SO-00000448','fully paid','2011-12-05 14:03:23'),
 ('SO-00000449','fully paid','2011-12-05 14:40:41'),
 ('SO-0000045','unsettled','2011-11-24 08:49:09'),
 ('SO-00000450','unsettled','2011-12-05 14:53:53'),
 ('SO-00000451','fully paid','2011-12-05 16:15:01'),
 ('SO-00000452','unsettled','2011-12-05 16:33:28'),
 ('SO-0000046','fully paid','2011-11-24 08:50:54'),
 ('SO-0000047','fully paid','2011-11-24 08:53:18'),
 ('SO-00000477','fully paid','2011-12-06 08:22:55'),
 ('SO-00000479','fully paid','2011-12-06 09:21:29'),
 ('SO-0000048','unsettled','2011-11-24 08:59:44'),
 ('SO-00000480','fully paid','2011-12-06 09:22:46'),
 ('SO-00000481','fully paid','2011-12-06 09:24:51'),
 ('SO-00000482','unsettled','2011-12-06 09:28:41'),
 ('SO-00000483','unsettled','2011-12-06 09:54:16'),
 ('SO-00000484','unsettled','2011-12-06 09:56:10'),
 ('SO-00000485','fully paid','2011-12-06 10:53:27'),
 ('SO-00000486','unsettled','2011-12-06 11:02:30'),
 ('SO-00000487','fully paid','2011-12-06 11:06:21'),
 ('SO-00000488','fully paid','2011-12-06 11:09:57'),
 ('SO-00000489','unsettled','2011-12-06 11:19:26'),
 ('SO-0000049','unsettled','2011-11-24 09:04:33'),
 ('SO-00000490','unsettled','2011-12-06 11:22:53'),
 ('SO-00000491','unsettled','2011-12-06 11:26:13'),
 ('SO-00000492','unsettled','2011-12-06 11:31:28'),
 ('SO-00000493','unsettled','2011-12-06 11:41:29'),
 ('SO-00000494','unsettled','2011-12-06 11:58:30'),
 ('SO-00000495','fully paid','2011-12-06 11:59:01'),
 ('SO-00000496','unsettled','2011-12-06 13:04:58'),
 ('SO-00000497','fully paid','2011-12-06 13:08:57'),
 ('SO-00000498','fully paid','2011-12-06 13:11:34'),
 ('SO-00000499','unsettled','2011-12-06 13:18:57'),
 ('SO-000005','fully paid','2011-11-22 10:16:24'),
 ('SO-0000050','unsettled','2011-11-24 09:10:46'),
 ('SO-00000500','fully paid','2011-12-06 13:39:37'),
 ('SO-00000501','fully paid','2011-12-06 13:40:08'),
 ('SO-00000502','fully paid','2011-12-06 13:40:48'),
 ('SO-00000503','fully paid','2011-12-06 13:42:20'),
 ('SO-00000504','fully paid','2011-12-06 13:43:42'),
 ('SO-00000505','fully paid','2011-12-06 13:44:21'),
 ('SO-00000506','fully paid','2011-12-06 13:50:24'),
 ('SO-00000507','fully paid','2011-12-06 13:52:14'),
 ('SO-00000508','fully paid','2011-12-06 13:52:49'),
 ('SO-00000509','unsettled','2011-12-06 13:54:18'),
 ('SO-0000051','unsettled','2011-11-24 09:42:13'),
 ('SO-00000510','fully paid','2011-12-06 13:55:57'),
 ('SO-00000511','unsettled','2011-12-06 13:56:50'),
 ('SO-00000512','fully paid','2011-12-06 14:00:52'),
 ('SO-00000513','fully paid','2011-12-06 14:03:00'),
 ('SO-00000514','fully paid','2011-12-06 14:24:48'),
 ('SO-00000515','unsettled','2011-12-06 16:38:12'),
 ('SO-0000052','unsettled','2011-11-24 09:45:14'),
 ('SO-00000522','fully paid','2011-12-07 08:31:23'),
 ('SO-00000523','fully paid','2011-12-07 08:33:36'),
 ('SO-00000524','unsettled','2011-12-07 08:36:46'),
 ('SO-00000525','unsettled','2011-12-07 08:38:58'),
 ('SO-00000526','unsettled','2011-12-07 08:39:35'),
 ('SO-00000527','fully paid','2011-12-07 08:42:34'),
 ('SO-00000528','fully paid','2011-12-07 08:44:37'),
 ('SO-00000529','unsettled','2011-12-07 08:50:03'),
 ('SO-0000053','unsettled','2011-11-24 10:01:16'),
 ('SO-00000530','unsettled','2011-12-07 08:51:04'),
 ('SO-00000531','unsettled','2011-12-07 09:21:06'),
 ('SO-00000532','fully paid','2011-12-07 09:24:20'),
 ('SO-00000533','unsettled','2011-12-07 09:52:20'),
 ('SO-00000534','fully paid','2011-12-07 09:54:27'),
 ('SO-00000535','fully paid','2011-12-07 09:54:58'),
 ('SO-00000536','unsettled','2011-12-07 10:23:04'),
 ('SO-00000538','unsettled','2011-12-07 14:08:26'),
 ('SO-00000539','unsettled','2011-12-07 14:09:46'),
 ('SO-0000054','unsettled','2011-11-24 10:11:19'),
 ('SO-00000540','unsettled','2011-12-07 14:42:31'),
 ('SO-00000541','unsettled','2011-12-07 15:34:05'),
 ('SO-00000543','unsettled','2011-12-07 16:25:19'),
 ('SO-00000544','unsettled','2011-12-07 16:32:10'),
 ('SO-00000546','unsettled','2011-12-08 08:37:24'),
 ('SO-00000547','unsettled','2011-12-08 08:47:57'),
 ('SO-00000549','unsettled','2011-12-08 09:06:23'),
 ('SO-0000055','fully paid','2011-11-24 10:57:31'),
 ('SO-00000550','unsettled','2011-12-08 09:07:15'),
 ('SO-00000553','unsettled','2011-12-08 09:45:56'),
 ('SO-00000554','unsettled','2011-12-08 10:46:52'),
 ('SO-00000555','unsettled','2011-12-08 11:40:48'),
 ('SO-00000556','unsettled','2011-12-08 11:57:07'),
 ('SO-00000557','unsettled','2011-12-08 12:18:32'),
 ('SO-00000558','unsettled','2011-12-08 13:59:49'),
 ('SO-0000056','unsettled','2011-11-24 11:26:57'),
 ('SO-00000563','unsettled','2011-12-08 20:31:04'),
 ('SO-0000057','unsettled','2011-11-24 11:51:25'),
 ('SO-00000572','unsettled','2011-12-09 09:01:38'),
 ('SO-00000573','unsettled','2011-12-09 09:06:26'),
 ('SO-00000574','unsettled','2011-12-09 09:10:22'),
 ('SO-00000575','unsettled','2011-12-09 09:12:06'),
 ('SO-00000576','unsettled','2011-12-09 09:15:54'),
 ('SO-00000577','unsettled','2011-12-09 09:18:54'),
 ('SO-00000578','fully paid','2011-12-09 09:25:15'),
 ('SO-00000579','unsettled','2011-12-09 09:30:01'),
 ('SO-0000058','unsettled','2011-11-25 09:43:55'),
 ('SO-00000580','fully paid','2011-12-09 09:32:09'),
 ('SO-00000582','fully paid','2011-12-09 09:49:05'),
 ('SO-00000583','fully paid','2011-12-09 09:50:11'),
 ('SO-00000584','unsettled','2011-12-09 09:52:08'),
 ('SO-00000585','fully paid','2011-12-09 10:06:38'),
 ('SO-00000587','fully paid','2011-12-09 10:47:58'),
 ('SO-00000588','fully paid','2011-12-09 11:10:00'),
 ('SO-00000589','unsettled','2011-12-09 11:16:18'),
 ('SO-0000059','unsettled','2011-11-25 13:46:23'),
 ('SO-00000590','fully paid','2011-12-09 11:22:02'),
 ('SO-00000591','unsettled','2011-12-09 11:24:18'),
 ('SO-00000592','fully paid','2011-12-09 11:29:24'),
 ('SO-00000593','fully paid','2011-12-09 11:33:03'),
 ('SO-00000594','fully paid','2011-12-09 11:40:13'),
 ('SO-00000595','fully paid','2011-12-09 11:41:45'),
 ('SO-00000596','fully paid','2011-12-09 11:46:22'),
 ('SO-00000597','fully paid','2011-12-09 11:48:16'),
 ('SO-00000598','unsettled','2011-12-09 11:50:57'),
 ('SO-00000599','unsettled','2011-12-09 13:24:41'),
 ('SO-000006','unsettled','2011-11-22 10:23:02'),
 ('SO-0000060','unsettled','2011-11-25 13:47:23'),
 ('SO-00000601','unsettled','2011-12-09 13:32:36'),
 ('SO-00000602','unsettled','2011-12-09 13:38:48'),
 ('SO-00000603','fully paid','2011-12-09 13:46:03'),
 ('SO-00000606','unsettled','2011-12-09 16:56:15'),
 ('SO-0000061','fully paid','2011-11-25 13:48:18'),
 ('SO-00000616','unsettled','2011-12-10 10:50:58'),
 ('SO-00000617','unsettled','2011-12-10 11:10:35'),
 ('SO-00000618','unsettled','2011-12-10 13:08:49'),
 ('SO-00000619','unsettled','2011-12-10 13:31:09'),
 ('SO-0000062','unsettled','2011-11-26 08:57:09'),
 ('SO-00000624','unsettled','2011-12-10 16:12:55'),
 ('SO-00000625','unsettled','2011-12-10 16:19:39'),
 ('SO-00000628','unsettled','2011-12-11 10:41:54'),
 ('SO-00000629','unsettled','2011-12-11 11:07:03'),
 ('SO-0000063','unsettled','2011-11-26 08:58:47'),
 ('SO-00000630','fully paid','2011-12-12 08:20:43'),
 ('SO-00000631','fully paid','2011-12-12 08:31:17'),
 ('SO-00000632','fully paid','2011-12-12 08:47:06'),
 ('SO-00000633','unsettled','2011-12-12 09:23:06'),
 ('SO-00000635','unsettled','2011-12-12 10:00:28'),
 ('SO-00000636','fully paid','2011-12-12 10:05:07'),
 ('SO-00000637','unsettled','2011-12-12 10:09:45'),
 ('SO-00000638','unsettled','2011-12-12 10:12:57'),
 ('SO-00000639','fully paid','2011-12-12 10:17:14'),
 ('SO-0000064','fully paid','2011-11-26 09:02:23'),
 ('SO-00000640','fully paid','2011-12-12 10:20:18'),
 ('SO-00000641','unsettled','2011-12-12 10:24:32'),
 ('SO-00000642','fully paid','2011-12-12 10:26:35'),
 ('SO-00000643','fully paid','2011-12-12 10:31:57'),
 ('SO-00000644','unsettled','2011-12-12 11:14:45'),
 ('SO-00000645','unsettled','2011-12-12 11:19:07'),
 ('SO-00000646','unsettled','2011-12-12 11:40:28'),
 ('SO-00000647','unsettled','2011-12-12 11:46:59'),
 ('SO-00000648','unsettled','2011-12-12 12:22:36'),
 ('SO-00000649','unsettled','2011-12-12 13:17:02'),
 ('SO-0000065','fully paid','2011-11-26 09:03:48'),
 ('SO-00000650','fully paid','2011-12-12 13:25:13'),
 ('SO-00000651','fully paid','2011-12-12 13:40:38'),
 ('SO-00000652','fully paid','2011-12-12 13:43:34'),
 ('SO-00000653','unsettled','2011-12-12 14:15:41'),
 ('SO-00000654','unsettled','2011-12-12 15:11:01'),
 ('SO-00000656','unsettled','2011-12-12 17:02:50'),
 ('SO-0000066','fully paid','2011-11-26 09:05:30'),
 ('SO-00000663','unsettled','2011-12-13 08:14:49'),
 ('SO-00000664','unsettled','2011-12-13 09:44:13'),
 ('SO-00000666','unsettled','2011-12-13 10:00:07'),
 ('SO-00000667','unsettled','2011-12-13 10:01:21'),
 ('SO-00000668','unsettled','2011-12-13 10:09:21'),
 ('SO-00000669','unsettled','2011-12-13 10:13:43'),
 ('SO-0000067','fully paid','2011-11-26 09:09:16'),
 ('SO-00000670','unsettled','2011-12-13 10:16:19'),
 ('SO-00000671','unsettled','2011-12-13 10:19:03'),
 ('SO-00000672','unsettled','2011-12-13 10:20:51'),
 ('SO-00000673','unsettled','2011-12-13 10:25:36'),
 ('SO-00000674','unsettled','2011-12-13 10:28:16'),
 ('SO-00000675','unsettled','2011-12-13 10:40:44'),
 ('SO-00000676','unsettled','2011-12-13 10:59:46'),
 ('SO-00000677','unsettled','2011-12-13 11:46:27'),
 ('SO-00000678','unsettled','2011-12-13 11:50:43'),
 ('SO-00000679','unsettled','2011-12-13 11:58:31'),
 ('SO-0000068','unsettled','2011-11-26 09:11:15'),
 ('SO-00000680','unsettled','2011-12-13 12:03:43'),
 ('SO-00000681','unsettled','2011-12-13 12:13:39'),
 ('SO-00000682','unsettled','2011-12-13 12:22:56'),
 ('SO-00000683','unsettled','2011-12-13 12:33:30'),
 ('SO-00000684','unsettled','2011-12-13 12:37:25'),
 ('SO-00000685','unsettled','2011-12-13 12:39:30'),
 ('SO-00000686','unsettled','2011-12-13 12:44:09'),
 ('SO-00000687','unsettled','2011-12-13 13:38:03'),
 ('SO-00000688','unsettled','2011-12-13 13:50:20'),
 ('SO-00000689','unsettled','2011-12-13 14:52:59'),
 ('SO-0000069','fully paid','2011-11-26 09:12:27'),
 ('SO-00000695','unsettled','2011-12-14 08:28:12'),
 ('SO-00000696','unsettled','2011-12-14 08:43:40'),
 ('SO-00000697','unsettled','2011-12-14 08:55:24'),
 ('SO-00000698','unsettled','2011-12-14 09:15:21'),
 ('SO-00000699','unsettled','2011-12-14 09:24:07'),
 ('SO-000007','fully paid','2011-11-22 10:26:08'),
 ('SO-0000070','unsettled','2011-11-26 09:18:51'),
 ('SO-00000700','unsettled','2011-12-14 09:27:55'),
 ('SO-0000071','fully paid','2011-11-26 09:20:17'),
 ('SO-0000072','fully paid','2011-11-26 09:22:27'),
 ('SO-0000073','fully paid','2011-11-26 11:21:32'),
 ('SO-0000074','fully paid','2011-11-26 14:22:23'),
 ('SO-0000076','fully paid','2011-11-28 08:50:14'),
 ('SO-0000077','fully paid','2011-11-28 10:08:11'),
 ('SO-0000078','unsettled','2011-11-28 12:11:15'),
 ('SO-000008','unsettled','2011-11-22 10:27:48'),
 ('SO-000009','fully paid','2011-11-22 10:40:56'),
 ('SO-0000097','fully paid','2011-11-28 13:37:10'),
 ('SO-0000098','unsettled','2011-11-28 13:43:02'),
 ('SO-0000099','fully paid','2011-11-28 13:44:13');
/*!40000 ALTER TABLE `account_receivable` ENABLE KEYS */;


--
-- Definition of table `account_recievable_cart`
--

DROP TABLE IF EXISTS `account_recievable_cart`;
CREATE TABLE `account_recievable_cart` (
  `acount_recievable_cart_id` int(10) unsigned NOT NULL AUTO_INCREMENT,
  `item_code` varchar(45) NOT NULL,
  `qty` int(10) unsigned NOT NULL,
  `customer_type` varchar(45) NOT NULL,
  `acount_recievable_cart_date` datetime NOT NULL,
  `price` double(2,2) NOT NULL,
  `total_price` double(2,2) NOT NULL,
  `discount_amount` double(2,2) NOT NULL,
  PRIMARY KEY (`acount_recievable_cart_id`)
) ENGINE=InnoDB DEFAULT CHARSET=latin1;

--
-- Dumping data for table `account_recievable_cart`
--

/*!40000 ALTER TABLE `account_recievable_cart` DISABLE KEYS */;
/*!40000 ALTER TABLE `account_recievable_cart` ENABLE KEYS */;


--
-- Definition of table `account_recievable_payments`
--

DROP TABLE IF EXISTS `account_recievable_payments`;
CREATE TABLE `account_recievable_payments` (
  `account_recievable_id` int(10) unsigned NOT NULL DEFAULT '0',
  `payment_id` int(10) unsigned DEFAULT NULL,
  PRIMARY KEY (`account_recievable_id`)
) ENGINE=InnoDB DEFAULT CHARSET=latin1;

--
-- Dumping data for table `account_recievable_payments`
--

/*!40000 ALTER TABLE `account_recievable_payments` DISABLE KEYS */;
/*!40000 ALTER TABLE `account_recievable_payments` ENABLE KEYS */;


--
-- Definition of table `account_recievable_to_account_recievable_cart`
--

DROP TABLE IF EXISTS `account_recievable_to_account_recievable_cart`;
CREATE TABLE `account_recievable_to_account_recievable_cart` (
  `account_recievable_id` int(10) unsigned NOT NULL AUTO_INCREMENT,
  `id` int(10) unsigned NOT NULL,
  PRIMARY KEY (`account_recievable_id`)
) ENGINE=InnoDB DEFAULT CHARSET=latin1;

--
-- Dumping data for table `account_recievable_to_account_recievable_cart`
--

/*!40000 ALTER TABLE `account_recievable_to_account_recievable_cart` DISABLE KEYS */;
/*!40000 ALTER TABLE `account_recievable_to_account_recievable_cart` ENABLE KEYS */;


--
-- Definition of table `agent`
--

DROP TABLE IF EXISTS `agent`;
CREATE TABLE `agent` (
  `agent_id` int(10) unsigned NOT NULL AUTO_INCREMENT,
  `Name` varchar(45) NOT NULL,
  `Mobile` varchar(45) DEFAULT NULL,
  `address` varchar(100) DEFAULT NULL,
  PRIMARY KEY (`agent_id`) USING BTREE
) ENGINE=InnoDB AUTO_INCREMENT=7 DEFAULT CHARSET=latin1;

--
-- Dumping data for table `agent`
--

/*!40000 ALTER TABLE `agent` DISABLE KEYS */;
INSERT INTO `agent` (`agent_id`,`Name`,`Mobile`,`address`) VALUES 
 (1,'Nic Lomocso','09129720502','Bilar'),
 (2,'Ronilo Lopiseros','09183395029','ad'),
 (3,'Dario Medina','09286321347','adr'),
 (4,'Robert Idulza','09125387404','Bilar'),
 (5,'Jerson Samuya','09494063344','San Isidro'),
 (6,'NONE','','');
/*!40000 ALTER TABLE `agent` ENABLE KEYS */;


--
-- Definition of table `agent_customers`
--

DROP TABLE IF EXISTS `agent_customers`;
CREATE TABLE `agent_customers` (
  `agent_id` int(10) unsigned DEFAULT NULL,
  `customers_id` int(10) unsigned DEFAULT NULL
) ENGINE=InnoDB DEFAULT CHARSET=latin1;

--
-- Dumping data for table `agent_customers`
--

/*!40000 ALTER TABLE `agent_customers` DISABLE KEYS */;
INSERT INTO `agent_customers` (`agent_id`,`customers_id`) VALUES 
 (1,24),
 (1,9),
 (1,5),
 (3,6),
 (1,8),
 (1,10),
 (1,11),
 (1,12),
 (4,13),
 (1,14),
 (3,15),
 (2,16),
 (1,17),
 (1,18),
 (1,19),
 (1,20),
 (1,21),
 (1,22),
 (1,23),
 (5,25),
 (1,26),
 (1,27),
 (2,29),
 (1,31),
 (1,32),
 (1,33),
 (1,34),
 (3,35),
 (2,36),
 (1,37),
 (1,38),
 (1,40),
 (1,41),
 (1,42),
 (1,43),
 (1,44),
 (3,45),
 (3,46),
 (5,47),
 (5,48),
 (1,49),
 (1,50),
 (1,51),
 (1,52),
 (1,53),
 (1,54),
 (1,55),
 (5,56),
 (5,57),
 (1,58),
 (1,59),
 (1,60),
 (1,61),
 (1,62),
 (1,63),
 (1,64),
 (1,65),
 (1,66),
 (1,67),
 (1,68),
 (1,69),
 (1,70),
 (1,71),
 (1,73),
 (3,74),
 (1,75),
 (1,76),
 (1,77),
 (2,78),
 (3,79),
 (1,80),
 (1,81),
 (1,82),
 (1,83),
 (3,84),
 (3,85),
 (3,86),
 (2,87),
 (3,88),
 (3,90),
 (1,91),
 (1,92),
 (3,93),
 (2,94),
 (1,95),
 (1,96),
 (1,97),
 (3,98),
 (3,99),
 (1,100),
 (3,101),
 (1,102),
 (1,103),
 (3,3),
 (1,104),
 (1,105),
 (1,106),
 (1,106),
 (1,107),
 (1,108),
 (3,110),
 (1,111),
 (3,112),
 (1,113),
 (2,114),
 (2,115),
 (3,117),
 (1,28),
 (3,119),
 (3,120),
 (1,121),
 (1,118),
 (1,39),
 (4,122),
 (4,123),
 (1,125),
 (1,126),
 (1,127),
 (1,128),
 (1,129),
 (2,130),
 (3,131),
 (3,132),
 (1,133),
 (1,134),
 (1,135),
 (1,168),
 (1,169),
 (1,208),
 (1,89),
 (1,222),
 (1,336),
 (3,359),
 (3,360),
 (1,4),
 (1,7),
 (1,109),
 (1,116),
 (1,72),
 (1,367),
 (1,369),
 (1,370),
 (1,371),
 (1,372),
 (3,374),
 (1,375),
 (1,376),
 (1,379),
 (4,387),
 (4,388),
 (1,124),
 (1,389),
 (1,390),
 (1,391),
 (1,392),
 (1,393),
 (1,405),
 (1,408),
 (1,412),
 (1,420),
 (2,421);
/*!40000 ALTER TABLE `agent_customers` ENABLE KEYS */;


--
-- Definition of table `cart`
--

DROP TABLE IF EXISTS `cart`;
CREATE TABLE `cart` (
  `cart_id` int(10) unsigned NOT NULL AUTO_INCREMENT,
  `item_code` varchar(45) NOT NULL,
  `qty` int(10) unsigned NOT NULL,
  `customer_type` varchar(45) NOT NULL,
  `cart_date` datetime NOT NULL,
  `price` double(2,2) NOT NULL,
  `total_price` double(2,2) NOT NULL,
  `discount` varchar(45) NOT NULL,
  `discount_amount` double(2,2) NOT NULL,
  PRIMARY KEY (`cart_id`)
) ENGINE=InnoDB DEFAULT CHARSET=latin1;

--
-- Dumping data for table `cart`
--

/*!40000 ALTER TABLE `cart` DISABLE KEYS */;
/*!40000 ALTER TABLE `cart` ENABLE KEYS */;


--
-- Definition of table `cod`
--

DROP TABLE IF EXISTS `cod`;
CREATE TABLE `cod` (
  `sales_order_no` varchar(45) NOT NULL DEFAULT '0',
  `remarks` varchar(45) DEFAULT NULL,
  `date` datetime DEFAULT NULL,
  PRIMARY KEY (`sales_order_no`)
) ENGINE=InnoDB DEFAULT CHARSET=latin1;

--
-- Dumping data for table `cod`
--

/*!40000 ALTER TABLE `cod` DISABLE KEYS */;
INSERT INTO `cod` (`sales_order_no`,`remarks`,`date`) VALUES 
 ('SO-00000107','','2011-11-28 15:04:31'),
 ('SO-00000108','','2011-11-28 15:05:11'),
 ('SO-00000109','','2011-11-28 15:06:05'),
 ('SO-00000110','','2011-11-28 15:06:47'),
 ('SO-00000111','','2011-11-28 15:10:53'),
 ('SO-00000112','','2011-11-28 15:13:50'),
 ('SO-00000113','','2011-11-28 15:14:31'),
 ('SO-00000115','','2011-11-28 16:14:38'),
 ('SO-00000116','','2011-11-28 16:17:18'),
 ('SO-00000117','','2011-11-28 16:18:49'),
 ('SO-00000118','','2011-11-28 16:19:21'),
 ('SO-00000119','','2011-11-28 16:21:25'),
 ('SO-00000120','','2011-11-28 16:22:17'),
 ('SO-00000121','','2011-11-28 16:23:50'),
 ('SO-00000122','','2011-11-28 16:30:01'),
 ('SO-00000123','','2011-11-28 16:31:02'),
 ('SO-00000124','','2011-11-28 16:32:11'),
 ('SO-00000125','','2011-11-28 16:33:48'),
 ('SO-00000126','','2011-11-28 17:48:54'),
 ('SO-00000127','','2011-11-28 17:49:45'),
 ('SO-00000128','','2011-11-28 17:57:13'),
 ('SO-00000129','','2011-11-28 17:57:41'),
 ('SO-00000130','','2011-11-28 17:58:19'),
 ('SO-00000131','','2011-11-28 17:58:43'),
 ('SO-00000132','','2011-11-28 17:59:07'),
 ('SO-00000133','','2011-11-28 19:53:28'),
 ('SO-00000178','','2011-11-29 19:36:43'),
 ('SO-00000179','','2011-11-29 19:37:17'),
 ('SO-00000180','','2011-11-29 19:37:56'),
 ('SO-00000181','','2011-11-29 19:38:24'),
 ('SO-00000182','','2011-11-29 19:39:34'),
 ('SO-00000183','','2011-11-29 19:45:14'),
 ('SO-00000184','','2011-11-29 19:45:52'),
 ('SO-00000185','','2011-11-29 19:46:24'),
 ('SO-00000186','','2011-11-29 19:47:41'),
 ('SO-00000187','','2011-11-29 19:48:38'),
 ('SO-00000188','','2011-11-29 19:51:40'),
 ('SO-00000189','','2011-11-29 19:52:10'),
 ('SO-00000190','','2011-11-29 19:52:57'),
 ('SO-00000191','','2011-11-29 19:53:29'),
 ('SO-00000192','','2011-11-29 19:54:44'),
 ('SO-00000193','','2011-11-29 19:55:38'),
 ('SO-00000194','','2011-11-29 19:57:22'),
 ('SO-00000195','','2011-11-29 19:57:55'),
 ('SO-00000196','','2011-11-29 19:58:32'),
 ('SO-00000197','','2011-11-29 19:59:06'),
 ('SO-00000198','','2011-11-29 19:59:35'),
 ('SO-00000199','','2011-11-29 20:01:37'),
 ('SO-00000200','','2011-11-29 20:02:53'),
 ('SO-00000201','','2011-11-29 20:03:54'),
 ('SO-00000202','','2011-11-29 20:04:41'),
 ('SO-00000203','','2011-11-29 20:06:28'),
 ('SO-00000204','','2011-11-29 20:06:58'),
 ('SO-00000205','','2011-11-29 20:07:32'),
 ('SO-00000206','','2011-11-29 20:08:07'),
 ('SO-00000207','','2011-11-29 20:08:31'),
 ('SO-00000208','','2011-11-29 20:09:03'),
 ('SO-00000209','','2011-11-29 20:09:43'),
 ('SO-00000210','','2011-11-29 20:10:29'),
 ('SO-00000211','','2011-11-29 20:11:43'),
 ('SO-00000228','','2011-11-30 14:27:09'),
 ('SO-00000229','','2011-11-30 14:27:53'),
 ('SO-00000230','','2011-11-30 14:29:11'),
 ('SO-00000231','','2011-11-30 14:30:16'),
 ('SO-00000232','','2011-11-30 14:34:44'),
 ('SO-00000233','','2011-11-30 14:56:18'),
 ('SO-00000234','','2011-11-30 14:56:58'),
 ('SO-00000235','','2011-11-30 19:19:14'),
 ('SO-00000236','','2011-11-30 19:20:02'),
 ('SO-00000237','','2011-11-30 19:20:32'),
 ('SO-00000238','','2011-11-30 19:22:42'),
 ('SO-00000239','','2011-11-30 19:23:07'),
 ('SO-00000240','','2011-11-30 19:23:49'),
 ('SO-00000241','','2011-11-30 19:24:48'),
 ('SO-00000242','','2011-11-30 19:25:12'),
 ('SO-00000243','','2011-11-30 19:25:43'),
 ('SO-00000244','','2011-11-30 19:26:29'),
 ('SO-00000245','','2011-11-30 19:27:38'),
 ('SO-00000246','','2011-11-30 19:28:08'),
 ('SO-00000247','','2011-11-30 19:28:48'),
 ('SO-00000248','','2011-11-30 19:29:12'),
 ('SO-00000249','','2011-11-30 19:32:03'),
 ('SO-00000250','','2011-11-30 19:32:28'),
 ('SO-00000251','','2011-11-30 19:33:44'),
 ('SO-00000252','','2011-11-30 19:34:09'),
 ('SO-00000253','','2011-11-30 19:34:53'),
 ('SO-00000254','','2011-11-30 19:35:15'),
 ('SO-00000255','','2011-11-30 19:35:47'),
 ('SO-00000256','','2011-11-30 19:37:24'),
 ('SO-00000257','','2011-11-30 19:37:53'),
 ('SO-00000258','','2011-11-30 19:38:17'),
 ('SO-00000259','','2011-11-30 19:38:53'),
 ('SO-00000260','','2011-11-30 19:39:39'),
 ('SO-00000261','','2011-11-30 19:40:09'),
 ('SO-00000262','','2011-11-30 19:40:36'),
 ('SO-00000263','','2011-11-30 19:41:01'),
 ('SO-00000264','','2011-11-30 19:41:25'),
 ('SO-00000265','','2011-11-30 19:41:54'),
 ('SO-00000266','','2011-11-30 19:42:33'),
 ('SO-00000267','','2011-11-30 19:44:45'),
 ('SO-00000275','','2011-12-01 09:15:26'),
 ('SO-00000276','','2011-12-01 09:15:53'),
 ('SO-00000277','','2011-12-01 09:17:10'),
 ('SO-00000278','','2011-12-01 09:17:44'),
 ('SO-00000279','','2011-12-01 09:18:39'),
 ('SO-00000280','','2011-12-01 09:19:03'),
 ('SO-00000281','','2011-12-01 09:20:12'),
 ('SO-00000282','','2011-12-01 09:21:31'),
 ('SO-00000283','','2011-12-01 09:22:12'),
 ('SO-00000284','','2011-12-01 09:23:28'),
 ('SO-00000285','','2011-12-01 09:24:38'),
 ('SO-00000286','','2011-12-01 09:25:28'),
 ('SO-00000287','','2011-12-01 09:25:55'),
 ('SO-00000288','','2011-12-01 09:26:42'),
 ('SO-00000303','','2011-12-01 13:09:56'),
 ('SO-00000304','','2011-12-01 13:12:49'),
 ('SO-00000305','','2011-12-01 14:44:44'),
 ('SO-00000306','','2011-12-01 14:45:37'),
 ('SO-00000307','','2011-12-01 14:46:05'),
 ('SO-00000308','','2011-12-01 14:47:36'),
 ('SO-00000309','','2011-12-01 14:48:34'),
 ('SO-00000310','','2011-12-01 14:49:07'),
 ('SO-00000311','','2011-12-01 15:18:34'),
 ('SO-00000312','','2011-12-01 16:10:10'),
 ('SO-00000313','','2011-12-01 16:11:40'),
 ('SO-00000314','','2011-12-01 16:12:07'),
 ('SO-00000315','','2011-12-01 16:12:41'),
 ('SO-00000316','','2011-12-01 16:13:27'),
 ('SO-00000317','','2011-12-01 16:13:51'),
 ('SO-00000318','','2011-12-01 16:14:29'),
 ('SO-00000319','','2011-12-01 16:15:05'),
 ('SO-00000320','','2011-12-01 16:16:11'),
 ('SO-00000321','','2011-12-01 16:17:17'),
 ('SO-00000322','','2011-12-01 16:18:50'),
 ('SO-00000323','','2011-12-01 16:19:33'),
 ('SO-00000324','','2011-12-01 16:25:05'),
 ('SO-00000325','','2011-12-01 16:26:38'),
 ('SO-00000326','','2011-12-01 16:29:00'),
 ('SO-00000327','','2011-12-01 16:30:17'),
 ('SO-00000328','','2011-12-01 16:30:39'),
 ('SO-00000329','','2011-12-01 16:32:09'),
 ('SO-00000330','','2011-12-01 16:33:30'),
 ('SO-00000331','','2011-12-01 16:34:17'),
 ('SO-00000332','','2011-12-01 16:35:42'),
 ('SO-00000333','','2011-12-01 16:41:21'),
 ('SO-00000334','','2011-12-01 16:41:45'),
 ('SO-00000335','','2011-12-01 16:42:50'),
 ('SO-00000336','','2011-12-01 16:43:17'),
 ('SO-00000337','','2011-12-01 16:44:02'),
 ('SO-00000338','','2011-12-01 18:14:13'),
 ('SO-00000339','','2011-12-01 18:15:16'),
 ('SO-00000340','','2011-12-01 18:15:39'),
 ('SO-00000341','','2011-12-01 18:16:53'),
 ('SO-00000342','','2011-12-01 18:17:18'),
 ('SO-00000343','','2011-12-01 18:17:41'),
 ('SO-00000344','','2011-12-01 18:18:46'),
 ('SO-00000345','','2011-12-01 18:19:26'),
 ('SO-00000354','','2011-12-02 18:45:01'),
 ('SO-00000355','','2011-12-02 18:46:03'),
 ('SO-00000356','','2011-12-02 18:46:44'),
 ('SO-00000357','','2011-12-02 18:47:13'),
 ('SO-00000358','','2011-12-02 18:48:50'),
 ('SO-00000359','','2011-12-02 18:49:11'),
 ('SO-00000360','','2011-12-02 18:49:48'),
 ('SO-00000361','','2011-12-02 18:50:17'),
 ('SO-00000362','','2011-12-02 18:51:06'),
 ('SO-00000363','','2011-12-02 18:51:57'),
 ('SO-00000364','','2011-12-02 18:53:03'),
 ('SO-00000365','','2011-12-02 18:54:19'),
 ('SO-00000366','','2011-12-02 18:55:52'),
 ('SO-00000367','','2011-12-02 18:56:25'),
 ('SO-00000368','','2011-12-02 19:03:48'),
 ('SO-00000369','','2011-12-02 19:04:38'),
 ('SO-00000370','','2011-12-02 19:05:23'),
 ('SO-00000371','','2011-12-02 19:05:51'),
 ('SO-00000372','','2011-12-02 19:06:15'),
 ('SO-00000373','','2011-12-02 19:06:52'),
 ('SO-00000374','','2011-12-02 19:07:12'),
 ('SO-00000375','','2011-12-02 19:07:40'),
 ('SO-00000376','','2011-12-02 19:08:15'),
 ('SO-00000377','','2011-12-02 19:08:38'),
 ('SO-00000378','','2011-12-02 19:09:33'),
 ('SO-00000379','','2011-12-02 19:10:20'),
 ('SO-00000380','','2011-12-02 19:10:44'),
 ('SO-00000381','','2011-12-02 19:11:32'),
 ('SO-00000382','','2011-12-02 19:11:57'),
 ('SO-00000383','','2011-12-02 19:12:37'),
 ('SO-00000384','','2011-12-02 19:13:18'),
 ('SO-00000385','','2011-12-02 19:13:59'),
 ('SO-00000389','','2011-12-03 18:19:08'),
 ('SO-00000390','','2011-12-03 18:40:29'),
 ('SO-00000391','','2011-12-03 18:42:09'),
 ('SO-00000392','','2011-12-03 18:43:06'),
 ('SO-00000393','','2011-12-03 18:48:00'),
 ('SO-00000394','','2011-12-03 18:48:46'),
 ('SO-00000395','','2011-12-03 18:49:30'),
 ('SO-00000396','','2011-12-03 18:50:37'),
 ('SO-00000397','','2011-12-03 18:51:41'),
 ('SO-00000398','','2011-12-03 18:52:13'),
 ('SO-00000399','','2011-12-03 18:52:52'),
 ('SO-00000400','','2011-12-03 18:53:27'),
 ('SO-00000401','','2011-12-03 18:54:02'),
 ('SO-00000402','','2011-12-03 18:55:21'),
 ('SO-00000403','','2011-12-03 18:56:59'),
 ('SO-00000404','','2011-12-03 18:57:44'),
 ('SO-00000405','','2011-12-03 18:58:20'),
 ('SO-00000406','','2011-12-03 18:59:02'),
 ('SO-00000407','','2011-12-03 18:59:30'),
 ('SO-00000408','','2011-12-03 19:01:05'),
 ('SO-00000409','','2011-12-03 19:02:34'),
 ('SO-00000410','','2011-12-03 19:03:00'),
 ('SO-00000411','','2011-12-03 19:03:38'),
 ('SO-00000412','','2011-12-03 19:04:35'),
 ('SO-00000413','','2011-12-03 19:42:52'),
 ('SO-00000414','','2011-12-03 19:43:25'),
 ('SO-00000415','','2011-12-03 19:44:00'),
 ('SO-00000416','','2011-12-03 19:44:46'),
 ('SO-00000417','','2011-12-03 19:46:03'),
 ('SO-00000418','','2011-12-03 19:46:32'),
 ('SO-00000419','','2011-12-03 19:46:50'),
 ('SO-00000420','','2011-12-03 19:48:44'),
 ('SO-00000421','','2011-12-03 19:49:47'),
 ('SO-00000422','','2011-12-03 19:52:58'),
 ('SO-00000423','','2011-12-03 19:53:49'),
 ('SO-00000424','','2011-12-03 19:54:32'),
 ('SO-00000425','','2011-12-03 19:55:13'),
 ('SO-00000426','','2011-12-03 19:55:45'),
 ('SO-00000427','','2011-12-03 19:56:12'),
 ('SO-00000428','','2011-12-03 19:57:33'),
 ('SO-00000429','','2011-12-03 19:58:12'),
 ('SO-00000430','','2011-12-03 19:58:34'),
 ('SO-00000432','','2011-12-04 08:35:33'),
 ('SO-00000453','','2011-12-05 19:20:57'),
 ('SO-00000454','','2011-12-05 19:24:01'),
 ('SO-00000455','','2011-12-05 19:25:21'),
 ('SO-00000456','','2011-12-05 19:27:37'),
 ('SO-00000457','','2011-12-05 19:28:24'),
 ('SO-00000458','','2011-12-05 19:28:50'),
 ('SO-00000459','','2011-12-05 19:31:59'),
 ('SO-00000460','','2011-12-05 19:33:45'),
 ('SO-00000461','','2011-12-05 19:34:17'),
 ('SO-00000462','','2011-12-05 19:35:50'),
 ('SO-00000463','','2011-12-05 19:37:10'),
 ('SO-00000464','','2011-12-05 19:40:29'),
 ('SO-00000465','','2011-12-05 19:45:31'),
 ('SO-00000466','','2011-12-05 19:46:13'),
 ('SO-00000467','','2011-12-05 19:46:56'),
 ('SO-00000468','','2011-12-05 19:48:06'),
 ('SO-00000469','','2011-12-05 19:48:43'),
 ('SO-00000470','','2011-12-05 19:49:49'),
 ('SO-00000471','','2011-12-05 19:50:41'),
 ('SO-00000472','','2011-12-05 19:51:27'),
 ('SO-00000473','','2011-12-05 19:53:52'),
 ('SO-00000474','','2011-12-05 19:54:20'),
 ('SO-00000475','','2011-12-05 19:56:57'),
 ('SO-00000476','','2011-12-05 20:04:28'),
 ('SO-00000478','','2011-12-06 08:51:32'),
 ('SO-00000516','','2011-12-06 18:17:24'),
 ('SO-00000517','','2011-12-06 18:18:14'),
 ('SO-00000518','','2011-12-06 18:18:52'),
 ('SO-00000519','','2011-12-06 18:19:27'),
 ('SO-00000520','','2011-12-06 18:22:20'),
 ('SO-00000521','','2011-12-06 18:28:17'),
 ('SO-00000537','','2011-12-07 13:25:29'),
 ('SO-00000542','','2011-12-07 15:53:59'),
 ('SO-00000545','','2011-12-07 17:48:18'),
 ('SO-00000548','','2011-12-08 08:57:06'),
 ('SO-00000551','','2011-12-08 09:17:38'),
 ('SO-00000552','','2011-12-08 09:21:53'),
 ('SO-00000559','','2011-12-08 20:14:46'),
 ('SO-00000560','','2011-12-08 20:16:54'),
 ('SO-00000561','','2011-12-08 20:19:08'),
 ('SO-00000562','','2011-12-08 20:23:27'),
 ('SO-00000564','','2011-12-08 20:36:52'),
 ('SO-00000565','','2011-12-08 20:38:12'),
 ('SO-00000566','','2011-12-08 20:40:13'),
 ('SO-00000567','','2011-12-08 20:41:40'),
 ('SO-00000568','','2011-12-08 20:46:55'),
 ('SO-00000569','','2011-12-08 20:49:54'),
 ('SO-00000570','','2011-12-08 20:51:18'),
 ('SO-00000571','','2011-12-08 20:52:46'),
 ('SO-00000581','','2011-12-09 09:45:08'),
 ('SO-00000586','','2011-12-09 10:39:28'),
 ('SO-00000600','','2011-12-09 13:28:48'),
 ('SO-00000604','','2011-12-09 16:09:37'),
 ('SO-00000605','','2011-12-09 16:12:45'),
 ('SO-00000607','','2011-12-09 17:23:18'),
 ('SO-00000608','','2011-12-09 17:24:32'),
 ('SO-00000609','','2011-12-09 18:09:26'),
 ('SO-00000610','','2011-12-09 18:12:03'),
 ('SO-00000611','','2011-12-09 18:17:18'),
 ('SO-00000612','','2011-12-09 18:19:42'),
 ('SO-00000613','','2011-12-09 19:37:04'),
 ('SO-00000614','','2011-12-09 19:40:18'),
 ('SO-00000615','','2011-12-10 09:11:44'),
 ('SO-00000620','','2011-12-10 14:29:48'),
 ('SO-00000621','','2011-12-10 14:41:17'),
 ('SO-00000622','','2011-12-10 14:47:14'),
 ('SO-00000623','','2011-12-10 14:51:16'),
 ('SO-00000626','','2011-12-10 18:28:22'),
 ('SO-00000627','','2011-12-10 18:33:42'),
 ('SO-00000634','','2011-12-12 09:55:28'),
 ('SO-00000655','','2011-12-12 16:35:27'),
 ('SO-00000657','','2011-12-12 17:21:33'),
 ('SO-00000658','','2011-12-12 17:23:44'),
 ('SO-00000659','','2011-12-12 17:53:20'),
 ('SO-00000660','','2011-12-12 17:55:47'),
 ('SO-00000661','','2011-12-12 18:02:38'),
 ('SO-00000662','','2011-12-12 19:43:58'),
 ('SO-00000665','','2011-12-13 09:56:49'),
 ('SO-00000690','','2011-12-13 16:38:30'),
 ('SO-00000691','','2011-12-13 16:45:41'),
 ('SO-00000692','','2011-12-13 16:46:21'),
 ('SO-00000693','','2011-12-13 19:34:04'),
 ('SO-00000694','','2011-12-13 19:34:44'),
 ('SO-0000075','','2011-11-28 08:37:59'),
 ('SO-0000079','','2011-11-28 13:13:36'),
 ('SO-0000080','','2011-11-28 13:14:13'),
 ('SO-0000081','','2011-11-28 13:15:42'),
 ('SO-0000082','','2011-11-28 13:17:12'),
 ('SO-0000083','','2011-11-28 13:18:31'),
 ('SO-0000084','','2011-11-28 13:19:15'),
 ('SO-0000085','','2011-11-28 13:19:59'),
 ('SO-0000086','','2011-11-28 13:22:32'),
 ('SO-0000087','','2011-11-28 13:23:04'),
 ('SO-0000088','','2011-11-28 13:23:56'),
 ('SO-0000089','','2011-11-28 13:24:47'),
 ('SO-0000090','','2011-11-28 13:27:03'),
 ('SO-0000091','','2011-11-28 13:29:30'),
 ('SO-0000092','','2011-11-28 13:31:44'),
 ('SO-0000093','','2011-11-28 13:32:20'),
 ('SO-0000094','','2011-11-28 13:32:54'),
 ('SO-0000095','','2011-11-28 13:34:05'),
 ('SO-0000096','','2011-11-28 13:36:32');
/*!40000 ALTER TABLE `cod` ENABLE KEYS */;


--
-- Definition of table `customers`
--

DROP TABLE IF EXISTS `customers`;
CREATE TABLE `customers` (
  `customers_id` int(10) unsigned NOT NULL AUTO_INCREMENT,
  `customers_name` varchar(45) DEFAULT NULL,
  `customers_add` varchar(45) DEFAULT NULL,
  `customers_number` varchar(45) DEFAULT NULL,
  `dealers_type` varchar(45) DEFAULT 'dealer',
  `credit_limit` double(10,2) DEFAULT NULL,
  PRIMARY KEY (`customers_id`) USING BTREE
) ENGINE=InnoDB AUTO_INCREMENT=427 DEFAULT CHARSET=latin1;

--
-- Dumping data for table `customers`
--

/*!40000 ALTER TABLE `customers` DISABLE KEYS */;
INSERT INTO `customers` (`customers_id`,`customers_name`,`customers_add`,`customers_number`,`dealers_type`,`credit_limit`) VALUES 
 (3,'ALVIN CRECENCIO','Talibon','','dealer',NULL),
 (4,'ANDRES ARONG ( R.P )','Ubay','','dealer',NULL),
 (5,'ANITA CAñADA ','Tubigon','','dealer',NULL),
 (6,'ANNIE APARRE','Inabanga','','dealer',NULL),
 (7,'ARLENE CELIS','Inabanga','','dealer',NULL),
 (8,'ASTER GALOLA','Tubigon','','dealer',NULL),
 (9,'BALOY BLANTUCAS','Tubigon','','dealer',NULL),
 (10,'BEBETH BARROSA','Tubigon','','dealer',NULL),
 (11,'BEN GABLINES ','Calape','','dealer',NULL),
 (12,'BENETH RASONABE ','Calape','','dealer',NULL),
 (14,'BISU ','Calape','','consumer',NULL),
 (15,'BOY CAPIO','Inabanga','','dealer',NULL),
 (16,'CABANDOS','Trinidad','','dealer',NULL),
 (17,'CARLITA','Calape','','dealer',NULL),
 (18,'CHE CHE HILARYO','Calape','','dealer',NULL),
 (19,'CHRISTINE SIA','Calape','','consumer',NULL),
 (20,'CITA MELIJOR','Tubigon','','dealer',NULL),
 (21,'CONCHING TAYABAS','Calape','','dealer',5000.00),
 (22,'CONSOL ROUTA','Cabilao','','dealer',NULL),
 (23,'CORBITA','Catagbacan','','dealer',NULL),
 (24,'CRISLYN STORE','Clarin','','dealer',NULL),
 (25,'CRISDA AGRIVET','Sagbayan','','dealer',NULL),
 (26,'DADIE','Tubigon','','dealer',NULL),
 (27,'DANSOY','Calape','','dealer',NULL),
 (28,'D.A. TALIBON','Talibon','','dealer',NULL),
 (29,'DK ENTERPRISES','Ubay','','dealer',NULL),
 (31,'EDWIN DE VERA','Tubigon','','dealer',NULL),
 (32,'ELSIE REGALADO','Calape','','dealer',NULL),
 (33,'ELY MARIVELES','Tubigon','','dealer',NULL),
 (34,'ELY TANO','Clarin','','dealer',NULL),
 (35,'EMIE JUSOY','Inabanga','','dealer',NULL),
 (36,'ERDY MORENO','Bien unido','','dealer',NULL),
 (37,'ESTER TALABOC','Calape','','dealer',NULL),
 (38,'ESTER GUJIL','Calape','','dealer',NULL),
 (39,'BOY TAMBACAN','Sagbayan','','dealer',NULL),
 (40,'FELIMON','Catagbacan','','dealer',NULL),
 (41,'FELING BATAUSA','Tubigon','','consumer',NULL),
 (42,'FELY RASONABE','Calape','','dealer',NULL),
 (43,'FLOR BOLOGA','Catagbacan','','dealer',NULL),
 (44,'FLOR DUMALAURON','Tubigon','','dealer',NULL),
 (45,'FOUR N STORE','Inabanga','','dealer',NULL),
 (46,'FRIENDLY AGRIVET','Talibon','','dealer',NULL),
 (47,'GERRY SACO','Sagbayan','','dealer',NULL),
 (48,'GIGIE FAJARDO','Sagbayan','','dealer',NULL),
 (49,'GLORIA MANTE','Tubigon','','dealer',NULL),
 (50,'GMEGS AGRIVET','Calape','','dealer',NULL),
 (52,'ROLANDO DELANTAR ( R.P )','Clarin','','dealer',NULL),
 (53,'Mascareñas','Tubigon','','dealer',NULL),
 (54,'Marve Tuñacao','Tubigon','','dealer',NULL),
 (55,'EDITH TERING - TERING','Tubigon','','dealer',NULL),
 (56,'Racoma','Sagbayan','','dealer',NULL),
 (57,'Myrna Añana','Sagbayan','','dealer',NULL),
 (58,'Mark Durango','Tubigon','','dealer',NULL),
 (59,'Hilda Paredes','Calape','','dealer',NULL),
 (60,'BEBETH-GUIWANON','Calape','','dealer',NULL),
 (61,'CHERYL LAFUENTE','Cantomocad','','dealer',NULL),
 (62,'Jolyns','Catagbacan','','dealer',NULL),
 (63,'Tata Ungab','Catagbacan','','dealer',NULL),
 (64,'Patty Store','Calape','','dealer',NULL),
 (65,'Gina Asumbrado','Cahayag','','dealer',NULL),
 (66,'Shai Store','Calape','','dealer',NULL),
 (67,'LIBETH CHAN','Calape','','dealer',NULL),
 (68,'Reneth','Calape','','dealer',NULL),
 (69,'Myrna Duterte','Cahayag','','dealer',NULL),
 (70,'ARLENE ABRIS','Calape','','dealer',NULL),
 (71,'Uris','Calape','','dealer',NULL),
 (72,'MICHAEL MARTORILLAS','Buenavista','','dealer',NULL),
 (73,'Mila Obguia','Tubigon','','dealer',NULL),
 (74,'Hagutin','Buenavista','','dealer',NULL),
 (75,'Honey Mae','Tubigon','','dealer',NULL),
 (76,'Inday Tig-Tig','Calape','','dealer',NULL),
 (77,'Janet Limocon','Tubigon','','dealer',NULL),
 (78,'JM-Ubay','Ubay','','dealer',NULL),
 (79,'Joepet Borres','Inabanga','','dealer',NULL),
 (80,'Joy Lim','Calape','','dealer',NULL),
 (81,'JVS','Calape','','dealer',NULL),
 (82,'Lilith Mangaron','Catagbacan','','dealer',NULL),
 (83,'Lolita Roloma','Tubigon','','dealer',NULL),
 (84,'Lugod','Jetafe','','dealer',NULL),
 (85,'Lumaban','Inabanga','','dealer',NULL),
 (86,'Margarito','Buenavista','','dealer',NULL),
 (87,'Marineth Fernandez','Trinidad','','dealer',NULL),
 (88,'Marlon Mosqueda','Inabanga','','dealer',NULL),
 (89,'BEBELYN MISADOR','Sagbayan','','consumer',NULL),
 (90,'Moises Lambohon','Jetafe','','dealer',NULL),
 (91,'Monina de Vera','Tubigon','','dealer',NULL),
 (92,'Naning Maratas','Cabilao','','dealer',NULL),
 (93,'Nemrod Agrivet','Inabanga','','dealer',NULL),
 (94,'Nutrimart Ubay','Ubay','','dealer',NULL),
 (95,'Ondo Cosare','Tubigon','','dealer',NULL),
 (96,'Ondo Enriquez','Cantomocad','','dealer',NULL),
 (97,'Regine Piezas','Clarin','','dealer',NULL),
 (98,'Richard','Inabanga','','dealer',NULL),
 (99,'Ricardo Torreon','Jetafe','','dealer',NULL),
 (100,'Ronnie Cabrera','Calape','','dealer',NULL),
 (101,'Tricool Store','Buenavista','','dealer',NULL),
 (102,'Vidala Reymulta','Tubigon','','dealer',NULL),
 (103,'Joan Cagampang','Cahayag','','dealer',NULL),
 (105,'Romero','Catagbacan','','dealer',NULL),
 (106,'NUTRIMART TAGBILARAN','TAGBILARAN','','consumer',NULL),
 (107,'DIONISIO','Calape','','dealer',NULL),
 (108,'Javie Bulls','Clarin','','dealer',NULL),
 (109,'BERLING GUCOR','Inabanga','','dealer',NULL),
 (110,'Grace Lao','Talibon','','dealer',NULL),
 (111,'CARLA LAURON','Calape','','dealer',NULL),
 (112,'Marlon Salazar','Inabanga','','dealer',NULL),
 (113,'Lumayag','Clarin','','dealer',NULL),
 (114,'Perla Cagampang','Trinidad','','dealer',NULL),
 (115,'Ruel Rose','Trinidad','','dealer',NULL),
 (116,'CHERYL TENIRETE','Trinidad','','dealer',NULL),
 (117,'Jessie Repoyla','Talibon','','dealer',NULL),
 (118,'Editha Aventurado','Talibon','','dealer',NULL),
 (119,'Edsel Petecio','Inabanga','','dealer',NULL),
 (120,'Ochea','Inabanga','','dealer',NULL),
 (121,'Oloy Sombrio','Cantomocad','','dealer',NULL),
 (122,'Nutrimart Carmen','Carmen','','dealer',NULL),
 (123,'Nelly Lamoste','Carmen','','dealer',NULL),
 (124,'NGUHO AGRIVET','Sagbayan','','dealer',NULL),
 (125,'Pamela','Calape','','dealer',NULL),
 (126,'Gerry Niones','Calape','','dealer',NULL),
 (127,'Manol ','Calape','','dealer',NULL),
 (128,'Uy Kunching','Loon','','dealer',NULL),
 (129,'Mary jane','Pondol','','dealer',NULL),
 (130,'Ronell Store','Trinidad','','dealer',NULL),
 (131,'Floro Ceniza','Buenavista','','dealer',NULL),
 (132,'Shiela Anyora','Inabanga','','dealer',NULL),
 (133,'Feling Bagsac','Tubigon','','dealer',NULL),
 (134,'EDGAR DELFIN','Talibon','','dealer',NULL),
 (135,'Narie Aguanza','Tubigon','','dealer',NULL),
 (168,'JJM','Cahayag','','dealer',NULL),
 (169,'Gina Blantucas','Cahayag','','dealer',NULL),
 (208,'Tessie Batausa','Tubigon','','consumer',NULL),
 (222,'Janet Baloy','cahayag','','consumer',NULL),
 (336,'Emelia','Tubigon','','dealer',NULL),
 (359,'TURTUGA','TURTUGA','','dealer',NULL),
 (360,'ONDO VIODOR','ONDO VIODOR','','dealer',NULL),
 (367,'DELOSO','Calape','','consumer',NULL),
 (369,'Mila Enriqeuz','Calape','','consumer',NULL),
 (370,'AHOC / RETAIL','Calape','','consumer',NULL),
 (371,'MANOL / PIGGERY','Calape','','dealer',NULL),
 (372,'ADELYN NEPUMUSENO','Calape','','consumer',100.00),
 (374,'WILLIAM NIñEZA','Inabanga','','dealer',NULL),
 (375,'FRED BATAUSA','Tubigon','','consumer',NULL),
 (376,'CS & J','Calape','','dealer',NULL),
 (379,'RUDY LASCOñA','Loon','','dealer',NULL),
 (387,'LUMOD CENON','Carmen','','dealer',NULL),
 (388,'BIEGIE-CARMEN','Carmen','','dealer',NULL),
 (389,'MIKA AGRIVET','Clarin','','dealer',NULL),
 (390,'ODETH','Clarin','','consumer',NULL),
 (391,'TASING','Cahayag','','consumer',NULL),
 (392,'MINGA UY','Cahayag','','consumer',NULL),
 (393,'RHODORA TORAJA','BENTIG,CALAPE','','consumer',NULL),
 (408,'NAUMI LICAYAN','Tubigon','','consumer',NULL),
 (412,'JULIET CALOTES','Calunasan,Calape','','dealer',0.00),
 (420,'ZAIDIE CORITICO','Loon','','dealer',0.00),
 (421,'BFAR-UBAY','Ubay','','consumer',0.00),
 (422,'','','','consumer',0.00),
 (423,'','','','consumer',0.00),
 (424,'','','','consumer',0.00),
 (425,'','','','consumer',0.00),
 (426,'','','','consumer',0.00);
/*!40000 ALTER TABLE `customers` ENABLE KEYS */;


--
-- Definition of table `customers_discount`
--

DROP TABLE IF EXISTS `customers_discount`;
CREATE TABLE `customers_discount` (
  `customers_id` int(10) unsigned NOT NULL DEFAULT '0',
  `discount_id` int(10) unsigned DEFAULT NULL,
  PRIMARY KEY (`customers_id`)
) ENGINE=InnoDB DEFAULT CHARSET=latin1;

--
-- Dumping data for table `customers_discount`
--

/*!40000 ALTER TABLE `customers_discount` DISABLE KEYS */;
/*!40000 ALTER TABLE `customers_discount` ENABLE KEYS */;


--
-- Definition of table `deleted_so`
--

DROP TABLE IF EXISTS `deleted_so`;
CREATE TABLE `deleted_so` (
  `sales_order_no` varchar(45) NOT NULL,
  `responsible_customer` int(10) unsigned DEFAULT NULL,
  `responsible_agent` int(10) unsigned DEFAULT NULL,
  `discount` double(10,2) NOT NULL,
  `grand_total` double(10,2) NOT NULL,
  `net_total` double(10,2) NOT NULL,
  `tendered_amount` double(10,2) DEFAULT NULL,
  `change` double(10,2) DEFAULT NULL,
  `delivery_date` datetime NOT NULL
) ENGINE=InnoDB DEFAULT CHARSET=latin1;

--
-- Dumping data for table `deleted_so`
--

/*!40000 ALTER TABLE `deleted_so` DISABLE KEYS */;
INSERT INTO `deleted_so` (`sales_order_no`,`responsible_customer`,`responsible_agent`,`discount`,`grand_total`,`net_total`,`tendered_amount`,`change`,`delivery_date`) VALUES 
 ('SO-000002',33,1,0.00,10455.00,10455.00,0.00,-10455.00,'2011-11-22 08:31:15'),
 ('SO-0000029',28,1,0.00,2565.00,2565.00,0.00,-2565.00,'2011-11-22 19:29:10'),
 ('SO-0000020',118,3,0.00,25225.00,25225.00,0.00,-25225.00,'2011-11-22 13:37:50'),
 ('SO-000004',6,3,0.00,11200.00,11200.00,0.00,-11200.00,'2011-11-22 10:10:18'),
 ('SO-0000025',24,1,0.00,11790.00,11790.00,0.00,-11790.00,'2011-11-22 18:46:46'),
 ('SO-0000045',68,1,0.00,2220.00,2220.00,0.00,-2220.00,'2011-11-24 08:40:20'),
 ('SO-000000',107,1,0.00,2140.00,2140.00,0.00,-2140.00,'2011-11-22 08:20:52'),
 ('SO-00000546',374,3,0.00,139980.00,139980.00,0.00,-139980.00,'2011-12-08 08:23:51'),
 ('SO-00000572',387,4,0.00,11740.00,11740.00,0.00,-11740.00,'2011-12-09 08:59:46'),
 ('SO-00000574',388,4,0.00,112.60,112.60,0.00,-112.60,'2011-12-09 09:09:02'),
 ('SO-00000577',124,1,0.00,11155.00,11155.00,0.00,-11155.00,'2011-12-09 09:17:36'),
 ('SO-00000573',387,4,0.00,9420.00,9420.00,0.00,-9420.00,'2011-12-09 09:05:58'),
 ('SO-00000589',68,1,0.00,4910.00,4910.00,0.00,-4910.00,'2011-12-09 11:11:45'),
 ('SO-00000664',130,2,0.00,2746.00,2746.00,0.00,-2746.00,'2011-12-13 09:36:16'),
 ('SO-00000695',78,2,0.00,99122.00,99122.00,0.00,-99122.00,'2011-12-14 08:18:59');
/*!40000 ALTER TABLE `deleted_so` ENABLE KEYS */;


--
-- Definition of table `discount`
--

DROP TABLE IF EXISTS `discount`;
CREATE TABLE `discount` (
  `discount_id` int(10) unsigned NOT NULL AUTO_INCREMENT,
  `discount_code` varchar(45) DEFAULT NULL,
  `discount_name` varchar(45) DEFAULT NULL,
  `amount` double(10,2) DEFAULT NULL,
  PRIMARY KEY (`discount_id`)
) ENGINE=InnoDB DEFAULT CHARSET=latin1;

--
-- Dumping data for table `discount`
--

/*!40000 ALTER TABLE `discount` DISABLE KEYS */;
/*!40000 ALTER TABLE `discount` ENABLE KEYS */;


--
-- Definition of table `inventory`
--

DROP TABLE IF EXISTS `inventory`;
CREATE TABLE `inventory` (
  `id` int(10) unsigned NOT NULL AUTO_INCREMENT,
  `item_id` int(11) DEFAULT NULL,
  `item_code` varchar(45) DEFAULT NULL,
  `beginning_balance` double(10,2) DEFAULT NULL,
  `ending_balance` double(10,2) DEFAULT NULL,
  `date` datetime DEFAULT NULL,
  PRIMARY KEY (`id`)
) ENGINE=InnoDB AUTO_INCREMENT=4338 DEFAULT CHARSET=latin1;

--
-- Dumping data for table `inventory`
--

/*!40000 ALTER TABLE `inventory` DISABLE KEYS */;
INSERT INTO `inventory` (`id`,`item_id`,`item_code`,`beginning_balance`,`ending_balance`,`date`) VALUES 
 (1,1,'CBM',8.00,7.00,'2011-11-18 09:06:40'),
 (2,2,'CSM',3.00,3.00,'2011-11-18 09:06:40'),
 (3,3,'CGM',28.00,28.00,'2011-11-18 09:06:40'),
 (4,4,'CLM',18.00,13.00,'2011-11-18 09:06:40'),
 (5,5,'BSC',10.00,9.00,'2011-11-18 09:06:40'),
 (6,6,'BFC',23.00,20.00,'2011-11-18 09:06:40'),
 (7,7,'Milko Plus',12.00,12.00,'2011-11-18 09:06:40'),
 (8,8,'NSP',99.00,86.00,'2011-11-18 09:06:40'),
 (9,9,'NGP',168.00,33.00,'2011-11-18 09:06:40'),
 (10,10,'NBP',155.00,105.00,'2011-11-18 09:06:40'),
 (11,11,'PSP',79.00,71.00,'2011-11-18 09:06:40'),
 (12,12,'LSP',54.00,47.00,'2011-11-18 09:06:40'),
 (13,13,'PGP',1.00,1.00,'2011-11-18 09:06:40'),
 (14,14,'PGR',3.00,3.00,'2011-11-18 09:06:40'),
 (15,15,'NLB',16.00,16.00,'2011-11-18 09:06:40'),
 (16,16,'NLB-pack',1.00,1.00,'2011-11-18 09:06:40'),
 (17,17,'NLP',40.00,39.00,'2011-11-18 09:06:40'),
 (18,18,'NLP-pack',1.00,1.00,'2011-11-18 09:06:40'),
 (19,19,'HSC',7.00,7.00,'2011-11-18 09:06:40'),
 (20,20,'HGP',20.00,16.00,'2011-11-18 09:06:40'),
 (21,21,'HFP',14.00,14.00,'2011-11-18 09:06:40'),
 (22,22,'PDP (s)',31.00,30.00,'2011-11-18 09:06:40'),
 (23,23,'PDP (o)',34.00,33.00,'2011-11-18 09:06:40'),
 (24,24,'7 Kinds',12.00,12.00,'2011-11-18 09:06:40'),
 (25,25,'Slasher',6.00,6.00,'2011-11-18 09:06:40'),
 (26,26,'C-Corn',32.00,32.00,'2011-11-18 09:06:40'),
 (27,27,'Christine',30.00,66.00,'2011-11-18 09:06:40'),
 (28,28,'RED RICE',22.00,18.00,'2011-11-18 09:06:40'),
 (29,29,'Royal Crown',194.00,192.00,'2011-11-18 09:06:40'),
 (30,30,'Honey ',118.00,115.00,'2011-11-18 09:06:40'),
 (31,31,'THB Booster',9.00,8.00,'2011-11-18 09:06:40'),
 (32,32,'THB Booster-pack',1.00,1.00,'2011-11-18 09:06:40'),
 (33,33,'THB Developer',6.00,5.00,'2011-11-18 09:06:40'),
 (34,34,'THB Developer-pack',1.00,1.00,'2011-11-18 09:06:40'),
 (35,35,'THB Enertone',0.00,0.00,'2011-11-18 09:06:40'),
 (36,36,'THB Enertone-pack',1.00,1.00,'2011-11-18 09:06:40'),
 (37,37,'THB Platinum',6.00,6.00,'2011-11-18 09:06:40'),
 (38,38,'THB Platinum-pack',1.00,1.00,'2011-11-18 09:06:40'),
 (39,39,'THB Hi-Protein',1.00,1.00,'2011-11-18 09:06:40'),
 (40,40,'THB Hi-Protein-pack',1.00,1.00,'2011-11-18 09:06:40'),
 (41,41,'THB Successor',1.00,1.00,'2011-11-18 09:06:40'),
 (42,42,'THB Successor-pack',1.00,1.00,'2011-11-18 09:06:40'),
 (43,43,'THB Multigrain',1.00,0.00,'2011-11-18 09:06:40'),
 (44,44,'THB Multigrain-pack',1.00,1.00,'2011-11-18 09:06:40'),
 (45,45,'THB Hi-Lander',1.00,1.00,'2011-11-18 09:06:40'),
 (46,46,'THB Hi-Lander-pack',1.00,1.00,'2011-11-18 09:06:40'),
 (47,47,'FRYMASH',10.00,10.00,'2011-11-18 09:06:40'),
 (48,48,'PBC',5.00,5.00,'2011-11-18 09:06:40'),
 (49,49,'PBS',0.00,0.00,'2011-11-18 09:06:40'),
 (50,50,'PBG',4.00,0.00,'2011-11-18 09:06:40'),
 (51,51,'PBF',5.00,5.00,'2011-11-18 09:06:40'),
 (52,52,'SBS',23.00,23.00,'2011-11-18 09:06:40'),
 (53,53,'SBG',0.00,0.00,'2011-11-18 09:06:40'),
 (54,54,'SBF',20.00,5.00,'2011-11-18 09:06:40'),
 (55,55,'Apralyte 6g x 48',1.00,1.00,'2011-11-18 09:06:40'),
 (56,56,'Apralyte 6g (pcs)',1.00,1.00,'2011-11-18 09:06:40'),
 (57,57,'Bacterid 100ml',1.00,1.00,'2011-11-18 09:06:40'),
 (58,58,'Bacterid 10ml',1.00,1.00,'2011-11-18 09:06:40'),
 (59,59,'Baxidil SE 6g x 48',1.00,1.00,'2011-11-18 09:06:40'),
 (60,60,'Baxidil SE 6g (pcs)',1.00,1.00,'2011-11-18 09:06:40'),
 (61,61,'Baxidil 7g x 48',1.00,1.00,'2011-11-18 09:06:40'),
 (62,62,'Baxidil 7g (pcs)',1.00,1.00,'2011-11-18 09:06:40'),
 (63,63,'Bexan SP 100ml',1.00,1.00,'2011-11-18 09:06:40'),
 (64,64,'Bexan SP 10ml',1.00,1.00,'2011-11-18 09:06:40'),
 (65,65,'Bexan SP 20ml',1.00,1.00,'2011-11-18 09:06:40'),
 (66,66,'Bexan XP 100ml',1.00,1.00,'2011-11-18 09:06:40'),
 (67,67,'Bexan XP 20ml',1.00,1.00,'2011-11-18 09:06:40'),
 (68,68,'Bexan XP 10ml',1.00,1.00,'2011-11-18 09:06:40'),
 (69,69,'Electrogen D+ 20g x 12',1.00,1.00,'2011-11-18 09:06:40'),
 (70,70,'Electrogen D+ 20g (pcs)',1.00,1.00,'2011-11-18 09:06:40'),
 (71,71,'Jectran Premium 100ml',1.00,1.00,'2011-11-18 09:06:40'),
 (72,72,'Jectran Premium 20ml',1.00,1.00,'2011-11-18 09:06:40'),
 (73,73,'Jectran Premium 10ml',1.00,1.00,'2011-11-18 09:06:40'),
 (74,74,'Latigo 1000 SD 5g x 48',1.00,1.00,'2011-11-18 09:06:40'),
 (75,75,'Latigo 1000 SD 5g (pcs)',1.00,1.00,'2011-11-18 09:06:40'),
 (76,76,'Latigo 1000 MD 10g x 24',1.00,1.00,'2011-11-18 09:06:40'),
 (77,77,'Latigo 1000 MD 10g (pcs)',1.00,1.00,'2011-11-18 09:06:40'),
 (78,78,'Major D 20ml x 30',1.00,1.00,'2011-11-18 09:06:40'),
 (79,79,'Major D 20ml (pcs)',1.00,1.00,'2011-11-18 09:06:40'),
 (80,80,'Mammavet 100ml',1.00,1.00,'2011-11-18 09:06:40'),
 (81,81,'Mammavet 10ml',1.00,1.00,'2011-11-18 09:06:40'),
 (82,82,'Sustalin LA 100ml',1.00,1.00,'2011-11-18 09:06:40'),
 (83,83,'Sustalin LA 10ml',1.00,1.00,'2011-11-18 09:06:40'),
 (84,84,'Vetracin Classic 5g x 48 ',1.00,1.00,'2011-11-18 09:06:40'),
 (85,85,'Vetracin Classic 5g (pcs)',1.00,1.00,'2011-11-18 09:06:40'),
 (86,86,'Vetracin Gold 5g x 48',1.00,1.00,'2011-11-18 09:06:40'),
 (87,87,'Vetracin Gold 5g (pcs)',1.00,1.00,'2011-11-18 09:06:40'),
 (88,88,'Vetracin Gold Capsule',1.00,1.00,'2011-11-18 09:06:40'),
 (89,89,'Vetracin Gold Capsule (pcs)',1.00,1.00,'2011-11-18 09:06:40'),
 (90,90,'Vetracin Premium 5g x 48',1.00,1.00,'2011-11-18 09:06:40'),
 (91,91,'Vetracin Premium 5g (pcs)',1.00,1.00,'2011-11-18 09:06:40'),
 (92,92,'Viton-500 10ml',1.00,1.00,'2011-11-18 09:06:40'),
 (93,93,'Cecical 200g',1.00,1.00,'2011-11-18 09:06:40'),
 (94,94,'Pidro 2.4g x 50',1.00,1.00,'2011-11-18 09:06:40'),
 (95,95,'Pidro 2.4g (pcs)',1.00,1.00,'2011-11-18 09:06:40'),
 (96,96,'V-22 200g',1.00,1.00,'2011-11-18 09:06:40'),
 (97,97,'V-22 Tablet 100 ',1.00,1.00,'2011-11-18 09:06:40'),
 (98,98,'DCM 50ml',1.00,1.00,'2011-11-18 09:06:40'),
 (99,99,'Redbik 100ml',1.00,1.00,'2011-11-18 09:06:40'),
 (100,100,'Redbik 10ml',1.00,1.00,'2011-11-18 09:06:40'),
 (101,101,'TMPS Pig Doser 120ml',1.00,1.00,'2011-11-18 09:06:40'),
 (102,102,'Amtyl 500 100s',1.00,1.00,'2011-11-18 09:06:40'),
 (103,103,'Amtyl 500 (pcs)',1.00,1.00,'2011-11-18 09:06:40'),
 (104,104,'B-50 Forteen 200s',1.00,1.00,'2011-11-18 09:06:40'),
 (105,105,'B-50 Forteen (pcs)',1.00,1.00,'2011-11-18 09:06:40'),
 (106,106,'Belamyl 100ml',1.00,1.00,'2011-11-18 09:06:40'),
 (107,107,'Belamyl 20ml',1.00,1.00,'2011-11-18 09:06:40'),
 (108,108,'Belamyl 10ml',1.00,1.00,'2011-11-18 09:06:40'),
 (109,109,'Belamyl 50ml',1.00,1.00,'2011-11-18 09:06:40'),
 (110,110,'Calcium Lactate ',1.00,1.00,'2011-11-18 09:06:40'),
 (111,111,'Calcium Lactate (pcs)',1.00,1.00,'2011-11-18 09:06:40'),
 (112,112,'Choramphenicol 500g ',1.00,1.00,'2011-11-18 09:06:40'),
 (113,113,'Choramphenicol 500g (pcs)',1.00,1.00,'2011-11-18 09:06:40'),
 (114,114,'Combinex 40g',1.00,1.00,'2011-11-18 09:06:40'),
 (115,115,'Combinex 86g',1.00,1.00,'2011-11-18 09:06:40'),
 (116,116,'Dextrolyte 100ml',1.00,1.00,'2011-11-18 09:06:40'),
 (117,117,'Disposable Syringe 10ml',1.00,1.00,'2011-11-18 09:06:40'),
 (118,118,'Disposable Syringe 5ml',1.00,1.00,'2011-11-18 09:06:40'),
 (119,119,'Disposable Syringe 3ml',1.00,1.00,'2011-11-18 09:06:40'),
 (120,120,'Disposable Syringe 2.5ml',1.00,1.00,'2011-11-18 09:06:40'),
 (121,121,'Disposable Syringe 1ml',1.00,1.00,'2011-11-18 09:06:40'),
 (122,122,'Doxylak Forte 7g x 48',1.00,1.00,'2011-11-18 09:06:40'),
 (123,123,'Doxylak Forte 7g (pcs)',1.00,1.00,'2011-11-18 09:06:40'),
 (124,124,'Electrolyte Proto-lyte 250ml',1.00,1.00,'2011-11-18 09:06:40'),
 (125,125,'Hammer 200s',1.00,1.00,'2011-11-18 09:06:40'),
 (126,126,'Hammer (pcs)',1.00,1.00,'2011-11-18 09:06:40'),
 (127,127,'LDI-B12 100s',1.00,1.00,'2011-11-18 09:06:40'),
 (128,128,'LDI-B12 (pcs)',1.00,1.00,'2011-11-18 09:06:40'),
 (129,129,'Multivitamins',1.00,1.00,'2011-11-18 09:06:40'),
 (130,130,'Multivitamins (pcs)',1.00,1.00,'2011-11-18 09:06:40'),
 (131,131,'Nutridrench 15ml',1.00,1.00,'2011-11-18 09:06:40'),
 (132,132,'Trisulak 7g x 48',1.00,1.00,'2011-11-18 09:06:40'),
 (133,133,'Trisulak 7g (pcs)',1.00,1.00,'2011-11-18 09:06:40'),
 (134,134,'Viminolak 100s',1.00,1.00,'2011-11-18 09:06:40'),
 (135,135,'Viminolak (pcs)',1.00,1.00,'2011-11-18 09:06:40'),
 (136,136,'B-12 AAFEES',1.00,1.00,'2011-11-18 09:06:40'),
 (137,137,'Wormal 100s',1.00,1.00,'2011-11-18 09:06:40'),
 (138,138,'Wormal (pcs)',1.00,1.00,'2011-11-18 09:06:40'),
 (139,139,'Complexor 3000 10ml',1.00,1.00,'2011-11-18 09:06:40'),
 (140,140,'Pusham 10ml x 30',1.00,1.00,'2011-11-18 09:06:40'),
 (141,141,'Pusham 10ml (pcs)',1.00,1.00,'2011-11-18 09:06:40'),
 (142,142,'Tiki-Tiki',1.00,10.00,'2011-11-18 09:06:40'),
 (143,143,'FCP',1.00,1.00,'2011-11-18 09:06:40'),
 (144,144,'FCC',3.00,3.00,'2011-11-18 09:06:40'),
 (145,145,'KOI',15.00,15.00,'2011-11-18 09:06:40'),
 (146,146,'Fine Corn',6.00,32.00,'2011-11-18 09:06:40'),
 (147,147,'RFG',11.00,0.00,'2011-11-18 09:06:40'),
 (148,148,'FRYBOOSTER',3.00,0.00,'2011-11-18 09:06:40'),
 (149,149,'Slashertone',1.00,2.00,'2011-11-18 09:06:40'),
 (256,1,'CBM',8.00,8.00,'2011-11-18 09:08:55'),
 (257,2,'CSM',3.00,3.00,'2011-11-18 09:08:55'),
 (258,3,'CGM',28.00,28.00,'2011-11-18 09:08:55'),
 (259,4,'CLM',18.00,18.00,'2011-11-18 09:08:55'),
 (260,5,'BSC',10.00,10.00,'2011-11-18 09:08:55'),
 (261,6,'BFC',23.00,23.00,'2011-11-18 09:08:55'),
 (262,7,'Milko Plus',1.00,12.00,'2011-11-18 09:08:55'),
 (263,8,'NSP',99.00,99.00,'2011-11-18 09:08:55'),
 (264,9,'NGP',168.00,168.00,'2011-11-18 09:08:55'),
 (265,10,'NBP',155.00,155.00,'2011-11-18 09:08:55'),
 (266,11,'PSP',79.00,79.00,'2011-11-18 09:08:55'),
 (267,12,'LSP',54.00,54.00,'2011-11-18 09:08:55'),
 (268,13,'PGP',1.00,1.00,'2011-11-18 09:08:55'),
 (269,14,'PGR',3.00,3.00,'2011-11-18 09:08:55'),
 (270,15,'NLB',16.00,16.00,'2011-11-18 09:08:55'),
 (271,16,'NLB-pack',1.00,1.00,'2011-11-18 09:08:55'),
 (272,17,'NLP',40.00,40.00,'2011-11-18 09:08:55'),
 (273,18,'NLP-pack',1.00,1.00,'2011-11-18 09:08:55'),
 (274,19,'HSC',7.00,7.00,'2011-11-18 09:08:55'),
 (275,20,'HGP',20.00,20.00,'2011-11-18 09:08:55'),
 (276,21,'HFP',14.00,14.00,'2011-11-18 09:08:55'),
 (277,22,'PDP (s)',31.00,31.00,'2011-11-18 09:08:55'),
 (278,23,'PDP (o)',34.00,34.00,'2011-11-18 09:08:55'),
 (279,24,'7 Kinds',12.00,12.00,'2011-11-18 09:08:55'),
 (280,25,'Slasher',6.00,6.00,'2011-11-18 09:08:55'),
 (281,26,'C-Corn',32.00,32.00,'2011-11-18 09:08:55'),
 (282,27,'Christine',30.00,30.00,'2011-11-18 09:08:55'),
 (283,28,'RED RICE',22.00,22.00,'2011-11-18 09:08:55'),
 (284,29,'Royal Crown',194.00,194.00,'2011-11-18 09:08:55'),
 (285,30,'Honey ',118.00,118.00,'2011-11-18 09:08:55'),
 (286,31,'THB Booster',1.00,1.00,'2011-11-18 09:08:55'),
 (287,32,'THB Booster-pack',1.00,1.00,'2011-11-18 09:08:55'),
 (288,33,'THB Developer',6.00,6.00,'2011-11-18 09:08:55'),
 (289,34,'THB Developer-pack',1.00,1.00,'2011-11-18 09:08:55'),
 (290,35,'THB Enertone',1.00,1.00,'2011-11-18 09:08:55'),
 (291,36,'THB Enertone-pack',1.00,1.00,'2011-11-18 09:08:55'),
 (292,37,'THB Platinum',6.00,6.00,'2011-11-18 09:08:55'),
 (293,38,'THB Platinum-pack',1.00,1.00,'2011-11-18 09:08:55'),
 (294,39,'THB Hi-Protein',1.00,1.00,'2011-11-18 09:08:55'),
 (295,40,'THB Hi-Protein-pack',1.00,1.00,'2011-11-18 09:08:55'),
 (296,41,'THB Successor',1.00,1.00,'2011-11-18 09:08:55'),
 (297,42,'THB Successor-pack',1.00,1.00,'2011-11-18 09:08:55'),
 (298,43,'THB Multigrain',1.00,1.00,'2011-11-18 09:08:55'),
 (299,44,'THB Multigrain-pack',1.00,1.00,'2011-11-18 09:08:55'),
 (300,45,'THB Hi-Lander',1.00,1.00,'2011-11-18 09:08:55'),
 (301,46,'THB Hi-Lander-pack',1.00,1.00,'2011-11-18 09:08:55'),
 (302,47,'FRYMASH',10.00,10.00,'2011-11-18 09:08:55'),
 (303,48,'PBC',5.00,5.00,'2011-11-18 09:08:55'),
 (304,49,'PBS',1.00,1.00,'2011-11-18 09:08:55'),
 (305,50,'PBG',4.00,4.00,'2011-11-18 09:08:55'),
 (306,51,'PBF',5.00,5.00,'2011-11-18 09:08:55'),
 (307,52,'SBS',23.00,23.00,'2011-11-18 09:08:55'),
 (308,53,'SBG',1.00,1.00,'2011-11-18 09:08:55'),
 (309,54,'SBF',1.00,1.00,'2011-11-18 09:08:55'),
 (310,55,'Apralyte 6g x 48',1.00,1.00,'2011-11-18 09:08:55'),
 (311,56,'Apralyte 6g (pcs)',1.00,1.00,'2011-11-18 09:08:55'),
 (312,57,'Bacterid 100ml',1.00,1.00,'2011-11-18 09:08:55'),
 (313,58,'Bacterid 10ml',1.00,1.00,'2011-11-18 09:08:55'),
 (314,59,'Baxidil SE 6g x 48',1.00,1.00,'2011-11-18 09:08:55'),
 (315,60,'Baxidil SE 6g (pcs)',1.00,1.00,'2011-11-18 09:08:55'),
 (316,61,'Baxidil 7g x 48',1.00,1.00,'2011-11-18 09:08:55'),
 (317,62,'Baxidil 7g (pcs)',1.00,1.00,'2011-11-18 09:08:55'),
 (318,63,'Bexan SP 100ml',1.00,1.00,'2011-11-18 09:08:55'),
 (319,64,'Bexan SP 10ml',1.00,1.00,'2011-11-18 09:08:55'),
 (320,65,'Bexan SP 20ml',1.00,1.00,'2011-11-18 09:08:55'),
 (321,66,'Bexan XP 100ml',1.00,1.00,'2011-11-18 09:08:55'),
 (322,67,'Bexan XP 20ml',1.00,1.00,'2011-11-18 09:08:55'),
 (323,68,'Bexan XP 10ml',1.00,1.00,'2011-11-18 09:08:55'),
 (324,69,'Electrogen D+ 20g x 12',1.00,1.00,'2011-11-18 09:08:55'),
 (325,70,'Electrogen D+ 20g (pcs)',1.00,1.00,'2011-11-18 09:08:55'),
 (326,71,'Jectran Premium 100ml',1.00,1.00,'2011-11-18 09:08:55'),
 (327,72,'Jectran Premium 20ml',1.00,1.00,'2011-11-18 09:08:55'),
 (328,73,'Jectran Premium 10ml',1.00,1.00,'2011-11-18 09:08:55'),
 (329,74,'Latigo 1000 SD 5g x 48',1.00,1.00,'2011-11-18 09:08:55'),
 (330,75,'Latigo 1000 SD 5g (pcs)',1.00,1.00,'2011-11-18 09:08:55'),
 (331,76,'Latigo 1000 MD 10g x 24',1.00,1.00,'2011-11-18 09:08:55'),
 (332,77,'Latigo 1000 MD 10g (pcs)',1.00,1.00,'2011-11-18 09:08:55'),
 (333,78,'Major D 20ml x 30',1.00,1.00,'2011-11-18 09:08:55'),
 (334,79,'Major D 20ml (pcs)',1.00,1.00,'2011-11-18 09:08:55'),
 (335,80,'Mammavet 100ml',1.00,1.00,'2011-11-18 09:08:55'),
 (336,81,'Mammavet 10ml',1.00,1.00,'2011-11-18 09:08:55'),
 (337,82,'Sustalin LA 100ml',1.00,1.00,'2011-11-18 09:08:55'),
 (338,83,'Sustalin LA 10ml',1.00,1.00,'2011-11-18 09:08:55'),
 (339,84,'Vetracin Classic 5g x 48 ',1.00,1.00,'2011-11-18 09:08:55'),
 (340,85,'Vetracin Classic 5g (pcs)',1.00,1.00,'2011-11-18 09:08:55'),
 (341,86,'Vetracin Gold 5g x 48',1.00,1.00,'2011-11-18 09:08:55'),
 (342,87,'Vetracin Gold 5g (pcs)',1.00,1.00,'2011-11-18 09:08:55'),
 (343,88,'Vetracin Gold Capsule',1.00,1.00,'2011-11-18 09:08:55'),
 (344,89,'Vetracin Gold Capsule (pcs)',1.00,1.00,'2011-11-18 09:08:55'),
 (345,90,'Vetracin Premium 5g x 48',1.00,1.00,'2011-11-18 09:08:55'),
 (346,91,'Vetracin Premium 5g (pcs)',1.00,1.00,'2011-11-18 09:08:55'),
 (347,92,'Viton-500 10ml',1.00,1.00,'2011-11-18 09:08:55'),
 (348,93,'Cecical 200g',1.00,1.00,'2011-11-18 09:08:55'),
 (349,94,'Pidro 2.4g x 50',1.00,1.00,'2011-11-18 09:08:55'),
 (350,95,'Pidro 2.4g (pcs)',1.00,1.00,'2011-11-18 09:08:55'),
 (351,96,'V-22 200g',1.00,1.00,'2011-11-18 09:08:55'),
 (352,97,'V-22 Tablet 100 ',1.00,1.00,'2011-11-18 09:08:55'),
 (353,98,'DCM 50ml',1.00,1.00,'2011-11-18 09:08:55'),
 (354,99,'Redbik 100ml',1.00,1.00,'2011-11-18 09:08:55'),
 (355,100,'Redbik 10ml',1.00,1.00,'2011-11-18 09:08:55'),
 (356,101,'TMPS Pig Doser 120ml',1.00,1.00,'2011-11-18 09:08:55'),
 (357,102,'Amtyl 500 100s',1.00,1.00,'2011-11-18 09:08:55'),
 (358,103,'Amtyl 500 (pcs)',1.00,1.00,'2011-11-18 09:08:55'),
 (359,104,'B-50 Forteen 200s',1.00,1.00,'2011-11-18 09:08:55'),
 (360,105,'B-50 Forteen (pcs)',1.00,1.00,'2011-11-18 09:08:55'),
 (361,106,'Belamyl 100ml',1.00,1.00,'2011-11-18 09:08:55'),
 (362,107,'Belamyl 20ml',1.00,1.00,'2011-11-18 09:08:55'),
 (363,108,'Belamyl 10ml',1.00,1.00,'2011-11-18 09:08:55'),
 (364,109,'Belamyl 50ml',1.00,1.00,'2011-11-18 09:08:55'),
 (365,110,'Calcium Lactate ',1.00,1.00,'2011-11-18 09:08:55'),
 (366,111,'Calcium Lactate (pcs)',1.00,1.00,'2011-11-18 09:08:55'),
 (367,112,'Choramphenicol 500g ',1.00,1.00,'2011-11-18 09:08:55'),
 (368,113,'Choramphenicol 500g (pcs)',1.00,1.00,'2011-11-18 09:08:55'),
 (369,114,'Combinex 40g',1.00,1.00,'2011-11-18 09:08:55'),
 (370,115,'Combinex 86g',1.00,1.00,'2011-11-18 09:08:55'),
 (371,116,'Dextrolyte 100ml',1.00,1.00,'2011-11-18 09:08:55'),
 (372,117,'Disposable Syringe 10ml',1.00,1.00,'2011-11-18 09:08:55'),
 (373,118,'Disposable Syringe 5ml',1.00,1.00,'2011-11-18 09:08:55'),
 (374,119,'Disposable Syringe 3ml',1.00,1.00,'2011-11-18 09:08:55'),
 (375,120,'Disposable Syringe 2.5ml',1.00,1.00,'2011-11-18 09:08:55'),
 (376,121,'Disposable Syringe 1ml',1.00,1.00,'2011-11-18 09:08:55'),
 (377,122,'Doxylak Forte 7g x 48',1.00,1.00,'2011-11-18 09:08:55'),
 (378,123,'Doxylak Forte 7g (pcs)',1.00,1.00,'2011-11-18 09:08:55'),
 (379,124,'Electrolyte Proto-lyte 250ml',1.00,1.00,'2011-11-18 09:08:55'),
 (380,125,'Hammer 200s',1.00,1.00,'2011-11-18 09:08:55'),
 (381,126,'Hammer (pcs)',1.00,1.00,'2011-11-18 09:08:55'),
 (382,127,'LDI-B12 100s',1.00,1.00,'2011-11-18 09:08:55'),
 (383,128,'LDI-B12 (pcs)',1.00,1.00,'2011-11-18 09:08:55'),
 (384,129,'Multivitamins',1.00,1.00,'2011-11-18 09:08:55'),
 (385,130,'Multivitamins (pcs)',1.00,1.00,'2011-11-18 09:08:55'),
 (386,131,'Nutridrench 15ml',1.00,1.00,'2011-11-18 09:08:55'),
 (387,132,'Trisulak 7g x 48',1.00,1.00,'2011-11-18 09:08:55'),
 (388,133,'Trisulak 7g (pcs)',1.00,1.00,'2011-11-18 09:08:55'),
 (389,134,'Viminolak 100s',1.00,1.00,'2011-11-18 09:08:55'),
 (390,135,'Viminolak (pcs)',1.00,1.00,'2011-11-18 09:08:55'),
 (391,136,'B-12 AAFEES',1.00,1.00,'2011-11-18 09:08:55'),
 (392,137,'Wormal 100s',1.00,1.00,'2011-11-18 09:08:55'),
 (393,138,'Wormal (pcs)',1.00,1.00,'2011-11-18 09:08:55'),
 (394,139,'Complexor 3000 10ml',1.00,1.00,'2011-11-18 09:08:55'),
 (395,140,'Pusham 10ml x 30',1.00,1.00,'2011-11-18 09:08:55'),
 (396,141,'Pusham 10ml (pcs)',1.00,1.00,'2011-11-18 09:08:55'),
 (397,142,'Tiki-Tiki',1.00,1.00,'2011-11-18 09:08:55'),
 (398,143,'FCP',1.00,1.00,'2011-11-18 09:08:55'),
 (399,144,'FCC',3.00,3.00,'2011-11-18 09:08:55'),
 (400,145,'KOI',15.00,15.00,'2011-11-18 09:08:55'),
 (401,146,'Fine Corn',6.00,6.00,'2011-11-18 09:08:55'),
 (402,147,'RFG',11.00,11.00,'2011-11-18 09:08:55'),
 (403,148,'FRYBOOSTER',3.00,3.00,'2011-11-18 09:08:55'),
 (404,149,'Slashertone',1.00,1.00,'2011-11-18 09:08:55'),
 (405,1,'CBM',8.00,8.00,'2011-11-18 20:54:07'),
 (406,2,'CSM',3.00,3.00,'2011-11-18 20:54:07'),
 (407,3,'CGM',28.00,28.00,'2011-11-18 20:54:07'),
 (408,4,'CLM',18.00,16.00,'2011-11-18 20:54:07'),
 (409,5,'BSC',10.00,10.00,'2011-11-18 20:54:07'),
 (410,6,'BFC',23.00,20.00,'2011-11-18 20:54:07'),
 (411,7,'Milko Plus',12.00,12.00,'2011-11-18 20:54:07'),
 (412,8,'NSP',99.00,95.00,'2011-11-18 20:54:07'),
 (413,9,'NGP',168.00,153.00,'2011-11-18 20:54:07'),
 (414,10,'NBP',155.00,148.00,'2011-11-18 20:54:07'),
 (415,11,'PSP',79.00,79.00,'2011-11-18 20:54:07'),
 (416,12,'LSP',54.00,54.00,'2011-11-18 20:54:07'),
 (417,13,'PGP',1.00,1.00,'2011-11-18 20:54:07'),
 (418,14,'PGR',3.00,3.00,'2011-11-18 20:54:07'),
 (419,15,'NLB',16.00,16.00,'2011-11-18 20:54:07'),
 (420,16,'NLB-pack',1.00,1.00,'2011-11-18 20:54:07'),
 (421,17,'NLP',40.00,40.00,'2011-11-18 20:54:07'),
 (422,18,'NLP-pack',1.00,1.00,'2011-11-18 20:54:07'),
 (423,19,'HSC',7.00,7.00,'2011-11-18 20:54:07'),
 (424,20,'HGP',20.00,20.00,'2011-11-18 20:54:07'),
 (425,21,'HFP',14.00,14.00,'2011-11-18 20:54:07'),
 (426,22,'PDP (s)',31.00,31.00,'2011-11-18 20:54:07'),
 (427,23,'PDP (o)',34.00,34.00,'2011-11-18 20:54:07'),
 (428,24,'7 Kinds',12.00,12.00,'2011-11-18 20:54:07'),
 (429,25,'Slasher',6.00,6.00,'2011-11-18 20:54:07'),
 (430,26,'C-Corn',32.00,32.00,'2011-11-18 20:54:07'),
 (431,27,'Christine',30.00,15.00,'2011-11-18 20:54:07'),
 (432,28,'RED RICE',22.00,14.00,'2011-11-18 20:54:07'),
 (433,29,'Royal Crown',194.00,194.00,'2011-11-18 20:54:07'),
 (434,30,'Honey ',118.00,116.00,'2011-11-18 20:54:07'),
 (435,31,'THB Booster',1.00,1.00,'2011-11-18 20:54:07'),
 (436,32,'THB Booster-pack',1.00,1.00,'2011-11-18 20:54:07'),
 (437,33,'THB Developer',6.00,6.00,'2011-11-18 20:54:07'),
 (438,34,'THB Developer-pack',1.00,1.00,'2011-11-18 20:54:07'),
 (439,35,'THB Enertone',1.00,1.00,'2011-11-18 20:54:07'),
 (440,36,'THB Enertone-pack',1.00,1.00,'2011-11-18 20:54:07'),
 (441,37,'THB Platinum',6.00,6.00,'2011-11-18 20:54:07'),
 (442,38,'THB Platinum-pack',1.00,1.00,'2011-11-18 20:54:07'),
 (443,39,'THB Hi-Protein',1.00,1.00,'2011-11-18 20:54:07'),
 (444,40,'THB Hi-Protein-pack',1.00,1.00,'2011-11-18 20:54:07'),
 (445,41,'THB Successor',1.00,1.00,'2011-11-18 20:54:07'),
 (446,42,'THB Successor-pack',1.00,1.00,'2011-11-18 20:54:07'),
 (447,43,'THB Multigrain',1.00,1.00,'2011-11-18 20:54:07'),
 (448,44,'THB Multigrain-pack',1.00,1.00,'2011-11-18 20:54:07'),
 (449,45,'THB Hi-Lander',1.00,1.00,'2011-11-18 20:54:07'),
 (450,46,'THB Hi-Lander-pack',1.00,1.00,'2011-11-18 20:54:07'),
 (451,47,'FRYMASH',10.00,10.00,'2011-11-18 20:54:07'),
 (452,48,'PBC',5.00,5.00,'2011-11-18 20:54:07'),
 (453,49,'PBS',1.00,1.00,'2011-11-18 20:54:07'),
 (454,50,'PBG',4.00,4.00,'2011-11-18 20:54:07'),
 (455,51,'PBF',5.00,5.00,'2011-11-18 20:54:07'),
 (456,52,'SBS',23.00,23.00,'2011-11-18 20:54:07'),
 (457,53,'SBG',1.00,1.00,'2011-11-18 20:54:07'),
 (458,54,'SBF',1.00,1.00,'2011-11-18 20:54:07'),
 (459,55,'Apralyte 6g x 48',1.00,1.00,'2011-11-18 20:54:07'),
 (460,56,'Apralyte 6g (pcs)',1.00,1.00,'2011-11-18 20:54:07'),
 (461,57,'Bacterid 100ml',1.00,1.00,'2011-11-18 20:54:07'),
 (462,58,'Bacterid 10ml',1.00,1.00,'2011-11-18 20:54:07'),
 (463,59,'Baxidil SE 6g x 48',1.00,1.00,'2011-11-18 20:54:07'),
 (464,60,'Baxidil SE 6g (pcs)',1.00,1.00,'2011-11-18 20:54:07'),
 (465,61,'Baxidil 7g x 48',1.00,1.00,'2011-11-18 20:54:07'),
 (466,62,'Baxidil 7g (pcs)',1.00,1.00,'2011-11-18 20:54:07'),
 (467,63,'Bexan SP 100ml',1.00,1.00,'2011-11-18 20:54:07'),
 (468,64,'Bexan SP 10ml',1.00,1.00,'2011-11-18 20:54:07'),
 (469,65,'Bexan SP 20ml',1.00,1.00,'2011-11-18 20:54:07'),
 (470,66,'Bexan XP 100ml',1.00,1.00,'2011-11-18 20:54:07'),
 (471,67,'Bexan XP 20ml',1.00,1.00,'2011-11-18 20:54:07'),
 (472,68,'Bexan XP 10ml',1.00,1.00,'2011-11-18 20:54:07'),
 (473,69,'Electrogen D+ 20g x 12',1.00,1.00,'2011-11-18 20:54:07'),
 (474,70,'Electrogen D+ 20g (pcs)',1.00,1.00,'2011-11-18 20:54:07'),
 (475,71,'Jectran Premium 100ml',1.00,1.00,'2011-11-18 20:54:07'),
 (476,72,'Jectran Premium 20ml',1.00,1.00,'2011-11-18 20:54:07'),
 (477,73,'Jectran Premium 10ml',1.00,1.00,'2011-11-18 20:54:07'),
 (478,74,'Latigo 1000 SD 5g x 48',1.00,1.00,'2011-11-18 20:54:07'),
 (479,75,'Latigo 1000 SD 5g (pcs)',1.00,1.00,'2011-11-18 20:54:07'),
 (480,76,'Latigo 1000 MD 10g x 24',1.00,1.00,'2011-11-18 20:54:07'),
 (481,77,'Latigo 1000 MD 10g (pcs)',1.00,1.00,'2011-11-18 20:54:07'),
 (482,78,'Major D 20ml x 30',1.00,1.00,'2011-11-18 20:54:07'),
 (483,79,'Major D 20ml (pcs)',1.00,1.00,'2011-11-18 20:54:07'),
 (484,80,'Mammavet 100ml',1.00,1.00,'2011-11-18 20:54:07'),
 (485,81,'Mammavet 10ml',1.00,1.00,'2011-11-18 20:54:07'),
 (486,82,'Sustalin LA 100ml',1.00,1.00,'2011-11-18 20:54:07'),
 (487,83,'Sustalin LA 10ml',1.00,1.00,'2011-11-18 20:54:07'),
 (488,84,'Vetracin Classic 5g x 48 ',1.00,1.00,'2011-11-18 20:54:07'),
 (489,85,'Vetracin Classic 5g (pcs)',1.00,1.00,'2011-11-18 20:54:07'),
 (490,86,'Vetracin Gold 5g x 48',1.00,0.00,'2011-11-18 20:54:07'),
 (491,87,'Vetracin Gold 5g (pcs)',1.00,1.00,'2011-11-18 20:54:07'),
 (492,88,'Vetracin Gold Capsule',1.00,1.00,'2011-11-18 20:54:07'),
 (493,89,'Vetracin Gold Capsule (pcs)',1.00,1.00,'2011-11-18 20:54:07'),
 (494,90,'Vetracin Premium 5g x 48',1.00,1.00,'2011-11-18 20:54:07'),
 (495,91,'Vetracin Premium 5g (pcs)',1.00,1.00,'2011-11-18 20:54:07'),
 (496,92,'Viton-500 10ml',1.00,1.00,'2011-11-18 20:54:07'),
 (497,93,'Cecical 200g',1.00,1.00,'2011-11-18 20:54:07'),
 (498,94,'Pidro 2.4g x 50',1.00,1.00,'2011-11-18 20:54:07'),
 (499,95,'Pidro 2.4g (pcs)',1.00,1.00,'2011-11-18 20:54:07'),
 (500,96,'V-22 200g',1.00,1.00,'2011-11-18 20:54:07'),
 (501,97,'V-22 Tablet 100 ',1.00,1.00,'2011-11-18 20:54:07'),
 (502,98,'DCM 50ml',1.00,1.00,'2011-11-18 20:54:07'),
 (503,99,'Redbik 100ml',1.00,1.00,'2011-11-18 20:54:07'),
 (504,100,'Redbik 10ml',1.00,1.00,'2011-11-18 20:54:07'),
 (505,101,'TMPS Pig Doser 120ml',1.00,1.00,'2011-11-18 20:54:07'),
 (506,102,'Amtyl 500 100s',1.00,1.00,'2011-11-18 20:54:07'),
 (507,103,'Amtyl 500 (pcs)',1.00,-29.00,'2011-11-18 20:54:07'),
 (508,104,'B-50 Forteen 200s',1.00,1.00,'2011-11-18 20:54:07'),
 (509,105,'B-50 Forteen (pcs)',1.00,1.00,'2011-11-18 20:54:07'),
 (510,106,'Belamyl 100ml',1.00,1.00,'2011-11-18 20:54:07'),
 (511,107,'Belamyl 20ml',1.00,1.00,'2011-11-18 20:54:07'),
 (512,108,'Belamyl 10ml',1.00,1.00,'2011-11-18 20:54:07'),
 (513,109,'Belamyl 50ml',1.00,1.00,'2011-11-18 20:54:07'),
 (514,110,'Calcium Lactate ',1.00,1.00,'2011-11-18 20:54:07'),
 (515,111,'Calcium Lactate (pcs)',1.00,1.00,'2011-11-18 20:54:07'),
 (516,112,'Choramphenicol 500g ',1.00,1.00,'2011-11-18 20:54:07'),
 (517,113,'Choramphenicol 500g (pcs)',1.00,1.00,'2011-11-18 20:54:07'),
 (518,114,'Combinex 40g',1.00,1.00,'2011-11-18 20:54:07'),
 (519,115,'Combinex 86g',1.00,1.00,'2011-11-18 20:54:07'),
 (520,116,'Dextrolyte 100ml',1.00,1.00,'2011-11-18 20:54:07'),
 (521,117,'Disposable Syringe 10ml',1.00,1.00,'2011-11-18 20:54:07'),
 (522,118,'Disposable Syringe 5ml',1.00,1.00,'2011-11-18 20:54:07'),
 (523,119,'Disposable Syringe 3ml',1.00,1.00,'2011-11-18 20:54:07'),
 (524,120,'Disposable Syringe 2.5ml',1.00,1.00,'2011-11-18 20:54:07'),
 (525,121,'Disposable Syringe 1ml',1.00,1.00,'2011-11-18 20:54:07'),
 (526,122,'Doxylak Forte 7g x 48',1.00,1.00,'2011-11-18 20:54:07'),
 (527,123,'Doxylak Forte 7g (pcs)',1.00,1.00,'2011-11-18 20:54:07'),
 (528,124,'Electrolyte Proto-lyte 250ml',1.00,1.00,'2011-11-18 20:54:07'),
 (529,125,'Hammer 200s',1.00,1.00,'2011-11-18 20:54:07'),
 (530,126,'Hammer (pcs)',1.00,-19.00,'2011-11-18 20:54:07'),
 (531,127,'LDI-B12 100s',1.00,1.00,'2011-11-18 20:54:07'),
 (532,128,'LDI-B12 (pcs)',1.00,1.00,'2011-11-18 20:54:07'),
 (533,129,'Multivitamins',1.00,1.00,'2011-11-18 20:54:07'),
 (534,130,'Multivitamins (pcs)',1.00,1.00,'2011-11-18 20:54:07'),
 (535,131,'Nutridrench 15ml',1.00,1.00,'2011-11-18 20:54:07'),
 (536,132,'Trisulak 7g x 48',1.00,1.00,'2011-11-18 20:54:07'),
 (537,133,'Trisulak 7g (pcs)',1.00,1.00,'2011-11-18 20:54:07'),
 (538,134,'Viminolak 100s',1.00,1.00,'2011-11-18 20:54:07'),
 (539,135,'Viminolak (pcs)',1.00,1.00,'2011-11-18 20:54:07'),
 (540,136,'B-12 AAFEES',1.00,1.00,'2011-11-18 20:54:07'),
 (541,137,'Wormal 100s',1.00,1.00,'2011-11-18 20:54:07'),
 (542,138,'Wormal (pcs)',1.00,1.00,'2011-11-18 20:54:07'),
 (543,139,'Complexor 3000 10ml',1.00,1.00,'2011-11-18 20:54:07'),
 (544,140,'Pusham 10ml x 30',1.00,1.00,'2011-11-18 20:54:07'),
 (545,141,'Pusham 10ml (pcs)',1.00,1.00,'2011-11-18 20:54:07'),
 (546,142,'Tiki-Tiki',1.00,-7.00,'2011-11-18 20:54:07'),
 (547,143,'FCP',1.00,1.00,'2011-11-18 20:54:07'),
 (548,144,'FCC',3.00,3.00,'2011-11-18 20:54:07'),
 (549,145,'KOI',15.00,15.00,'2011-11-18 20:54:07'),
 (550,146,'Fine Corn',6.00,6.00,'2011-11-18 20:54:07'),
 (551,147,'RFG',11.00,11.00,'2011-11-18 20:54:07'),
 (552,148,'FRYBOOSTER',3.00,3.00,'2011-11-18 20:54:07'),
 (553,149,'Slashertone',1.00,1.00,'2011-11-18 20:54:07'),
 (660,1,'CBM',8.00,8.00,'2011-11-18 20:54:10'),
 (661,2,'CSM',3.00,3.00,'2011-11-18 20:54:10'),
 (662,3,'CGM',28.00,28.00,'2011-11-18 20:54:10'),
 (663,4,'CLM',16.00,16.00,'2011-11-18 20:54:10'),
 (664,5,'BSC',10.00,10.00,'2011-11-18 20:54:10'),
 (665,6,'BFC',20.00,20.00,'2011-11-18 20:54:10'),
 (666,7,'Milko Plus',12.00,12.00,'2011-11-18 20:54:10'),
 (667,8,'NSP',95.00,95.00,'2011-11-18 20:54:10'),
 (668,9,'NGP',153.00,153.00,'2011-11-18 20:54:10'),
 (669,10,'NBP',148.00,148.00,'2011-11-18 20:54:10'),
 (670,11,'PSP',79.00,79.00,'2011-11-18 20:54:10'),
 (671,12,'LSP',54.00,54.00,'2011-11-18 20:54:10'),
 (672,13,'PGP',1.00,1.00,'2011-11-18 20:54:10'),
 (673,14,'PGR',3.00,3.00,'2011-11-18 20:54:10'),
 (674,15,'NLB',16.00,16.00,'2011-11-18 20:54:10'),
 (675,16,'NLB-pack',1.00,1.00,'2011-11-18 20:54:10'),
 (676,17,'NLP',40.00,40.00,'2011-11-18 20:54:10'),
 (677,18,'NLP-pack',1.00,1.00,'2011-11-18 20:54:10'),
 (678,19,'HSC',7.00,7.00,'2011-11-18 20:54:10'),
 (679,20,'HGP',20.00,20.00,'2011-11-18 20:54:10'),
 (680,21,'HFP',14.00,14.00,'2011-11-18 20:54:10'),
 (681,22,'PDP (s)',31.00,31.00,'2011-11-18 20:54:10'),
 (682,23,'PDP (o)',34.00,34.00,'2011-11-18 20:54:10'),
 (683,24,'7 Kinds',12.00,12.00,'2011-11-18 20:54:10'),
 (684,25,'Slasher',6.00,6.00,'2011-11-18 20:54:10'),
 (685,26,'C-Corn',32.00,32.00,'2011-11-18 20:54:10'),
 (686,27,'Christine',15.00,15.00,'2011-11-18 20:54:10'),
 (687,28,'RED RICE',14.00,14.00,'2011-11-18 20:54:10'),
 (688,29,'Royal Crown',194.00,194.00,'2011-11-18 20:54:10'),
 (689,30,'Honey ',116.00,116.00,'2011-11-18 20:54:10'),
 (690,31,'THB Booster',1.00,1.00,'2011-11-18 20:54:10'),
 (691,32,'THB Booster-pack',1.00,1.00,'2011-11-18 20:54:10'),
 (692,33,'THB Developer',6.00,6.00,'2011-11-18 20:54:10'),
 (693,34,'THB Developer-pack',1.00,1.00,'2011-11-18 20:54:10'),
 (694,35,'THB Enertone',1.00,1.00,'2011-11-18 20:54:10'),
 (695,36,'THB Enertone-pack',1.00,1.00,'2011-11-18 20:54:10'),
 (696,37,'THB Platinum',6.00,6.00,'2011-11-18 20:54:10'),
 (697,38,'THB Platinum-pack',1.00,1.00,'2011-11-18 20:54:10'),
 (698,39,'THB Hi-Protein',1.00,1.00,'2011-11-18 20:54:10'),
 (699,40,'THB Hi-Protein-pack',1.00,1.00,'2011-11-18 20:54:10'),
 (700,41,'THB Successor',1.00,1.00,'2011-11-18 20:54:10'),
 (701,42,'THB Successor-pack',1.00,1.00,'2011-11-18 20:54:10'),
 (702,43,'THB Multigrain',1.00,1.00,'2011-11-18 20:54:10'),
 (703,44,'THB Multigrain-pack',1.00,1.00,'2011-11-18 20:54:10'),
 (704,45,'THB Hi-Lander',1.00,1.00,'2011-11-18 20:54:10'),
 (705,46,'THB Hi-Lander-pack',1.00,1.00,'2011-11-18 20:54:10'),
 (706,47,'FRYMASH',10.00,10.00,'2011-11-18 20:54:10'),
 (707,48,'PBC',5.00,5.00,'2011-11-18 20:54:10'),
 (708,49,'PBS',1.00,1.00,'2011-11-18 20:54:10'),
 (709,50,'PBG',4.00,4.00,'2011-11-18 20:54:10'),
 (710,51,'PBF',5.00,5.00,'2011-11-18 20:54:10'),
 (711,52,'SBS',23.00,23.00,'2011-11-18 20:54:10'),
 (712,53,'SBG',1.00,1.00,'2011-11-18 20:54:10'),
 (713,54,'SBF',1.00,1.00,'2011-11-18 20:54:10'),
 (714,55,'Apralyte 6g x 48',1.00,1.00,'2011-11-18 20:54:10'),
 (715,56,'Apralyte 6g (pcs)',1.00,1.00,'2011-11-18 20:54:10'),
 (716,57,'Bacterid 100ml',1.00,1.00,'2011-11-18 20:54:10'),
 (717,58,'Bacterid 10ml',1.00,1.00,'2011-11-18 20:54:10'),
 (718,59,'Baxidil SE 6g x 48',1.00,1.00,'2011-11-18 20:54:10'),
 (719,60,'Baxidil SE 6g (pcs)',1.00,1.00,'2011-11-18 20:54:10'),
 (720,61,'Baxidil 7g x 48',1.00,1.00,'2011-11-18 20:54:10'),
 (721,62,'Baxidil 7g (pcs)',1.00,1.00,'2011-11-18 20:54:10'),
 (722,63,'Bexan SP 100ml',1.00,1.00,'2011-11-18 20:54:10'),
 (723,64,'Bexan SP 10ml',1.00,1.00,'2011-11-18 20:54:10'),
 (724,65,'Bexan SP 20ml',1.00,1.00,'2011-11-18 20:54:10'),
 (725,66,'Bexan XP 100ml',1.00,1.00,'2011-11-18 20:54:10'),
 (726,67,'Bexan XP 20ml',1.00,1.00,'2011-11-18 20:54:10'),
 (727,68,'Bexan XP 10ml',1.00,1.00,'2011-11-18 20:54:10'),
 (728,69,'Electrogen D+ 20g x 12',1.00,1.00,'2011-11-18 20:54:10'),
 (729,70,'Electrogen D+ 20g (pcs)',1.00,1.00,'2011-11-18 20:54:10'),
 (730,71,'Jectran Premium 100ml',1.00,1.00,'2011-11-18 20:54:10'),
 (731,72,'Jectran Premium 20ml',1.00,1.00,'2011-11-18 20:54:10'),
 (732,73,'Jectran Premium 10ml',1.00,1.00,'2011-11-18 20:54:10'),
 (733,74,'Latigo 1000 SD 5g x 48',1.00,1.00,'2011-11-18 20:54:10'),
 (734,75,'Latigo 1000 SD 5g (pcs)',1.00,1.00,'2011-11-18 20:54:10'),
 (735,76,'Latigo 1000 MD 10g x 24',1.00,1.00,'2011-11-18 20:54:10'),
 (736,77,'Latigo 1000 MD 10g (pcs)',1.00,1.00,'2011-11-18 20:54:10'),
 (737,78,'Major D 20ml x 30',1.00,1.00,'2011-11-18 20:54:10'),
 (738,79,'Major D 20ml (pcs)',1.00,1.00,'2011-11-18 20:54:10'),
 (739,80,'Mammavet 100ml',1.00,1.00,'2011-11-18 20:54:10'),
 (740,81,'Mammavet 10ml',1.00,1.00,'2011-11-18 20:54:10'),
 (741,82,'Sustalin LA 100ml',1.00,1.00,'2011-11-18 20:54:10'),
 (742,83,'Sustalin LA 10ml',1.00,1.00,'2011-11-18 20:54:10'),
 (743,84,'Vetracin Classic 5g x 48 ',1.00,1.00,'2011-11-18 20:54:10'),
 (744,85,'Vetracin Classic 5g (pcs)',1.00,1.00,'2011-11-18 20:54:10'),
 (745,86,'Vetracin Gold 5g x 48',0.00,0.00,'2011-11-18 20:54:10'),
 (746,87,'Vetracin Gold 5g (pcs)',1.00,1.00,'2011-11-18 20:54:10'),
 (747,88,'Vetracin Gold Capsule',1.00,1.00,'2011-11-18 20:54:10'),
 (748,89,'Vetracin Gold Capsule (pcs)',1.00,1.00,'2011-11-18 20:54:10'),
 (749,90,'Vetracin Premium 5g x 48',1.00,1.00,'2011-11-18 20:54:10'),
 (750,91,'Vetracin Premium 5g (pcs)',1.00,1.00,'2011-11-18 20:54:10'),
 (751,92,'Viton-500 10ml',1.00,1.00,'2011-11-18 20:54:10'),
 (752,93,'Cecical 200g',1.00,1.00,'2011-11-18 20:54:10'),
 (753,94,'Pidro 2.4g x 50',1.00,1.00,'2011-11-18 20:54:10'),
 (754,95,'Pidro 2.4g (pcs)',1.00,1.00,'2011-11-18 20:54:10'),
 (755,96,'V-22 200g',1.00,1.00,'2011-11-18 20:54:10'),
 (756,97,'V-22 Tablet 100 ',1.00,1.00,'2011-11-18 20:54:10'),
 (757,98,'DCM 50ml',1.00,1.00,'2011-11-18 20:54:10'),
 (758,99,'Redbik 100ml',1.00,1.00,'2011-11-18 20:54:10'),
 (759,100,'Redbik 10ml',1.00,1.00,'2011-11-18 20:54:10'),
 (760,101,'TMPS Pig Doser 120ml',1.00,1.00,'2011-11-18 20:54:10'),
 (761,102,'Amtyl 500 100s',1.00,1.00,'2011-11-18 20:54:10'),
 (762,103,'Amtyl 500 (pcs)',-29.00,-29.00,'2011-11-18 20:54:10'),
 (763,104,'B-50 Forteen 200s',1.00,1.00,'2011-11-18 20:54:10'),
 (764,105,'B-50 Forteen (pcs)',1.00,1.00,'2011-11-18 20:54:10'),
 (765,106,'Belamyl 100ml',1.00,1.00,'2011-11-18 20:54:10'),
 (766,107,'Belamyl 20ml',1.00,1.00,'2011-11-18 20:54:10'),
 (767,108,'Belamyl 10ml',1.00,1.00,'2011-11-18 20:54:10'),
 (768,109,'Belamyl 50ml',1.00,1.00,'2011-11-18 20:54:10'),
 (769,110,'Calcium Lactate ',1.00,1.00,'2011-11-18 20:54:10'),
 (770,111,'Calcium Lactate (pcs)',1.00,1.00,'2011-11-18 20:54:10'),
 (771,112,'Choramphenicol 500g ',1.00,1.00,'2011-11-18 20:54:10'),
 (772,113,'Choramphenicol 500g (pcs)',1.00,1.00,'2011-11-18 20:54:10'),
 (773,114,'Combinex 40g',1.00,1.00,'2011-11-18 20:54:10'),
 (774,115,'Combinex 86g',1.00,1.00,'2011-11-18 20:54:10'),
 (775,116,'Dextrolyte 100ml',1.00,1.00,'2011-11-18 20:54:10'),
 (776,117,'Disposable Syringe 10ml',1.00,1.00,'2011-11-18 20:54:10'),
 (777,118,'Disposable Syringe 5ml',1.00,1.00,'2011-11-18 20:54:10'),
 (778,119,'Disposable Syringe 3ml',1.00,1.00,'2011-11-18 20:54:10'),
 (779,120,'Disposable Syringe 2.5ml',1.00,1.00,'2011-11-18 20:54:10'),
 (780,121,'Disposable Syringe 1ml',1.00,1.00,'2011-11-18 20:54:10'),
 (781,122,'Doxylak Forte 7g x 48',1.00,1.00,'2011-11-18 20:54:10'),
 (782,123,'Doxylak Forte 7g (pcs)',1.00,1.00,'2011-11-18 20:54:10'),
 (783,124,'Electrolyte Proto-lyte 250ml',1.00,1.00,'2011-11-18 20:54:10'),
 (784,125,'Hammer 200s',1.00,1.00,'2011-11-18 20:54:10'),
 (785,126,'Hammer (pcs)',-19.00,-19.00,'2011-11-18 20:54:10'),
 (786,127,'LDI-B12 100s',1.00,1.00,'2011-11-18 20:54:10'),
 (787,128,'LDI-B12 (pcs)',1.00,1.00,'2011-11-18 20:54:10'),
 (788,129,'Multivitamins',1.00,1.00,'2011-11-18 20:54:10'),
 (789,130,'Multivitamins (pcs)',1.00,1.00,'2011-11-18 20:54:10'),
 (790,131,'Nutridrench 15ml',1.00,1.00,'2011-11-18 20:54:10'),
 (791,132,'Trisulak 7g x 48',1.00,1.00,'2011-11-18 20:54:10'),
 (792,133,'Trisulak 7g (pcs)',1.00,1.00,'2011-11-18 20:54:10'),
 (793,134,'Viminolak 100s',1.00,1.00,'2011-11-18 20:54:10'),
 (794,135,'Viminolak (pcs)',1.00,1.00,'2011-11-18 20:54:10'),
 (795,136,'B-12 AAFEES',1.00,1.00,'2011-11-18 20:54:10'),
 (796,137,'Wormal 100s',1.00,1.00,'2011-11-18 20:54:10'),
 (797,138,'Wormal (pcs)',1.00,1.00,'2011-11-18 20:54:10'),
 (798,139,'Complexor 3000 10ml',1.00,1.00,'2011-11-18 20:54:10'),
 (799,140,'Pusham 10ml x 30',1.00,1.00,'2011-11-18 20:54:10'),
 (800,141,'Pusham 10ml (pcs)',1.00,1.00,'2011-11-18 20:54:10'),
 (801,142,'Tiki-Tiki',-7.00,-7.00,'2011-11-18 20:54:10'),
 (802,143,'FCP',1.00,1.00,'2011-11-18 20:54:10'),
 (803,144,'FCC',3.00,3.00,'2011-11-18 20:54:10'),
 (804,145,'KOI',15.00,15.00,'2011-11-18 20:54:10'),
 (805,146,'Fine Corn',6.00,6.00,'2011-11-18 20:54:10'),
 (806,147,'RFG',11.00,11.00,'2011-11-18 20:54:10'),
 (807,148,'FRYBOOSTER',3.00,3.00,'2011-11-18 20:54:10'),
 (808,149,'Slashertone',1.00,1.00,'2011-11-18 20:54:10'),
 (915,1,'CBM',7.00,7.00,'2011-11-18 21:53:10'),
 (916,2,'CSM',3.00,3.00,'2011-11-18 21:53:10'),
 (917,3,'CGM',28.00,28.00,'2011-11-18 21:53:10'),
 (918,4,'CLM',13.00,13.00,'2011-11-18 21:53:10'),
 (919,5,'BSC',9.00,9.00,'2011-11-18 21:53:10'),
 (920,6,'BFC',20.00,20.00,'2011-11-18 21:53:10'),
 (921,7,'Milko Plus',12.00,12.00,'2011-11-18 21:53:10'),
 (922,8,'NSP',86.00,86.00,'2011-11-18 21:53:10'),
 (923,9,'NGP',33.00,33.00,'2011-11-18 21:53:10'),
 (924,10,'NBP',105.00,105.00,'2011-11-18 21:53:10'),
 (925,11,'PSP',71.00,71.00,'2011-11-18 21:53:10'),
 (926,12,'LSP',47.00,47.00,'2011-11-18 21:53:10'),
 (927,13,'PGP',1.00,1.00,'2011-11-18 21:53:10'),
 (928,14,'PGR',3.00,3.00,'2011-11-18 21:53:10'),
 (929,15,'NLB',16.00,16.00,'2011-11-18 21:53:10'),
 (930,16,'NLB-pack',0.00,0.00,'2011-11-18 21:53:10'),
 (931,17,'NLP',39.00,39.00,'2011-11-18 21:53:10'),
 (932,18,'NLP-pack',0.00,0.00,'2011-11-18 21:53:10'),
 (933,19,'HSC',7.00,7.00,'2011-11-18 21:53:10'),
 (934,20,'HGP',16.00,16.00,'2011-11-18 21:53:10'),
 (935,21,'HFP',14.00,14.00,'2011-11-18 21:53:10'),
 (936,22,'PDP (s)',30.00,30.00,'2011-11-18 21:53:10'),
 (937,23,'PDP (o)',33.00,33.00,'2011-11-18 21:53:10'),
 (938,24,'7 Kinds',12.00,12.00,'2011-11-18 21:53:10'),
 (939,25,'Slasher',6.00,6.00,'2011-11-18 21:53:10'),
 (940,26,'C-Corn',32.00,32.00,'2011-11-18 21:53:10'),
 (941,27,'Christine',66.00,66.00,'2011-11-18 21:53:10'),
 (942,28,'RED RICE',18.00,18.00,'2011-11-18 21:53:10'),
 (943,29,'Royal Crown',192.00,192.00,'2011-11-18 21:53:10'),
 (944,30,'Honey ',115.00,115.00,'2011-11-18 21:53:10'),
 (945,31,'THB Booster',8.00,8.00,'2011-11-18 21:53:10'),
 (946,32,'THB Booster-pack',0.00,0.00,'2011-11-18 21:53:10'),
 (947,33,'THB Developer',5.00,5.00,'2011-11-18 21:53:10'),
 (948,34,'THB Developer-pack',0.00,0.00,'2011-11-18 21:53:10'),
 (949,35,'THB Enertone',0.00,0.00,'2011-11-18 21:53:10'),
 (950,36,'THB Enertone-pack',0.00,0.00,'2011-11-18 21:53:10'),
 (951,37,'THB Platinum',6.00,6.00,'2011-11-18 21:53:10'),
 (952,38,'THB Platinum-pack',0.00,0.00,'2011-11-18 21:53:10'),
 (953,39,'THB Hi-Protein',1.00,1.00,'2011-11-18 21:53:10'),
 (954,40,'THB Hi-Protein-pack',0.00,0.00,'2011-11-18 21:53:10'),
 (955,41,'THB Successor',1.00,1.00,'2011-11-18 21:53:10'),
 (956,42,'THB Successor-pack',0.00,0.00,'2011-11-18 21:53:10'),
 (957,43,'THB Multigrain',0.00,0.00,'2011-11-18 21:53:10'),
 (958,44,'THB Multigrain-pack',0.00,0.00,'2011-11-18 21:53:10'),
 (959,45,'THB Hi-Lander',0.00,0.00,'2011-11-18 21:53:10'),
 (960,46,'THB Hi-Lander-pack',0.00,0.00,'2011-11-18 21:53:10'),
 (961,47,'FRYMASH',10.00,10.00,'2011-11-18 21:53:10'),
 (962,48,'PBC',5.00,5.00,'2011-11-18 21:53:10'),
 (963,49,'PBS',0.00,0.00,'2011-11-18 21:53:10'),
 (964,50,'PBG',0.00,0.00,'2011-11-18 21:53:10'),
 (965,51,'PBF',5.00,5.00,'2011-11-18 21:53:10'),
 (966,52,'SBS',23.00,23.00,'2011-11-18 21:53:10'),
 (967,53,'SBG',0.00,0.00,'2011-11-18 21:53:10'),
 (968,54,'SBF',5.00,5.00,'2011-11-18 21:53:10'),
 (969,55,'Apralyte 6g x 48',0.00,0.00,'2011-11-18 21:53:10'),
 (970,56,'Apralyte 6g (pcs)',0.00,0.00,'2011-11-18 21:53:10'),
 (971,57,'Bacterid 100ml',0.00,0.00,'2011-11-18 21:53:10'),
 (972,58,'Bacterid 10ml',0.00,0.00,'2011-11-18 21:53:10'),
 (973,59,'Baxidil SE 6g x 48',0.00,0.00,'2011-11-18 21:53:10'),
 (974,60,'Baxidil SE 6g (pcs)',0.00,0.00,'2011-11-18 21:53:10'),
 (975,61,'Baxidil 7g x 48',0.00,0.00,'2011-11-18 21:53:10'),
 (976,62,'Baxidil 7g (pcs)',0.00,0.00,'2011-11-18 21:53:10'),
 (977,63,'Bexan SP 100ml',0.00,0.00,'2011-11-18 21:53:10'),
 (978,64,'Bexan SP 10ml',0.00,0.00,'2011-11-18 21:53:10'),
 (979,65,'Bexan SP 20ml',0.00,0.00,'2011-11-18 21:53:10'),
 (980,66,'Bexan XP 100ml',0.00,0.00,'2011-11-18 21:53:10'),
 (981,67,'Bexan XP 20ml',0.00,0.00,'2011-11-18 21:53:10'),
 (982,68,'Bexan XP 10ml',0.00,0.00,'2011-11-18 21:53:10'),
 (983,69,'Electrogen D+ 20g x 12',0.00,0.00,'2011-11-18 21:53:10'),
 (984,70,'Electrogen D+ 20g (pcs)',0.00,0.00,'2011-11-18 21:53:10'),
 (985,71,'Jectran Premium 100ml',0.00,0.00,'2011-11-18 21:53:10'),
 (986,72,'Jectran Premium 20ml',0.00,0.00,'2011-11-18 21:53:10'),
 (987,73,'Jectran Premium 10ml',0.00,0.00,'2011-11-18 21:53:10'),
 (988,74,'Latigo 1000 SD 5g x 48',0.00,0.00,'2011-11-18 21:53:10'),
 (989,75,'Latigo 1000 SD 5g (pcs)',0.00,0.00,'2011-11-18 21:53:10'),
 (990,76,'Latigo 1000 MD 10g x 24',0.00,0.00,'2011-11-18 21:53:10'),
 (991,77,'Latigo 1000 MD 10g (pcs)',0.00,0.00,'2011-11-18 21:53:10'),
 (992,78,'Major D 20ml x 30',0.00,0.00,'2011-11-18 21:53:10'),
 (993,79,'Major D 20ml (pcs)',0.00,0.00,'2011-11-18 21:53:10'),
 (994,80,'Mammavet 100ml',0.00,0.00,'2011-11-18 21:53:10'),
 (995,81,'Mammavet 10ml',0.00,0.00,'2011-11-18 21:53:10'),
 (996,82,'Sustalin LA 100ml',0.00,0.00,'2011-11-18 21:53:10'),
 (997,83,'Sustalin LA 10ml',0.00,0.00,'2011-11-18 21:53:10'),
 (998,84,'Vetracin Classic 5g x 48 ',0.00,0.00,'2011-11-18 21:53:10'),
 (999,85,'Vetracin Classic 5g (pcs)',0.00,0.00,'2011-11-18 21:53:10'),
 (1000,86,'Vetracin Gold 5g x 48',0.00,0.00,'2011-11-18 21:53:10'),
 (1001,87,'Vetracin Gold 5g (pcs)',0.00,0.00,'2011-11-18 21:53:10'),
 (1002,88,'Vetracin Gold Capsule',0.00,0.00,'2011-11-18 21:53:10'),
 (1003,89,'Vetracin Gold Capsule (pcs)',0.00,0.00,'2011-11-18 21:53:10'),
 (1004,90,'Vetracin Premium 5g x 48',0.00,0.00,'2011-11-18 21:53:10'),
 (1005,91,'Vetracin Premium 5g (pcs)',0.00,0.00,'2011-11-18 21:53:10'),
 (1006,92,'Viton-500 10ml',0.00,0.00,'2011-11-18 21:53:10'),
 (1007,93,'Cecical 200g',0.00,0.00,'2011-11-18 21:53:10'),
 (1008,94,'Pidro 2.4g x 50',0.00,0.00,'2011-11-18 21:53:10'),
 (1009,95,'Pidro 2.4g (pcs)',0.00,0.00,'2011-11-18 21:53:10'),
 (1010,96,'V-22 200g',0.00,0.00,'2011-11-18 21:53:10'),
 (1011,97,'V-22 Tablet 100 ',0.00,0.00,'2011-11-18 21:53:10'),
 (1012,98,'DCM 50ml',0.00,0.00,'2011-11-18 21:53:10'),
 (1013,99,'Redbik 100ml',0.00,0.00,'2011-11-18 21:53:10'),
 (1014,100,'Redbik 10ml',0.00,0.00,'2011-11-18 21:53:10'),
 (1015,101,'TMPS Pig Doser 120ml',0.00,0.00,'2011-11-18 21:53:10'),
 (1016,102,'Amtyl 500 100s',0.00,0.00,'2011-11-18 21:53:10'),
 (1017,103,'Amtyl 500 (pcs)',0.00,0.00,'2011-11-18 21:53:10'),
 (1018,104,'B-50 Forteen 200s',0.00,0.00,'2011-11-18 21:53:10'),
 (1019,105,'B-50 Forteen (pcs)',0.00,0.00,'2011-11-18 21:53:10'),
 (1020,106,'Belamyl 100ml',0.00,0.00,'2011-11-18 21:53:10'),
 (1021,107,'Belamyl 20ml',0.00,0.00,'2011-11-18 21:53:10'),
 (1022,108,'Belamyl 10ml',0.00,0.00,'2011-11-18 21:53:10'),
 (1023,109,'Belamyl 50ml',0.00,0.00,'2011-11-18 21:53:10'),
 (1024,110,'Calcium Lactate ',0.00,0.00,'2011-11-18 21:53:10'),
 (1025,111,'Calcium Lactate (pcs)',0.00,0.00,'2011-11-18 21:53:10'),
 (1026,112,'Choramphenicol 500g ',0.00,0.00,'2011-11-18 21:53:10'),
 (1027,113,'Choramphenicol 500g (pcs)',0.00,0.00,'2011-11-18 21:53:10'),
 (1028,114,'Combinex 40g',0.00,0.00,'2011-11-18 21:53:10'),
 (1029,115,'Combinex 86g',0.00,0.00,'2011-11-18 21:53:10'),
 (1030,116,'Dextrolyte 100ml',0.00,0.00,'2011-11-18 21:53:10'),
 (1031,117,'Disposable Syringe 10ml',0.00,0.00,'2011-11-18 21:53:10'),
 (1032,118,'Disposable Syringe 5ml',0.00,0.00,'2011-11-18 21:53:10'),
 (1033,119,'Disposable Syringe 3ml',0.00,0.00,'2011-11-18 21:53:10'),
 (1034,120,'Disposable Syringe 2.5ml',0.00,0.00,'2011-11-18 21:53:10'),
 (1035,121,'Disposable Syringe 1ml',0.00,0.00,'2011-11-18 21:53:10'),
 (1036,122,'Doxylak Forte 7g x 48',0.00,0.00,'2011-11-18 21:53:10'),
 (1037,123,'Doxylak Forte 7g (pcs)',0.00,0.00,'2011-11-18 21:53:10'),
 (1038,124,'Electrolyte Proto-lyte 250ml',0.00,0.00,'2011-11-18 21:53:10'),
 (1039,125,'Hammer 200s',0.00,0.00,'2011-11-18 21:53:10'),
 (1040,126,'Hammer (pcs)',0.00,0.00,'2011-11-18 21:53:10'),
 (1041,127,'LDI-B12 100s',0.00,0.00,'2011-11-18 21:53:10'),
 (1042,128,'LDI-B12 (pcs)',0.00,0.00,'2011-11-18 21:53:10'),
 (1043,129,'Multivitamins',0.00,0.00,'2011-11-18 21:53:10'),
 (1044,130,'Multivitamins (pcs)',0.00,0.00,'2011-11-18 21:53:10'),
 (1045,131,'Nutridrench 15ml',0.00,0.00,'2011-11-18 21:53:10'),
 (1046,132,'Trisulak 7g x 48',0.00,0.00,'2011-11-18 21:53:10'),
 (1047,133,'Trisulak 7g (pcs)',0.00,0.00,'2011-11-18 21:53:10'),
 (1048,134,'Viminolak 100s',0.00,0.00,'2011-11-18 21:53:10'),
 (1049,135,'Viminolak (pcs)',0.00,0.00,'2011-11-18 21:53:10'),
 (1050,136,'B-12 AAFEES',0.00,0.00,'2011-11-18 21:53:10'),
 (1051,137,'Wormal 100s',0.00,0.00,'2011-11-18 21:53:10'),
 (1052,138,'Wormal (pcs)',0.00,0.00,'2011-11-18 21:53:10'),
 (1053,139,'Complexor 3000 10ml',0.00,0.00,'2011-11-18 21:53:10'),
 (1054,140,'Pusham 10ml x 30',0.00,0.00,'2011-11-18 21:53:10'),
 (1055,141,'Pusham 10ml (pcs)',0.00,0.00,'2011-11-18 21:53:10'),
 (1056,142,'Tiki-Tiki',10.00,10.00,'2011-11-18 21:53:10'),
 (1057,143,'FCP',1.00,1.00,'2011-11-18 21:53:10'),
 (1058,144,'FCC',3.00,3.00,'2011-11-18 21:53:10'),
 (1059,145,'KOI',15.00,15.00,'2011-11-18 21:53:10'),
 (1060,146,'Fine Corn',32.00,32.00,'2011-11-18 21:53:10'),
 (1061,147,'RFG',0.00,0.00,'2011-11-18 21:53:10'),
 (1062,148,'FRYBOOSTER',0.00,0.00,'2011-11-18 21:53:10'),
 (1063,149,'Slashertone',2.00,2.00,'2011-11-18 21:53:10'),
 (1064,150,'Vermex',0.00,0.00,'2011-11-18 21:53:10'),
 (1065,151,'Vermex (pcs)',0.00,0.00,'2011-11-18 21:53:10'),
 (1066,1,'CBM',7.00,7.00,'2011-11-19 08:01:27'),
 (1067,2,'CSM',3.00,3.00,'2011-11-19 08:01:27'),
 (1068,3,'CGM',28.00,28.00,'2011-11-19 08:01:27'),
 (1069,4,'CLM',13.00,13.00,'2011-11-19 08:01:27'),
 (1070,5,'BSC',9.00,9.00,'2011-11-19 08:01:27'),
 (1071,6,'BFC',20.00,20.00,'2011-11-19 08:01:27'),
 (1072,7,'Milko Plus',12.00,12.00,'2011-11-19 08:01:27'),
 (1073,8,'NSP',86.00,86.00,'2011-11-19 08:01:27'),
 (1074,9,'NGP',33.00,33.00,'2011-11-19 08:01:27'),
 (1075,10,'NBP',105.00,105.00,'2011-11-19 08:01:27'),
 (1076,11,'PSP',71.00,71.00,'2011-11-19 08:01:27'),
 (1077,12,'LSP',47.00,47.00,'2011-11-19 08:01:27'),
 (1078,13,'PGP',1.00,1.00,'2011-11-19 08:01:27'),
 (1079,14,'PGR',3.00,3.00,'2011-11-19 08:01:27'),
 (1080,15,'NLB',16.00,16.00,'2011-11-19 08:01:27'),
 (1081,16,'NLB-pack',0.00,0.00,'2011-11-19 08:01:27'),
 (1082,17,'NLP',39.00,39.00,'2011-11-19 08:01:27'),
 (1083,18,'NLP-pack',0.00,0.00,'2011-11-19 08:01:27'),
 (1084,19,'HSC',7.00,7.00,'2011-11-19 08:01:27'),
 (1085,20,'HGP',16.00,16.00,'2011-11-19 08:01:27'),
 (1086,21,'HFP',14.00,14.00,'2011-11-19 08:01:27'),
 (1087,22,'PDP (s)',30.00,30.00,'2011-11-19 08:01:27'),
 (1088,23,'PDP (o)',33.00,33.00,'2011-11-19 08:01:27'),
 (1089,24,'7 Kinds',12.00,12.00,'2011-11-19 08:01:27'),
 (1090,25,'Slasher',6.00,6.00,'2011-11-19 08:01:27'),
 (1091,26,'C-Corn',32.00,32.00,'2011-11-19 08:01:27'),
 (1092,27,'Christine',66.00,66.00,'2011-11-19 08:01:27'),
 (1093,28,'RED RICE',18.00,18.00,'2011-11-19 08:01:27'),
 (1094,29,'Royal Crown',192.00,192.00,'2011-11-19 08:01:27'),
 (1095,30,'Honey ',115.00,115.00,'2011-11-19 08:01:27'),
 (1096,31,'THB Booster',8.00,8.00,'2011-11-19 08:01:27'),
 (1097,32,'THB Booster-pack',0.00,0.00,'2011-11-19 08:01:27'),
 (1098,33,'THB Developer',5.00,5.00,'2011-11-19 08:01:27'),
 (1099,34,'THB Developer-pack',0.00,0.00,'2011-11-19 08:01:27'),
 (1100,35,'THB Enertone',0.00,0.00,'2011-11-19 08:01:27'),
 (1101,36,'THB Enertone-pack',0.00,0.00,'2011-11-19 08:01:27'),
 (1102,37,'THB Platinum',6.00,6.00,'2011-11-19 08:01:27'),
 (1103,38,'THB Platinum-pack',0.00,0.00,'2011-11-19 08:01:27'),
 (1104,39,'THB Hi-Protein',1.00,1.00,'2011-11-19 08:01:27'),
 (1105,40,'THB Hi-Protein-pack',0.00,0.00,'2011-11-19 08:01:27'),
 (1106,41,'THB Successor',1.00,1.00,'2011-11-19 08:01:27'),
 (1107,42,'THB Successor-pack',0.00,0.00,'2011-11-19 08:01:27'),
 (1108,43,'THB Multigrain',0.00,0.00,'2011-11-19 08:01:27'),
 (1109,44,'THB Multigrain-pack',0.00,0.00,'2011-11-19 08:01:27'),
 (1110,45,'THB Hi-Lander',0.00,0.00,'2011-11-19 08:01:27'),
 (1111,46,'THB Hi-Lander-pack',0.00,0.00,'2011-11-19 08:01:27'),
 (1112,47,'FRYMASH',10.00,10.00,'2011-11-19 08:01:27'),
 (1113,48,'PBC',5.00,5.00,'2011-11-19 08:01:27'),
 (1114,49,'PBS',0.00,0.00,'2011-11-19 08:01:27'),
 (1115,50,'PBG',0.00,0.00,'2011-11-19 08:01:27'),
 (1116,51,'PBF',5.00,5.00,'2011-11-19 08:01:27'),
 (1117,52,'SBS',23.00,23.00,'2011-11-19 08:01:27'),
 (1118,53,'SBG',0.00,0.00,'2011-11-19 08:01:27'),
 (1119,54,'SBF',5.00,5.00,'2011-11-19 08:01:27'),
 (1120,55,'Apralyte 6g x 48',0.00,0.00,'2011-11-19 08:01:27'),
 (1121,56,'Apralyte 6g (pcs)',0.00,0.00,'2011-11-19 08:01:27'),
 (1122,57,'Bacterid 100ml',0.00,0.00,'2011-11-19 08:01:27'),
 (1123,58,'Bacterid 10ml',0.00,0.00,'2011-11-19 08:01:27'),
 (1124,59,'Baxidil SE 6g x 48',0.00,0.00,'2011-11-19 08:01:27'),
 (1125,60,'Baxidil SE 6g (pcs)',0.00,0.00,'2011-11-19 08:01:27'),
 (1126,61,'Baxidil 7g x 48',0.00,0.00,'2011-11-19 08:01:27'),
 (1127,62,'Baxidil 7g (pcs)',0.00,0.00,'2011-11-19 08:01:27'),
 (1128,63,'Bexan SP 100ml',0.00,0.00,'2011-11-19 08:01:27'),
 (1129,64,'Bexan SP 10ml',0.00,0.00,'2011-11-19 08:01:27'),
 (1130,65,'Bexan SP 20ml',0.00,0.00,'2011-11-19 08:01:27'),
 (1131,66,'Bexan XP 100ml',0.00,0.00,'2011-11-19 08:01:27'),
 (1132,67,'Bexan XP 20ml',0.00,0.00,'2011-11-19 08:01:27'),
 (1133,68,'Bexan XP 10ml',0.00,0.00,'2011-11-19 08:01:27'),
 (1134,69,'Electrogen D+ 20g x 12',0.00,0.00,'2011-11-19 08:01:27'),
 (1135,70,'Electrogen D+ 20g (pcs)',0.00,0.00,'2011-11-19 08:01:27'),
 (1136,71,'Jectran Premium 100ml',0.00,0.00,'2011-11-19 08:01:27'),
 (1137,72,'Jectran Premium 20ml',0.00,0.00,'2011-11-19 08:01:27'),
 (1138,73,'Jectran Premium 10ml',0.00,0.00,'2011-11-19 08:01:27'),
 (1139,74,'Latigo 1000 SD 5g x 48',0.00,0.00,'2011-11-19 08:01:27'),
 (1140,75,'Latigo 1000 SD 5g (pcs)',0.00,0.00,'2011-11-19 08:01:27'),
 (1141,76,'Latigo 1000 MD 10g x 24',0.00,0.00,'2011-11-19 08:01:27'),
 (1142,77,'Latigo 1000 MD 10g (pcs)',0.00,0.00,'2011-11-19 08:01:27'),
 (1143,78,'Major D 20ml x 30',0.00,0.00,'2011-11-19 08:01:27'),
 (1144,79,'Major D 20ml (pcs)',0.00,0.00,'2011-11-19 08:01:27'),
 (1145,80,'Mammavet 100ml',0.00,0.00,'2011-11-19 08:01:27'),
 (1146,81,'Mammavet 10ml',0.00,0.00,'2011-11-19 08:01:27'),
 (1147,82,'Sustalin LA 100ml',0.00,0.00,'2011-11-19 08:01:27'),
 (1148,83,'Sustalin LA 10ml',0.00,0.00,'2011-11-19 08:01:27'),
 (1149,84,'Vetracin Classic 5g x 48 ',0.00,0.00,'2011-11-19 08:01:27'),
 (1150,85,'Vetracin Classic 5g (pcs)',0.00,0.00,'2011-11-19 08:01:27'),
 (1151,86,'Vetracin Gold 5g x 48',0.00,0.00,'2011-11-19 08:01:27'),
 (1152,87,'Vetracin Gold 5g (pcs)',0.00,0.00,'2011-11-19 08:01:27'),
 (1153,88,'Vetracin Gold Capsule',0.00,0.00,'2011-11-19 08:01:27'),
 (1154,89,'Vetracin Gold Capsule (pcs)',0.00,0.00,'2011-11-19 08:01:27'),
 (1155,90,'Vetracin Premium 5g x 48',0.00,0.00,'2011-11-19 08:01:27'),
 (1156,91,'Vetracin Premium 5g (pcs)',0.00,0.00,'2011-11-19 08:01:27'),
 (1157,92,'Viton-500 10ml',0.00,0.00,'2011-11-19 08:01:27'),
 (1158,93,'Cecical 200g',0.00,0.00,'2011-11-19 08:01:27'),
 (1159,94,'Pidro 2.4g x 50',0.00,0.00,'2011-11-19 08:01:27'),
 (1160,95,'Pidro 2.4g (pcs)',0.00,0.00,'2011-11-19 08:01:27'),
 (1161,96,'V-22 200g',0.00,0.00,'2011-11-19 08:01:27'),
 (1162,97,'V-22 Tablet 100 ',0.00,0.00,'2011-11-19 08:01:27'),
 (1163,98,'DCM 50ml',0.00,0.00,'2011-11-19 08:01:27'),
 (1164,99,'Redbik 100ml',0.00,0.00,'2011-11-19 08:01:27'),
 (1165,100,'Redbik 10ml',0.00,0.00,'2011-11-19 08:01:27'),
 (1166,101,'TMPS Pig Doser 120ml',0.00,0.00,'2011-11-19 08:01:27'),
 (1167,102,'Amtyl 500 100s',0.00,0.00,'2011-11-19 08:01:27'),
 (1168,103,'Amtyl 500 (pcs)',0.00,0.00,'2011-11-19 08:01:27'),
 (1169,104,'B-50 Forteen 200s',0.00,0.00,'2011-11-19 08:01:27'),
 (1170,105,'B-50 Forteen (pcs)',0.00,0.00,'2011-11-19 08:01:27'),
 (1171,106,'Belamyl 100ml',0.00,0.00,'2011-11-19 08:01:27'),
 (1172,107,'Belamyl 20ml',0.00,0.00,'2011-11-19 08:01:27'),
 (1173,108,'Belamyl 10ml',0.00,0.00,'2011-11-19 08:01:27'),
 (1174,109,'Belamyl 50ml',0.00,0.00,'2011-11-19 08:01:27'),
 (1175,110,'Calcium Lactate ',0.00,0.00,'2011-11-19 08:01:27'),
 (1176,111,'Calcium Lactate (pcs)',0.00,0.00,'2011-11-19 08:01:27'),
 (1177,112,'Choramphenicol 500g ',0.00,0.00,'2011-11-19 08:01:27'),
 (1178,113,'Choramphenicol 500g (pcs)',0.00,0.00,'2011-11-19 08:01:27'),
 (1179,114,'Combinex 40g',0.00,0.00,'2011-11-19 08:01:27'),
 (1180,115,'Combinex 86g',0.00,0.00,'2011-11-19 08:01:27'),
 (1181,116,'Dextrolyte 100ml',0.00,0.00,'2011-11-19 08:01:27'),
 (1182,117,'Disposable Syringe 10ml',0.00,0.00,'2011-11-19 08:01:27'),
 (1183,118,'Disposable Syringe 5ml',0.00,0.00,'2011-11-19 08:01:27'),
 (1184,119,'Disposable Syringe 3ml',0.00,0.00,'2011-11-19 08:01:27'),
 (1185,120,'Disposable Syringe 2.5ml',0.00,0.00,'2011-11-19 08:01:27'),
 (1186,121,'Disposable Syringe 1ml',0.00,0.00,'2011-11-19 08:01:27'),
 (1187,122,'Doxylak Forte 7g x 48',0.00,0.00,'2011-11-19 08:01:27'),
 (1188,123,'Doxylak Forte 7g (pcs)',0.00,0.00,'2011-11-19 08:01:27'),
 (1189,124,'Electrolyte Proto-lyte 250ml',0.00,0.00,'2011-11-19 08:01:27'),
 (1190,125,'Hammer 200s',0.00,0.00,'2011-11-19 08:01:27'),
 (1191,126,'Hammer (pcs)',0.00,0.00,'2011-11-19 08:01:27'),
 (1192,127,'LDI-B12 100s',0.00,0.00,'2011-11-19 08:01:27'),
 (1193,128,'LDI-B12 (pcs)',0.00,0.00,'2011-11-19 08:01:27'),
 (1194,129,'Multivitamins',0.00,0.00,'2011-11-19 08:01:27'),
 (1195,130,'Multivitamins (pcs)',0.00,0.00,'2011-11-19 08:01:27'),
 (1196,131,'Nutridrench 15ml',0.00,0.00,'2011-11-19 08:01:27'),
 (1197,132,'Trisulak 7g x 48',0.00,0.00,'2011-11-19 08:01:27'),
 (1198,133,'Trisulak 7g (pcs)',0.00,0.00,'2011-11-19 08:01:27'),
 (1199,134,'Viminolak 100s',0.00,0.00,'2011-11-19 08:01:27'),
 (1200,135,'Viminolak (pcs)',0.00,0.00,'2011-11-19 08:01:27'),
 (1201,136,'B-12 AAFEES',0.00,0.00,'2011-11-19 08:01:27'),
 (1202,137,'Wormal 100s',0.00,0.00,'2011-11-19 08:01:27'),
 (1203,138,'Wormal (pcs)',0.00,0.00,'2011-11-19 08:01:27'),
 (1204,139,'Complexor 3000 10ml',0.00,0.00,'2011-11-19 08:01:27'),
 (1205,140,'Pusham 10ml x 30',0.00,0.00,'2011-11-19 08:01:27'),
 (1206,141,'Pusham 10ml (pcs)',0.00,0.00,'2011-11-19 08:01:27'),
 (1207,142,'Tiki-Tiki',10.00,10.00,'2011-11-19 08:01:27'),
 (1208,143,'FCP',1.00,1.00,'2011-11-19 08:01:27'),
 (1209,144,'FCC',3.00,3.00,'2011-11-19 08:01:27'),
 (1210,145,'KOI',15.00,15.00,'2011-11-19 08:01:27'),
 (1211,146,'Fine Corn',32.00,32.00,'2011-11-19 08:01:27'),
 (1212,147,'RFG',0.00,0.00,'2011-11-19 08:01:27'),
 (1213,148,'FRYBOOSTER',0.00,0.00,'2011-11-19 08:01:27'),
 (1214,149,'Slashertone',2.00,2.00,'2011-11-19 08:01:27'),
 (1215,150,'Vermex',0.00,0.00,'2011-11-19 08:01:27'),
 (1216,151,'Vermex (pcs)',0.00,0.00,'2011-11-19 08:01:27'),
 (1217,1,'CBM',7.00,7.00,'2011-11-20 15:41:12'),
 (1218,2,'CSM',3.00,3.00,'2011-11-20 15:41:12'),
 (1219,3,'CGM',28.00,28.00,'2011-11-20 15:41:12'),
 (1220,4,'CLM',13.00,13.00,'2011-11-20 15:41:12'),
 (1221,5,'BSC',9.00,9.00,'2011-11-20 15:41:12'),
 (1222,6,'BFC',20.00,20.00,'2011-11-20 15:41:12'),
 (1223,7,'Milko Plus',12.00,12.00,'2011-11-20 15:41:12'),
 (1224,8,'NSP',86.00,86.00,'2011-11-20 15:41:12'),
 (1225,9,'NGP',33.00,82.00,'2011-11-20 15:41:12'),
 (1226,10,'NBP',105.00,105.00,'2011-11-20 15:41:12'),
 (1227,11,'PSP',71.00,71.00,'2011-11-20 15:41:12'),
 (1228,12,'LSP',47.00,47.00,'2011-11-20 15:41:12'),
 (1229,13,'PGP',1.00,1.00,'2011-11-20 15:41:12'),
 (1230,14,'PGR',3.00,3.00,'2011-11-20 15:41:12'),
 (1231,15,'NLB',16.00,16.00,'2011-11-20 15:41:12'),
 (1232,16,'NLB-pack',0.00,0.00,'2011-11-20 15:41:12'),
 (1233,17,'NLP',39.00,39.00,'2011-11-20 15:41:12'),
 (1234,18,'NLP-pack',0.00,0.00,'2011-11-20 15:41:12'),
 (1235,19,'HSC',7.00,7.00,'2011-11-20 15:41:12'),
 (1236,20,'HGP',16.00,16.00,'2011-11-20 15:41:12'),
 (1237,21,'HFP',14.00,14.00,'2011-11-20 15:41:12'),
 (1238,22,'PDP (s)',30.00,30.00,'2011-11-20 15:41:12'),
 (1239,23,'PDP (o)',33.00,33.00,'2011-11-20 15:41:12'),
 (1240,24,'7 Kinds',12.00,12.00,'2011-11-20 15:41:12'),
 (1241,25,'Slasher',6.00,6.00,'2011-11-20 15:41:12'),
 (1242,26,'C-Corn',32.00,32.00,'2011-11-20 15:41:12'),
 (1243,27,'Christine',66.00,58.00,'2011-11-20 15:41:12'),
 (1244,28,'RED RICE',18.00,16.00,'2011-11-20 15:41:12'),
 (1245,29,'Royal Crown',192.00,192.00,'2011-11-20 15:41:12'),
 (1246,30,'Honey ',115.00,115.00,'2011-11-20 15:41:12'),
 (1247,31,'THB Booster',8.00,8.00,'2011-11-20 15:41:12'),
 (1248,32,'THB Booster-pack',0.00,0.00,'2011-11-20 15:41:12'),
 (1249,33,'THB Developer',5.00,10.00,'2011-11-20 15:41:12'),
 (1250,34,'THB Developer-pack',0.00,0.00,'2011-11-20 15:41:12'),
 (1251,35,'THB Enertone',0.00,0.00,'2011-11-20 15:41:12'),
 (1252,36,'THB Enertone-pack',0.00,0.00,'2011-11-20 15:41:12'),
 (1253,37,'THB Platinum',6.00,6.00,'2011-11-20 15:41:12'),
 (1254,38,'THB Platinum-pack',0.00,0.00,'2011-11-20 15:41:12'),
 (1255,39,'THB Hi-Protein',1.00,1.00,'2011-11-20 15:41:12'),
 (1256,40,'THB Hi-Protein-pack',0.00,0.00,'2011-11-20 15:41:12'),
 (1257,41,'THB Successor',1.00,1.00,'2011-11-20 15:41:12'),
 (1258,42,'THB Successor-pack',0.00,0.00,'2011-11-20 15:41:12'),
 (1259,43,'THB Multigrain',0.00,1.00,'2011-11-20 15:41:12'),
 (1260,44,'THB Multigrain-pack',0.00,0.00,'2011-11-20 15:41:12'),
 (1261,45,'THB Hi-Lander',0.00,0.00,'2011-11-20 15:41:12'),
 (1262,46,'THB Hi-Lander-pack',0.00,0.00,'2011-11-20 15:41:12'),
 (1263,47,'FRYMASH',10.00,10.00,'2011-11-20 15:41:12'),
 (1264,48,'PBC',5.00,5.00,'2011-11-20 15:41:12'),
 (1265,49,'PBS',0.00,0.00,'2011-11-20 15:41:12'),
 (1266,50,'PBG',0.00,0.00,'2011-11-20 15:41:12'),
 (1267,51,'PBF',5.00,5.00,'2011-11-20 15:41:12'),
 (1268,52,'SBS',23.00,23.00,'2011-11-20 15:41:12'),
 (1269,53,'SBG',0.00,2.00,'2011-11-20 15:41:12'),
 (1270,54,'SBF',5.00,5.00,'2011-11-20 15:41:12'),
 (1271,55,'Apralyte 6g x 48',0.00,0.00,'2011-11-20 15:41:12'),
 (1272,56,'Apralyte 6g (pcs)',0.00,0.00,'2011-11-20 15:41:12'),
 (1273,57,'Bacterid 100ml',0.00,0.00,'2011-11-20 15:41:12'),
 (1274,58,'Bacterid 10ml',0.00,0.00,'2011-11-20 15:41:12'),
 (1275,59,'Baxidil SE 6g x 48',0.00,0.00,'2011-11-20 15:41:12'),
 (1276,60,'Baxidil SE 6g (pcs)',0.00,0.00,'2011-11-20 15:41:12'),
 (1277,61,'Baxidil 7g x 48',0.00,0.00,'2011-11-20 15:41:12'),
 (1278,62,'Baxidil 7g (pcs)',0.00,0.00,'2011-11-20 15:41:12'),
 (1279,63,'Bexan SP 100ml',0.00,0.00,'2011-11-20 15:41:12'),
 (1280,64,'Bexan SP 10ml',0.00,0.00,'2011-11-20 15:41:12'),
 (1281,65,'Bexan SP 20ml',0.00,0.00,'2011-11-20 15:41:12'),
 (1282,66,'Bexan XP 100ml',0.00,0.00,'2011-11-20 15:41:12'),
 (1283,67,'Bexan XP 20ml',0.00,0.00,'2011-11-20 15:41:12'),
 (1284,68,'Bexan XP 10ml',0.00,0.00,'2011-11-20 15:41:12'),
 (1285,69,'Electrogen D+ 20g x 12',0.00,0.00,'2011-11-20 15:41:12'),
 (1286,70,'Electrogen D+ 20g (pcs)',0.00,0.00,'2011-11-20 15:41:12'),
 (1287,71,'Jectran Premium 100ml',0.00,0.00,'2011-11-20 15:41:12'),
 (1288,72,'Jectran Premium 20ml',0.00,0.00,'2011-11-20 15:41:12'),
 (1289,73,'Jectran Premium 10ml',0.00,0.00,'2011-11-20 15:41:12'),
 (1290,74,'Latigo 1000 SD 5g x 48',0.00,0.00,'2011-11-20 15:41:12'),
 (1291,75,'Latigo 1000 SD 5g (pcs)',0.00,0.00,'2011-11-20 15:41:12'),
 (1292,76,'Latigo 1000 MD 10g x 24',0.00,0.00,'2011-11-20 15:41:12'),
 (1293,77,'Latigo 1000 MD 10g (pcs)',0.00,0.00,'2011-11-20 15:41:12'),
 (1294,78,'Major D 20ml x 30',0.00,0.00,'2011-11-20 15:41:12'),
 (1295,79,'Major D 20ml (pcs)',0.00,0.00,'2011-11-20 15:41:12'),
 (1296,80,'Mammavet 100ml',0.00,0.00,'2011-11-20 15:41:12'),
 (1297,81,'Mammavet 10ml',0.00,0.00,'2011-11-20 15:41:12'),
 (1298,82,'Sustalin LA 100ml',0.00,0.00,'2011-11-20 15:41:12'),
 (1299,83,'Sustalin LA 10ml',0.00,0.00,'2011-11-20 15:41:12'),
 (1300,84,'Vetracin Classic 5g x 48 ',0.00,0.00,'2011-11-20 15:41:12'),
 (1301,85,'Vetracin Classic 5g (pcs)',0.00,0.00,'2011-11-20 15:41:12'),
 (1302,86,'Vetracin Gold 5g x 48',0.00,0.00,'2011-11-20 15:41:12'),
 (1303,87,'Vetracin Gold 5g (pcs)',0.00,0.00,'2011-11-20 15:41:12'),
 (1304,88,'Vetracin Gold Capsule',0.00,0.00,'2011-11-20 15:41:12'),
 (1305,89,'Vetracin Gold Capsule (pcs)',0.00,0.00,'2011-11-20 15:41:12'),
 (1306,90,'Vetracin Premium 5g x 48',0.00,0.00,'2011-11-20 15:41:12'),
 (1307,91,'Vetracin Premium 5g (pcs)',0.00,0.00,'2011-11-20 15:41:12'),
 (1308,92,'Viton-500 10ml',0.00,0.00,'2011-11-20 15:41:12'),
 (1309,93,'Cecical 200g',0.00,0.00,'2011-11-20 15:41:12'),
 (1310,94,'Pidro 2.4g x 50',0.00,0.00,'2011-11-20 15:41:12'),
 (1311,95,'Pidro 2.4g (pcs)',0.00,0.00,'2011-11-20 15:41:12'),
 (1312,96,'V-22 200g',0.00,0.00,'2011-11-20 15:41:12'),
 (1313,97,'V-22 Tablet 100 ',0.00,0.00,'2011-11-20 15:41:12'),
 (1314,98,'DCM 50ml',0.00,0.00,'2011-11-20 15:41:12'),
 (1315,99,'Redbik 100ml',0.00,0.00,'2011-11-20 15:41:12'),
 (1316,100,'Redbik 10ml',0.00,0.00,'2011-11-20 15:41:12'),
 (1317,101,'TMPS Pig Doser 120ml',0.00,0.00,'2011-11-20 15:41:12'),
 (1318,102,'Amtyl 500 100s',0.00,0.00,'2011-11-20 15:41:12'),
 (1319,103,'Amtyl 500 (pcs)',0.00,0.00,'2011-11-20 15:41:12'),
 (1320,104,'B-50 Forteen 200s',0.00,0.00,'2011-11-20 15:41:12'),
 (1321,105,'B-50 Forteen (pcs)',0.00,0.00,'2011-11-20 15:41:12'),
 (1322,106,'Belamyl 100ml',0.00,0.00,'2011-11-20 15:41:12'),
 (1323,107,'Belamyl 20ml',0.00,0.00,'2011-11-20 15:41:12'),
 (1324,108,'Belamyl 10ml',0.00,0.00,'2011-11-20 15:41:12'),
 (1325,109,'Belamyl 50ml',0.00,0.00,'2011-11-20 15:41:12'),
 (1326,110,'Calcium Lactate ',0.00,0.00,'2011-11-20 15:41:12'),
 (1327,111,'Calcium Lactate (pcs)',0.00,0.00,'2011-11-20 15:41:12'),
 (1328,112,'Choramphenicol 500g ',0.00,0.00,'2011-11-20 15:41:12'),
 (1329,113,'Choramphenicol 500g (pcs)',0.00,0.00,'2011-11-20 15:41:12'),
 (1330,114,'Combinex 40g',0.00,0.00,'2011-11-20 15:41:12'),
 (1331,115,'Combinex 86g',0.00,0.00,'2011-11-20 15:41:12'),
 (1332,116,'Dextrolyte 100ml',0.00,0.00,'2011-11-20 15:41:12'),
 (1333,117,'Disposable Syringe 10ml',0.00,0.00,'2011-11-20 15:41:12'),
 (1334,118,'Disposable Syringe 5ml',0.00,0.00,'2011-11-20 15:41:12'),
 (1335,119,'Disposable Syringe 3ml',0.00,0.00,'2011-11-20 15:41:12'),
 (1336,120,'Disposable Syringe 2.5ml',0.00,0.00,'2011-11-20 15:41:12'),
 (1337,121,'Disposable Syringe 1ml',0.00,0.00,'2011-11-20 15:41:12'),
 (1338,122,'Doxylak Forte 7g x 48',0.00,0.00,'2011-11-20 15:41:12'),
 (1339,123,'Doxylak Forte 7g (pcs)',0.00,0.00,'2011-11-20 15:41:12'),
 (1340,124,'Electrolyte Proto-lyte 250ml',0.00,0.00,'2011-11-20 15:41:12'),
 (1341,125,'Hammer 200s',0.00,0.00,'2011-11-20 15:41:12'),
 (1342,126,'Hammer (pcs)',0.00,0.00,'2011-11-20 15:41:12'),
 (1343,127,'LDI-B12 100s',0.00,0.00,'2011-11-20 15:41:12'),
 (1344,128,'LDI-B12 (pcs)',0.00,0.00,'2011-11-20 15:41:12'),
 (1345,129,'Multivitamins',0.00,0.00,'2011-11-20 15:41:12'),
 (1346,130,'Multivitamins (pcs)',0.00,0.00,'2011-11-20 15:41:12'),
 (1347,131,'Nutridrench 15ml',0.00,0.00,'2011-11-20 15:41:12'),
 (1348,132,'Trisulak 7g x 48',0.00,0.00,'2011-11-20 15:41:12'),
 (1349,133,'Trisulak 7g (pcs)',0.00,0.00,'2011-11-20 15:41:12'),
 (1350,134,'Viminolak 100s',0.00,0.00,'2011-11-20 15:41:12'),
 (1351,135,'Viminolak (pcs)',0.00,0.00,'2011-11-20 15:41:12'),
 (1352,136,'B-12 AAFEES',0.00,0.00,'2011-11-20 15:41:12'),
 (1353,137,'Wormal 100s',0.00,0.00,'2011-11-20 15:41:12'),
 (1354,138,'Wormal (pcs)',0.00,0.00,'2011-11-20 15:41:12'),
 (1355,139,'Complexor 3000 10ml',0.00,0.00,'2011-11-20 15:41:12'),
 (1356,140,'Pusham 10ml x 30',0.00,0.00,'2011-11-20 15:41:12'),
 (1357,141,'Pusham 10ml (pcs)',0.00,0.00,'2011-11-20 15:41:12'),
 (1358,142,'Tiki-Tiki',10.00,10.00,'2011-11-20 15:41:12'),
 (1359,143,'FCP',1.00,1.00,'2011-11-20 15:41:12'),
 (1360,144,'FCC',3.00,3.00,'2011-11-20 15:41:12'),
 (1361,145,'KOI',15.00,15.00,'2011-11-20 15:41:12'),
 (1362,146,'Fine Corn',32.00,32.00,'2011-11-20 15:41:12'),
 (1363,147,'RFG',0.00,0.00,'2011-11-20 15:41:12'),
 (1364,148,'FRYBOOSTER',0.00,0.00,'2011-11-20 15:41:12'),
 (1365,149,'Slashertone',2.00,2.00,'2011-11-20 15:41:12'),
 (1366,150,'Vermex',0.00,0.00,'2011-11-20 15:41:12'),
 (1367,151,'Vermex (pcs)',0.00,0.00,'2011-11-20 15:41:12'),
 (1368,1,'CBM',7.00,7.00,'2011-11-22 08:08:59'),
 (1369,2,'CSM',7.00,7.00,'2011-11-22 08:08:59'),
 (1370,3,'CGM',28.00,28.00,'2011-11-22 08:08:59'),
 (1371,4,'CLM',137.00,137.00,'2011-11-22 08:08:59'),
 (1372,5,'BSC',39.00,39.00,'2011-11-22 08:08:59'),
 (1373,6,'BFC',20.00,20.00,'2011-11-22 08:08:59'),
 (1374,7,'Milko Plus',10.00,10.00,'2011-11-22 08:08:59'),
 (1375,8,'NSP',173.00,173.00,'2011-11-22 08:08:59'),
 (1376,9,'NGP',723.00,723.00,'2011-11-22 08:08:59'),
 (1377,10,'NBP',0.00,0.00,'2011-11-22 08:08:59'),
 (1378,11,'PSP',111.00,111.00,'2011-11-22 08:08:59'),
 (1379,12,'LSP',0.00,0.00,'2011-11-22 08:08:59'),
 (1380,13,'PGP',1.00,1.00,'2011-11-22 08:08:59'),
 (1381,14,'PGR',15.00,15.00,'2011-11-22 08:08:59'),
 (1382,15,'NLB',16.00,16.00,'2011-11-22 08:08:59'),
 (1383,16,'NLB-pack',0.00,0.00,'2011-11-22 08:08:59'),
 (1384,17,'NLP',85.00,85.00,'2011-11-22 08:08:59'),
 (1385,18,'NLP-pack',0.00,0.00,'2011-11-22 08:08:59'),
 (1386,19,'HSC',7.00,7.00,'2011-11-22 08:08:59');
INSERT INTO `inventory` (`id`,`item_id`,`item_code`,`beginning_balance`,`ending_balance`,`date`) VALUES 
 (1387,20,'HGP',44.00,44.00,'2011-11-22 08:08:59'),
 (1388,21,'HFP',14.00,14.00,'2011-11-22 08:08:59'),
 (1389,22,'PDP (s)',30.00,30.00,'2011-11-22 08:08:59'),
 (1390,23,'PDP (o)',32.00,32.00,'2011-11-22 08:08:59'),
 (1391,24,'7 Kinds',11.00,11.00,'2011-11-22 08:08:59'),
 (1392,25,'Slasher',6.00,6.00,'2011-11-22 08:08:59'),
 (1393,26,'C-Corn',42.00,42.00,'2011-11-22 08:08:59'),
 (1394,27,'Christine',0.00,0.00,'2011-11-22 08:08:59'),
 (1395,28,'RED RICE',12.00,12.00,'2011-11-22 08:08:59'),
 (1396,29,'Royal Crown',0.00,0.00,'2011-11-22 08:08:59'),
 (1397,30,'Honey ',0.00,0.00,'2011-11-22 08:08:59'),
 (1398,31,'THB Booster',7.00,7.00,'2011-11-22 08:08:59'),
 (1399,32,'THB Booster-pack',0.00,0.00,'2011-11-22 08:08:59'),
 (1400,33,'THB Developer',9.00,9.00,'2011-11-22 08:08:59'),
 (1401,34,'THB Developer-pack',0.00,0.00,'2011-11-22 08:08:59'),
 (1402,35,'THB Enertone',0.00,0.00,'2011-11-22 08:08:59'),
 (1403,36,'THB Enertone-pack',0.00,0.00,'2011-11-22 08:08:59'),
 (1404,37,'THB Platinum',6.00,6.00,'2011-11-22 08:08:59'),
 (1405,38,'THB Platinum-pack',0.00,0.00,'2011-11-22 08:08:59'),
 (1406,39,'THB Hi-Protein',1.00,1.00,'2011-11-22 08:08:59'),
 (1407,40,'THB Hi-Protein-pack',0.00,0.00,'2011-11-22 08:08:59'),
 (1408,41,'THB Successor',1.00,1.00,'2011-11-22 08:08:59'),
 (1409,42,'THB Successor-pack',0.00,0.00,'2011-11-22 08:08:59'),
 (1410,43,'THB Multigrain',1.00,1.00,'2011-11-22 08:08:59'),
 (1411,44,'THB Multigrain-pack',0.00,0.00,'2011-11-22 08:08:59'),
 (1412,45,'THB Hi-Lander',0.00,0.00,'2011-11-22 08:08:59'),
 (1413,46,'THB Hi-Lander-pack',0.00,0.00,'2011-11-22 08:08:59'),
 (1414,47,'FRYMASH',8.00,8.00,'2011-11-22 08:08:59'),
 (1415,48,'PBC',5.00,5.00,'2011-11-22 08:08:59'),
 (1416,49,'PBS',0.00,0.00,'2011-11-22 08:08:59'),
 (1417,50,'PBG',0.00,0.00,'2011-11-22 08:08:59'),
 (1418,51,'PBF',5.00,5.00,'2011-11-22 08:08:59'),
 (1419,52,'SBS',22.00,22.00,'2011-11-22 08:08:59'),
 (1420,53,'SBG',2.00,2.00,'2011-11-22 08:08:59'),
 (1421,54,'SBF',2.00,2.00,'2011-11-22 08:08:59'),
 (1422,55,'Apralyte 6g x 48',0.00,0.00,'2011-11-22 08:08:59'),
 (1423,56,'Apralyte 6g (pcs)',0.00,0.00,'2011-11-22 08:08:59'),
 (1424,57,'Bacterid 100ml',0.00,0.00,'2011-11-22 08:08:59'),
 (1425,58,'Bacterid 10ml',0.00,0.00,'2011-11-22 08:08:59'),
 (1426,59,'Baxidil SE 6g x 48',0.00,0.00,'2011-11-22 08:08:59'),
 (1427,60,'Baxidil SE 6g (pcs)',0.00,0.00,'2011-11-22 08:08:59'),
 (1428,61,'Baxidil 7g x 48',0.00,0.00,'2011-11-22 08:08:59'),
 (1429,62,'Baxidil 7g (pcs)',0.00,0.00,'2011-11-22 08:08:59'),
 (1430,63,'Bexan SP 100ml',0.00,0.00,'2011-11-22 08:08:59'),
 (1431,64,'Bexan SP 10ml',0.00,0.00,'2011-11-22 08:08:59'),
 (1432,65,'Bexan SP 20ml',0.00,0.00,'2011-11-22 08:08:59'),
 (1433,66,'Bexan XP 100ml',0.00,0.00,'2011-11-22 08:08:59'),
 (1434,67,'Bexan XP 20ml',0.00,0.00,'2011-11-22 08:08:59'),
 (1435,68,'Bexan XP 10ml',0.00,0.00,'2011-11-22 08:08:59'),
 (1436,69,'Electrogen D+ 20g x 12',0.00,0.00,'2011-11-22 08:08:59'),
 (1437,70,'Electrogen D+ 20g (pcs)',0.00,0.00,'2011-11-22 08:08:59'),
 (1438,71,'Jectran Premium 100ml',0.00,0.00,'2011-11-22 08:08:59'),
 (1439,72,'Jectran Premium 20ml',0.00,0.00,'2011-11-22 08:08:59'),
 (1440,73,'Jectran Premium 10ml',0.00,0.00,'2011-11-22 08:08:59'),
 (1441,74,'Latigo 1000 SD 5g x 48',0.00,0.00,'2011-11-22 08:08:59'),
 (1442,75,'Latigo 1000 SD 5g (pcs)',0.00,0.00,'2011-11-22 08:08:59'),
 (1443,76,'Latigo 1000 MD 10g x 24',0.00,0.00,'2011-11-22 08:08:59'),
 (1444,77,'Latigo 1000 MD 10g (pcs)',0.00,0.00,'2011-11-22 08:08:59'),
 (1445,78,'Major D 20ml x 30',0.00,0.00,'2011-11-22 08:08:59'),
 (1446,79,'Major D 20ml (pcs)',0.00,0.00,'2011-11-22 08:08:59'),
 (1447,80,'Mammavet 100ml',0.00,0.00,'2011-11-22 08:08:59'),
 (1448,81,'Mammavet 10ml',0.00,0.00,'2011-11-22 08:08:59'),
 (1449,82,'Sustalin LA 100ml',0.00,0.00,'2011-11-22 08:08:59'),
 (1450,83,'Sustalin LA 10ml',0.00,0.00,'2011-11-22 08:08:59'),
 (1451,84,'Vetracin Classic 5g x 48 ',0.00,0.00,'2011-11-22 08:08:59'),
 (1452,85,'Vetracin Classic 5g (pcs)',0.00,0.00,'2011-11-22 08:08:59'),
 (1453,86,'Vetracin Gold 5g x 48',0.00,0.00,'2011-11-22 08:08:59'),
 (1454,87,'Vetracin Gold 5g (pcs)',0.00,0.00,'2011-11-22 08:08:59'),
 (1455,88,'Vetracin Gold Capsule',0.00,0.00,'2011-11-22 08:08:59'),
 (1456,89,'Vetracin Gold Capsule (pcs)',0.00,0.00,'2011-11-22 08:08:59'),
 (1457,90,'Vetracin Premium 5g x 48',0.00,0.00,'2011-11-22 08:08:59'),
 (1458,91,'Vetracin Premium 5g (pcs)',0.00,0.00,'2011-11-22 08:08:59'),
 (1459,92,'Viton-500 10ml',0.00,0.00,'2011-11-22 08:08:59'),
 (1460,93,'Cecical 200g',0.00,0.00,'2011-11-22 08:08:59'),
 (1461,94,'Pidro 2.4g x 50',0.00,0.00,'2011-11-22 08:08:59'),
 (1462,95,'Pidro 2.4g (pcs)',0.00,0.00,'2011-11-22 08:08:59'),
 (1463,96,'V-22 200g',0.00,0.00,'2011-11-22 08:08:59'),
 (1464,97,'V-22 Tablet 100 ',0.00,0.00,'2011-11-22 08:08:59'),
 (1465,98,'DCM 50ml',0.00,0.00,'2011-11-22 08:08:59'),
 (1466,99,'Redbik 100ml',0.00,0.00,'2011-11-22 08:08:59'),
 (1467,100,'Redbik 10ml',0.00,0.00,'2011-11-22 08:08:59'),
 (1468,101,'TMPS Pig Doser 120ml',0.00,0.00,'2011-11-22 08:08:59'),
 (1469,102,'Amtyl 500 100s',0.00,0.00,'2011-11-22 08:08:59'),
 (1470,103,'Amtyl 500 (pcs)',0.00,0.00,'2011-11-22 08:08:59'),
 (1471,104,'B-50 Forteen 200s',0.00,0.00,'2011-11-22 08:08:59'),
 (1472,105,'B-50 Forteen (pcs)',0.00,0.00,'2011-11-22 08:08:59'),
 (1473,106,'Belamyl 100ml',0.00,0.00,'2011-11-22 08:08:59'),
 (1474,107,'Belamyl 20ml',0.00,0.00,'2011-11-22 08:08:59'),
 (1475,108,'Belamyl 10ml',0.00,0.00,'2011-11-22 08:08:59'),
 (1476,109,'Belamyl 50ml',0.00,0.00,'2011-11-22 08:08:59'),
 (1477,110,'Calcium Lactate ',0.00,0.00,'2011-11-22 08:08:59'),
 (1478,111,'Calcium Lactate (pcs)',0.00,0.00,'2011-11-22 08:08:59'),
 (1479,112,'Choramphenicol 500g ',0.00,0.00,'2011-11-22 08:08:59'),
 (1480,113,'Choramphenicol 500g (pcs)',0.00,0.00,'2011-11-22 08:08:59'),
 (1481,114,'Combinex 40g',0.00,0.00,'2011-11-22 08:08:59'),
 (1482,115,'Combinex 86g',0.00,0.00,'2011-11-22 08:08:59'),
 (1483,116,'Dextrolyte 100ml',0.00,0.00,'2011-11-22 08:08:59'),
 (1484,117,'Disposable Syringe 10ml',0.00,0.00,'2011-11-22 08:08:59'),
 (1485,118,'Disposable Syringe 5ml',0.00,0.00,'2011-11-22 08:08:59'),
 (1486,119,'Disposable Syringe 3ml',0.00,0.00,'2011-11-22 08:08:59'),
 (1487,120,'Disposable Syringe 2.5ml',0.00,0.00,'2011-11-22 08:08:59'),
 (1488,121,'Disposable Syringe 1ml',0.00,0.00,'2011-11-22 08:08:59'),
 (1489,122,'Doxylak Forte 7g x 48',0.00,0.00,'2011-11-22 08:08:59'),
 (1490,123,'Doxylak Forte 7g (pcs)',0.00,0.00,'2011-11-22 08:08:59'),
 (1491,124,'Electrolyte Proto-lyte 250ml',0.00,0.00,'2011-11-22 08:08:59'),
 (1492,125,'Hammer 200s',0.00,0.00,'2011-11-22 08:08:59'),
 (1493,126,'Hammer (pcs)',0.00,0.00,'2011-11-22 08:08:59'),
 (1494,127,'LDI-B12 100s',0.00,0.00,'2011-11-22 08:08:59'),
 (1495,128,'LDI-B12 (pcs)',0.00,0.00,'2011-11-22 08:08:59'),
 (1496,129,'Multivitamins',0.00,0.00,'2011-11-22 08:08:59'),
 (1497,130,'Multivitamins (pcs)',0.00,0.00,'2011-11-22 08:08:59'),
 (1498,131,'Nutridrench 15ml',0.00,0.00,'2011-11-22 08:08:59'),
 (1499,132,'Trisulak 7g x 48',0.00,0.00,'2011-11-22 08:08:59'),
 (1500,133,'Trisulak 7g (pcs)',0.00,0.00,'2011-11-22 08:08:59'),
 (1501,134,'Viminolak 100s',0.00,0.00,'2011-11-22 08:08:59'),
 (1502,135,'Viminolak (pcs)',0.00,0.00,'2011-11-22 08:08:59'),
 (1503,136,'B-12 AAFEES',0.00,0.00,'2011-11-22 08:08:59'),
 (1504,137,'Wormal 100s',0.00,0.00,'2011-11-22 08:08:59'),
 (1505,138,'Wormal (pcs)',0.00,0.00,'2011-11-22 08:08:59'),
 (1506,139,'Complexor 3000 10ml',0.00,0.00,'2011-11-22 08:08:59'),
 (1507,140,'Pusham 10ml x 30',0.00,0.00,'2011-11-22 08:08:59'),
 (1508,141,'Pusham 10ml (pcs)',0.00,0.00,'2011-11-22 08:08:59'),
 (1509,142,'Tiki-Tiki',15.00,15.00,'2011-11-22 08:08:59'),
 (1510,143,'FCP',1.00,1.00,'2011-11-22 08:08:59'),
 (1511,144,'FCC',3.00,3.00,'2011-11-22 08:08:59'),
 (1512,145,'KOI',15.00,15.00,'2011-11-22 08:08:59'),
 (1513,146,'Fine Corn',6.00,6.00,'2011-11-22 08:08:59'),
 (1514,147,'RFG',0.00,0.00,'2011-11-22 08:08:59'),
 (1515,148,'FRYBOOSTER',0.00,0.00,'2011-11-22 08:08:59'),
 (1516,149,'Slashertone',2.00,2.00,'2011-11-22 08:08:59'),
 (1517,150,'Vermex',0.00,0.00,'2011-11-22 08:08:59'),
 (1518,151,'Vermex (pcs)',0.00,0.00,'2011-11-22 08:08:59'),
 (1519,152,'PEP',0.00,0.00,'2011-11-22 08:08:59'),
 (1520,153,'TMP',6.00,6.00,'2011-11-22 08:08:59'),
 (1521,154,'Cattle Concentrate',2.00,2.00,'2011-11-22 08:08:59'),
 (1522,155,'STF',28.00,28.00,'2011-11-22 08:08:59'),
 (1623,1,'CBM',7.00,7.00,'2011-11-22 08:16:38'),
 (1624,2,'CSM',7.00,7.00,'2011-11-22 08:16:38'),
 (1625,3,'CGM',28.00,28.00,'2011-11-22 08:16:38'),
 (1626,4,'CLM',137.00,137.00,'2011-11-22 08:16:38'),
 (1627,5,'BSC',39.00,39.00,'2011-11-22 08:16:38'),
 (1628,6,'BFC',20.00,20.00,'2011-11-22 08:16:38'),
 (1629,7,'Milko Plus',10.00,10.00,'2011-11-22 08:16:38'),
 (1630,8,'NSP',173.00,173.00,'2011-11-22 08:16:38'),
 (1631,9,'NGP',723.00,723.00,'2011-11-22 08:16:38'),
 (1632,10,'NBP',0.00,549.00,'2011-11-22 08:16:38'),
 (1633,11,'PSP',111.00,111.00,'2011-11-22 08:16:38'),
 (1634,12,'LSP',0.00,134.00,'2011-11-22 08:16:38'),
 (1635,13,'PGP',1.00,1.00,'2011-11-22 08:16:38'),
 (1636,14,'PGR',15.00,15.00,'2011-11-22 08:16:38'),
 (1637,15,'NLB',16.00,16.00,'2011-11-22 08:16:38'),
 (1638,16,'NLB-pack',0.00,0.00,'2011-11-22 08:16:38'),
 (1639,17,'NLP',85.00,85.00,'2011-11-22 08:16:38'),
 (1640,18,'NLP-pack',0.00,0.00,'2011-11-22 08:16:38'),
 (1641,19,'HSC',7.00,7.00,'2011-11-22 08:16:38'),
 (1642,20,'HGP',44.00,44.00,'2011-11-22 08:16:38'),
 (1643,21,'HFP',14.00,14.00,'2011-11-22 08:16:38'),
 (1644,22,'PDP (s)',30.00,30.00,'2011-11-22 08:16:38'),
 (1645,23,'PDP (o)',32.00,32.00,'2011-11-22 08:16:38'),
 (1646,24,'7 Kinds',11.00,11.00,'2011-11-22 08:16:38'),
 (1647,25,'Slasher',6.00,6.00,'2011-11-22 08:16:38'),
 (1648,26,'C-Corn',42.00,42.00,'2011-11-22 08:16:38'),
 (1649,27,'Christine',0.00,31.00,'2011-11-22 08:16:38'),
 (1650,28,'RED RICE',12.00,12.00,'2011-11-22 08:16:38'),
 (1651,29,'Royal Crown',0.00,19.00,'2011-11-22 08:16:38'),
 (1652,30,'Honey ',0.00,13.00,'2011-11-22 08:16:38'),
 (1653,31,'THB Booster',7.00,7.00,'2011-11-22 08:16:38'),
 (1654,32,'THB Booster-pack',0.00,0.00,'2011-11-22 08:16:38'),
 (1655,33,'THB Developer',9.00,9.00,'2011-11-22 08:16:38'),
 (1656,34,'THB Developer-pack',0.00,0.00,'2011-11-22 08:16:38'),
 (1657,35,'THB Enertone',0.00,0.00,'2011-11-22 08:16:38'),
 (1658,36,'THB Enertone-pack',0.00,0.00,'2011-11-22 08:16:38'),
 (1659,37,'THB Platinum',6.00,6.00,'2011-11-22 08:16:38'),
 (1660,38,'THB Platinum-pack',0.00,0.00,'2011-11-22 08:16:38'),
 (1661,39,'THB Hi-Protein',1.00,1.00,'2011-11-22 08:16:38'),
 (1662,40,'THB Hi-Protein-pack',0.00,0.00,'2011-11-22 08:16:38'),
 (1663,41,'THB Successor',1.00,1.00,'2011-11-22 08:16:38'),
 (1664,42,'THB Successor-pack',0.00,0.00,'2011-11-22 08:16:38'),
 (1665,43,'THB Multigrain',1.00,1.00,'2011-11-22 08:16:38'),
 (1666,44,'THB Multigrain-pack',0.00,0.00,'2011-11-22 08:16:38'),
 (1667,45,'THB Hi-Lander',0.00,0.00,'2011-11-22 08:16:38'),
 (1668,46,'THB Hi-Lander-pack',0.00,0.00,'2011-11-22 08:16:38'),
 (1669,47,'FRYMASH',8.00,8.00,'2011-11-22 08:16:38'),
 (1670,48,'PBC',5.00,5.00,'2011-11-22 08:16:38'),
 (1671,49,'PBS',0.00,0.00,'2011-11-22 08:16:38'),
 (1672,50,'PBG',0.00,0.00,'2011-11-22 08:16:38'),
 (1673,51,'PBF',5.00,5.00,'2011-11-22 08:16:38'),
 (1674,52,'SBS',22.00,22.00,'2011-11-22 08:16:38'),
 (1675,53,'SBG',2.00,2.00,'2011-11-22 08:16:38'),
 (1676,54,'SBF',2.00,2.00,'2011-11-22 08:16:38'),
 (1677,55,'Apralyte 6g x 48',0.00,0.00,'2011-11-22 08:16:38'),
 (1678,56,'Apralyte 6g (pcs)',0.00,0.00,'2011-11-22 08:16:38'),
 (1679,57,'Bacterid 100ml',0.00,0.00,'2011-11-22 08:16:38'),
 (1680,58,'Bacterid 10ml',0.00,0.00,'2011-11-22 08:16:38'),
 (1681,59,'Baxidil SE 6g x 48',0.00,0.00,'2011-11-22 08:16:38'),
 (1682,60,'Baxidil SE 6g (pcs)',0.00,0.00,'2011-11-22 08:16:38'),
 (1683,61,'Baxidil 7g x 48',0.00,0.00,'2011-11-22 08:16:38'),
 (1684,62,'Baxidil 7g (pcs)',0.00,0.00,'2011-11-22 08:16:38'),
 (1685,63,'Bexan SP 100ml',0.00,0.00,'2011-11-22 08:16:38'),
 (1686,64,'Bexan SP 10ml',0.00,0.00,'2011-11-22 08:16:38'),
 (1687,65,'Bexan SP 20ml',0.00,0.00,'2011-11-22 08:16:38'),
 (1688,66,'Bexan XP 100ml',0.00,0.00,'2011-11-22 08:16:38'),
 (1689,67,'Bexan XP 20ml',0.00,0.00,'2011-11-22 08:16:38'),
 (1690,68,'Bexan XP 10ml',0.00,0.00,'2011-11-22 08:16:38'),
 (1691,69,'Electrogen D+ 20g x 12',0.00,0.00,'2011-11-22 08:16:38'),
 (1692,70,'Electrogen D+ 20g (pcs)',0.00,0.00,'2011-11-22 08:16:38'),
 (1693,71,'Jectran Premium 100ml',0.00,0.00,'2011-11-22 08:16:38'),
 (1694,72,'Jectran Premium 20ml',0.00,0.00,'2011-11-22 08:16:38'),
 (1695,73,'Jectran Premium 10ml',0.00,0.00,'2011-11-22 08:16:38'),
 (1696,74,'Latigo 1000 SD 5g x 48',0.00,0.00,'2011-11-22 08:16:38'),
 (1697,75,'Latigo 1000 SD 5g (pcs)',0.00,0.00,'2011-11-22 08:16:38'),
 (1698,76,'Latigo 1000 MD 10g x 24',0.00,0.00,'2011-11-22 08:16:38'),
 (1699,77,'Latigo 1000 MD 10g (pcs)',0.00,0.00,'2011-11-22 08:16:38'),
 (1700,78,'Major D 20ml x 30',0.00,0.00,'2011-11-22 08:16:38'),
 (1701,79,'Major D 20ml (pcs)',0.00,0.00,'2011-11-22 08:16:38'),
 (1702,80,'Mammavet 100ml',0.00,0.00,'2011-11-22 08:16:38'),
 (1703,81,'Mammavet 10ml',0.00,0.00,'2011-11-22 08:16:38'),
 (1704,82,'Sustalin LA 100ml',0.00,0.00,'2011-11-22 08:16:38'),
 (1705,83,'Sustalin LA 10ml',0.00,0.00,'2011-11-22 08:16:38'),
 (1706,84,'Vetracin Classic 5g x 48 ',0.00,0.00,'2011-11-22 08:16:38'),
 (1707,85,'Vetracin Classic 5g (pcs)',0.00,0.00,'2011-11-22 08:16:38'),
 (1708,86,'Vetracin Gold 5g x 48',0.00,0.00,'2011-11-22 08:16:38'),
 (1709,87,'Vetracin Gold 5g (pcs)',0.00,0.00,'2011-11-22 08:16:38'),
 (1710,88,'Vetracin Gold Capsule',0.00,0.00,'2011-11-22 08:16:38'),
 (1711,89,'Vetracin Gold Capsule (pcs)',0.00,0.00,'2011-11-22 08:16:38'),
 (1712,90,'Vetracin Premium 5g x 48',0.00,0.00,'2011-11-22 08:16:38'),
 (1713,91,'Vetracin Premium 5g (pcs)',0.00,0.00,'2011-11-22 08:16:38'),
 (1714,92,'Viton-500 10ml',0.00,0.00,'2011-11-22 08:16:38'),
 (1715,93,'Cecical 200g',0.00,0.00,'2011-11-22 08:16:38'),
 (1716,94,'Pidro 2.4g x 50',0.00,0.00,'2011-11-22 08:16:38'),
 (1717,95,'Pidro 2.4g (pcs)',0.00,0.00,'2011-11-22 08:16:38'),
 (1718,96,'V-22 200g',0.00,0.00,'2011-11-22 08:16:38'),
 (1719,97,'V-22 Tablet 100 ',0.00,0.00,'2011-11-22 08:16:38'),
 (1720,98,'DCM 50ml',0.00,0.00,'2011-11-22 08:16:38'),
 (1721,99,'Redbik 100ml',0.00,0.00,'2011-11-22 08:16:38'),
 (1722,100,'Redbik 10ml',0.00,0.00,'2011-11-22 08:16:38'),
 (1723,101,'TMPS Pig Doser 120ml',0.00,0.00,'2011-11-22 08:16:38'),
 (1724,102,'Amtyl 500 100s',0.00,0.00,'2011-11-22 08:16:38'),
 (1725,103,'Amtyl 500 (pcs)',0.00,0.00,'2011-11-22 08:16:38'),
 (1726,104,'B-50 Forteen 200s',0.00,0.00,'2011-11-22 08:16:38'),
 (1727,105,'B-50 Forteen (pcs)',0.00,0.00,'2011-11-22 08:16:38'),
 (1728,106,'Belamyl 100ml',0.00,0.00,'2011-11-22 08:16:38'),
 (1729,107,'Belamyl 20ml',0.00,0.00,'2011-11-22 08:16:38'),
 (1730,108,'Belamyl 10ml',0.00,0.00,'2011-11-22 08:16:38'),
 (1731,109,'Belamyl 50ml',0.00,0.00,'2011-11-22 08:16:38'),
 (1732,110,'Calcium Lactate ',0.00,0.00,'2011-11-22 08:16:38'),
 (1733,111,'Calcium Lactate (pcs)',0.00,0.00,'2011-11-22 08:16:38'),
 (1734,112,'Choramphenicol 500g ',0.00,0.00,'2011-11-22 08:16:38'),
 (1735,113,'Choramphenicol 500g (pcs)',0.00,0.00,'2011-11-22 08:16:38'),
 (1736,114,'Combinex 40g',0.00,0.00,'2011-11-22 08:16:38'),
 (1737,115,'Combinex 86g',0.00,0.00,'2011-11-22 08:16:38'),
 (1738,116,'Dextrolyte 100ml',0.00,0.00,'2011-11-22 08:16:38'),
 (1739,117,'Disposable Syringe 10ml',0.00,0.00,'2011-11-22 08:16:38'),
 (1740,118,'Disposable Syringe 5ml',0.00,0.00,'2011-11-22 08:16:38'),
 (1741,119,'Disposable Syringe 3ml',0.00,0.00,'2011-11-22 08:16:38'),
 (1742,120,'Disposable Syringe 2.5ml',0.00,0.00,'2011-11-22 08:16:38'),
 (1743,121,'Disposable Syringe 1ml',0.00,0.00,'2011-11-22 08:16:38'),
 (1744,122,'Doxylak Forte 7g x 48',0.00,0.00,'2011-11-22 08:16:38'),
 (1745,123,'Doxylak Forte 7g (pcs)',0.00,0.00,'2011-11-22 08:16:38'),
 (1746,124,'Electrolyte Proto-lyte 250ml',0.00,0.00,'2011-11-22 08:16:38'),
 (1747,125,'Hammer 200s',0.00,0.00,'2011-11-22 08:16:38'),
 (1748,126,'Hammer (pcs)',0.00,0.00,'2011-11-22 08:16:38'),
 (1749,127,'LDI-B12 100s',0.00,0.00,'2011-11-22 08:16:38'),
 (1750,128,'LDI-B12 (pcs)',0.00,0.00,'2011-11-22 08:16:38'),
 (1751,129,'Multivitamins',0.00,0.00,'2011-11-22 08:16:38'),
 (1752,130,'Multivitamins (pcs)',0.00,0.00,'2011-11-22 08:16:38'),
 (1753,131,'Nutridrench 15ml',0.00,0.00,'2011-11-22 08:16:38'),
 (1754,132,'Trisulak 7g x 48',0.00,0.00,'2011-11-22 08:16:38'),
 (1755,133,'Trisulak 7g (pcs)',0.00,0.00,'2011-11-22 08:16:38'),
 (1756,134,'Viminolak 100s',0.00,0.00,'2011-11-22 08:16:38'),
 (1757,135,'Viminolak (pcs)',0.00,0.00,'2011-11-22 08:16:38'),
 (1758,136,'B-12 AAFEES',0.00,0.00,'2011-11-22 08:16:38'),
 (1759,137,'Wormal 100s',0.00,0.00,'2011-11-22 08:16:38'),
 (1760,138,'Wormal (pcs)',0.00,0.00,'2011-11-22 08:16:38'),
 (1761,139,'Complexor 3000 10ml',0.00,0.00,'2011-11-22 08:16:38'),
 (1762,140,'Pusham 10ml x 30',0.00,0.00,'2011-11-22 08:16:38'),
 (1763,141,'Pusham 10ml (pcs)',0.00,0.00,'2011-11-22 08:16:38'),
 (1764,142,'Tiki-Tiki',15.00,15.00,'2011-11-22 08:16:38'),
 (1765,143,'FCP',1.00,1.00,'2011-11-22 08:16:38'),
 (1766,144,'FCC',3.00,3.00,'2011-11-22 08:16:38'),
 (1767,145,'KOI',15.00,15.00,'2011-11-22 08:16:38'),
 (1768,146,'Fine Corn',6.00,6.00,'2011-11-22 08:16:38'),
 (1769,147,'RFG',0.00,0.00,'2011-11-22 08:16:38'),
 (1770,148,'FRYBOOSTER',0.00,0.00,'2011-11-22 08:16:38'),
 (1771,149,'Slashertone',2.00,2.00,'2011-11-22 08:16:38'),
 (1772,150,'Vermex',0.00,0.00,'2011-11-22 08:16:38'),
 (1773,151,'Vermex (pcs)',0.00,0.00,'2011-11-22 08:16:38'),
 (1774,152,'PEP',0.00,0.00,'2011-11-22 08:16:38'),
 (1775,153,'TMP',6.00,6.00,'2011-11-22 08:16:38'),
 (1776,154,'Cattle Concentrate',2.00,2.00,'2011-11-22 08:16:38'),
 (1777,155,'STF',28.00,28.00,'2011-11-22 08:16:38'),
 (1878,1,'CBM',7.00,7.00,'2011-11-22 12:31:06'),
 (1879,2,'CSM',7.00,7.00,'2011-11-22 12:31:06'),
 (1880,3,'CGM',28.00,28.00,'2011-11-22 12:31:06'),
 (1881,4,'CLM',137.00,137.00,'2011-11-22 12:31:06'),
 (1882,5,'BSC',39.00,38.00,'2011-11-22 12:31:06'),
 (1883,6,'BFC',20.00,20.00,'2011-11-22 12:31:06'),
 (1884,7,'Milko Plus',10.00,10.00,'2011-11-22 12:31:06'),
 (1885,8,'NSP',173.00,154.00,'2011-11-22 12:31:06'),
 (1886,9,'NGP',723.00,673.00,'2011-11-22 12:31:06'),
 (1887,10,'NBP',549.00,535.00,'2011-11-22 12:31:06'),
 (1888,11,'PSP',111.00,103.00,'2011-11-22 12:31:06'),
 (1889,12,'LSP',134.00,130.00,'2011-11-22 12:31:06'),
 (1890,13,'PGP',1.00,1.00,'2011-11-22 12:31:06'),
 (1891,14,'PGR',15.00,14.00,'2011-11-22 12:31:06'),
 (1892,15,'NLB',16.00,16.00,'2011-11-22 12:31:06'),
 (1893,16,'NLB-pack',0.00,19.00,'2011-11-22 12:31:06'),
 (1894,17,'NLP',85.00,81.00,'2011-11-22 12:31:06'),
 (1895,18,'NLP-pack',0.00,13.00,'2011-11-22 12:31:06'),
 (1896,19,'HSC',7.00,5.00,'2011-11-22 12:31:06'),
 (1897,20,'HGP',44.00,39.00,'2011-11-22 12:31:06'),
 (1898,21,'HFP',14.00,14.00,'2011-11-22 12:31:06'),
 (1899,22,'PDP (s)',30.00,29.00,'2011-11-22 12:31:06'),
 (1900,23,'PDP (o)',32.00,32.00,'2011-11-22 12:31:06'),
 (1901,24,'7 Kinds',11.00,10.00,'2011-11-22 12:31:06'),
 (1902,25,'Slasher',6.00,4.00,'2011-11-22 12:31:06'),
 (1903,26,'C-Corn',42.00,38.00,'2011-11-22 12:31:06'),
 (1904,27,'Christine',31.00,23.00,'2011-11-22 12:31:06'),
 (1905,28,'RED RICE',12.00,12.00,'2011-11-22 12:31:06'),
 (1906,29,'Royal Crown',19.00,19.00,'2011-11-22 12:31:06'),
 (1907,30,'Honey ',13.00,3.00,'2011-11-22 12:31:06'),
 (1908,31,'THB Booster',7.00,7.00,'2011-11-22 12:31:06'),
 (1909,32,'THB Booster-pack',0.00,0.00,'2011-11-22 12:31:06'),
 (1910,33,'THB Developer',9.00,33.00,'2011-11-22 12:31:06'),
 (1911,34,'THB Developer-pack',0.00,0.00,'2011-11-22 12:31:06'),
 (1912,35,'THB Enertone',0.00,0.00,'2011-11-22 12:31:06'),
 (1913,36,'THB Enertone-pack',0.00,0.00,'2011-11-22 12:31:06'),
 (1914,37,'THB Platinum',6.00,6.00,'2011-11-22 12:31:06'),
 (1915,38,'THB Platinum-pack',0.00,0.00,'2011-11-22 12:31:06'),
 (1916,39,'THB Hi-Protein',1.00,1.00,'2011-11-22 12:31:06'),
 (1917,40,'THB Hi-Protein-pack',0.00,0.00,'2011-11-22 12:31:06'),
 (1918,41,'THB Successor',1.00,1.00,'2011-11-22 12:31:06'),
 (1919,42,'THB Successor-pack',0.00,0.00,'2011-11-22 12:31:06'),
 (1920,43,'THB Multigrain',1.00,1.00,'2011-11-22 12:31:06'),
 (1921,44,'THB Multigrain-pack',0.00,0.00,'2011-11-22 12:31:06'),
 (1922,45,'THB Hi-Lander',0.00,0.00,'2011-11-22 12:31:06'),
 (1923,46,'THB Hi-Lander-pack',0.00,0.00,'2011-11-22 12:31:06'),
 (1924,47,'FRYMASH',8.00,8.00,'2011-11-22 12:31:06'),
 (1925,48,'PBC',5.00,5.00,'2011-11-22 12:31:06'),
 (1926,49,'PBS',0.00,0.00,'2011-11-22 12:31:06'),
 (1927,50,'PBG',0.00,0.00,'2011-11-22 12:31:06'),
 (1928,51,'PBF',5.00,5.00,'2011-11-22 12:31:06'),
 (1929,52,'SBS',22.00,22.00,'2011-11-22 12:31:06'),
 (1930,53,'SBG',2.00,2.00,'2011-11-22 12:31:06'),
 (1931,54,'SBF',2.00,2.00,'2011-11-22 12:31:06'),
 (1932,55,'Apralyte 6g x 48',0.00,0.00,'2011-11-22 12:31:06'),
 (1933,56,'Apralyte 6g (pcs)',0.00,0.00,'2011-11-22 12:31:06'),
 (1934,57,'Bacterid 100ml',0.00,0.00,'2011-11-22 12:31:06'),
 (1935,58,'Bacterid 10ml',0.00,0.00,'2011-11-22 12:31:06'),
 (1936,59,'Baxidil SE 6g x 48',0.00,0.00,'2011-11-22 12:31:06'),
 (1937,60,'Baxidil SE 6g (pcs)',0.00,0.00,'2011-11-22 12:31:06'),
 (1938,61,'Baxidil 7g x 48',0.00,0.00,'2011-11-22 12:31:06'),
 (1939,62,'Baxidil 7g (pcs)',0.00,0.00,'2011-11-22 12:31:06'),
 (1940,63,'Bexan SP 100ml',0.00,0.00,'2011-11-22 12:31:06'),
 (1941,64,'Bexan SP 10ml',0.00,0.00,'2011-11-22 12:31:06'),
 (1942,65,'Bexan SP 20ml',0.00,0.00,'2011-11-22 12:31:06'),
 (1943,66,'Bexan XP 100ml',0.00,0.00,'2011-11-22 12:31:06'),
 (1944,67,'Bexan XP 20ml',0.00,0.00,'2011-11-22 12:31:06'),
 (1945,68,'Bexan XP 10ml',0.00,0.00,'2011-11-22 12:31:06'),
 (1946,69,'Electrogen D+ 20g x 12',0.00,0.00,'2011-11-22 12:31:06'),
 (1947,70,'Electrogen D+ 20g (pcs)',0.00,0.00,'2011-11-22 12:31:06'),
 (1948,71,'Jectran Premium 100ml',0.00,0.00,'2011-11-22 12:31:06'),
 (1949,72,'Jectran Premium 20ml',0.00,0.00,'2011-11-22 12:31:06'),
 (1950,73,'Jectran Premium 10ml',0.00,0.00,'2011-11-22 12:31:06'),
 (1951,74,'Latigo 1000 SD 5g x 48',0.00,0.00,'2011-11-22 12:31:06'),
 (1952,75,'Latigo 1000 SD 5g (pcs)',0.00,48.00,'2011-11-22 12:31:06'),
 (1953,76,'Latigo 1000 MD 10g x 24',0.00,0.00,'2011-11-22 12:31:06'),
 (1954,77,'Latigo 1000 MD 10g (pcs)',0.00,12.00,'2011-11-22 12:31:06'),
 (1955,78,'Major D 20ml x 30',0.00,0.00,'2011-11-22 12:31:06'),
 (1956,79,'Major D 20ml (pcs)',0.00,0.00,'2011-11-22 12:31:06'),
 (1957,80,'Mammavet 100ml',0.00,0.00,'2011-11-22 12:31:06'),
 (1958,81,'Mammavet 10ml',0.00,0.00,'2011-11-22 12:31:06'),
 (1959,82,'Sustalin LA 100ml',0.00,0.00,'2011-11-22 12:31:06'),
 (1960,83,'Sustalin LA 10ml',0.00,0.00,'2011-11-22 12:31:06'),
 (1961,84,'Vetracin Classic 5g x 48 ',0.00,0.00,'2011-11-22 12:31:06'),
 (1962,85,'Vetracin Classic 5g (pcs)',0.00,0.00,'2011-11-22 12:31:06'),
 (1963,86,'Vetracin Gold 5g x 48',0.00,4.00,'2011-11-22 12:31:06'),
 (1964,87,'Vetracin Gold 5g (pcs)',0.00,0.00,'2011-11-22 12:31:06'),
 (1965,88,'Vetracin Gold Capsule',0.00,0.00,'2011-11-22 12:31:06'),
 (1966,89,'Vetracin Gold Capsule (pcs)',0.00,0.00,'2011-11-22 12:31:06'),
 (1967,90,'Vetracin Premium 5g x 48',0.00,0.00,'2011-11-22 12:31:06'),
 (1968,91,'Vetracin Premium 5g (pcs)',0.00,0.00,'2011-11-22 12:31:06'),
 (1969,92,'Viton-500 10ml',0.00,0.00,'2011-11-22 12:31:06'),
 (1970,93,'Cecical 200g',0.00,0.00,'2011-11-22 12:31:06'),
 (1971,94,'Pidro 2.4g x 50',0.00,0.00,'2011-11-22 12:31:06'),
 (1972,95,'Pidro 2.4g (pcs)',0.00,0.00,'2011-11-22 12:31:06'),
 (1973,96,'V-22 200g',0.00,0.00,'2011-11-22 12:31:06'),
 (1974,97,'V-22 Tablet 100 ',0.00,0.00,'2011-11-22 12:31:06'),
 (1975,98,'DCM 50ml',0.00,0.00,'2011-11-22 12:31:06'),
 (1976,99,'Redbik 100ml',0.00,0.00,'2011-11-22 12:31:06'),
 (1977,100,'Redbik 10ml',0.00,0.00,'2011-11-22 12:31:06'),
 (1978,101,'TMPS Pig Doser 120ml',0.00,0.00,'2011-11-22 12:31:06'),
 (1979,102,'Amtyl 500 100s',0.00,0.00,'2011-11-22 12:31:06'),
 (1980,103,'Amtyl 500 (pcs)',0.00,0.00,'2011-11-22 12:31:06'),
 (1981,104,'B-50 Forteen 200s',0.00,0.00,'2011-11-22 12:31:06'),
 (1982,105,'B-50 Forteen (pcs)',0.00,0.00,'2011-11-22 12:31:06'),
 (1983,106,'Belamyl 100ml',0.00,0.00,'2011-11-22 12:31:06'),
 (1984,107,'Belamyl 20ml',0.00,0.00,'2011-11-22 12:31:06'),
 (1985,108,'Belamyl 10ml',0.00,0.00,'2011-11-22 12:31:06'),
 (1986,109,'Belamyl 50ml',0.00,0.00,'2011-11-22 12:31:06'),
 (1987,110,'Calcium Lactate ',0.00,0.00,'2011-11-22 12:31:06'),
 (1988,111,'Calcium Lactate (pcs)',0.00,0.00,'2011-11-22 12:31:06'),
 (1989,112,'Choramphenicol 500g ',0.00,0.00,'2011-11-22 12:31:06'),
 (1990,113,'Choramphenicol 500g (pcs)',0.00,0.00,'2011-11-22 12:31:06'),
 (1991,114,'Combinex 40g',0.00,0.00,'2011-11-22 12:31:06'),
 (1992,115,'Combinex 86g',0.00,0.00,'2011-11-22 12:31:06'),
 (1993,116,'Dextrolyte 100ml',0.00,0.00,'2011-11-22 12:31:06'),
 (1994,117,'Disposable Syringe 10ml',0.00,0.00,'2011-11-22 12:31:06'),
 (1995,118,'Disposable Syringe 5ml',0.00,0.00,'2011-11-22 12:31:06'),
 (1996,119,'Disposable Syringe 3ml',0.00,0.00,'2011-11-22 12:31:06'),
 (1997,120,'Disposable Syringe 2.5ml',0.00,0.00,'2011-11-22 12:31:06'),
 (1998,121,'Disposable Syringe 1ml',0.00,0.00,'2011-11-22 12:31:06'),
 (1999,122,'Doxylak Forte 7g x 48',0.00,0.00,'2011-11-22 12:31:06'),
 (2000,123,'Doxylak Forte 7g (pcs)',0.00,0.00,'2011-11-22 12:31:06'),
 (2001,124,'Electrolyte Proto-lyte 250ml',0.00,0.00,'2011-11-22 12:31:06'),
 (2002,125,'Hammer 200s',0.00,0.00,'2011-11-22 12:31:06'),
 (2003,126,'Hammer (pcs)',0.00,0.00,'2011-11-22 12:31:06'),
 (2004,127,'LDI-B12 100s',0.00,0.00,'2011-11-22 12:31:06'),
 (2005,128,'LDI-B12 (pcs)',0.00,0.00,'2011-11-22 12:31:06'),
 (2006,129,'Multivitamins',0.00,0.00,'2011-11-22 12:31:06'),
 (2007,130,'Multivitamins (pcs)',0.00,0.00,'2011-11-22 12:31:06'),
 (2008,131,'Nutridrench 15ml',0.00,0.00,'2011-11-22 12:31:06'),
 (2009,132,'Trisulak 7g x 48',0.00,0.00,'2011-11-22 12:31:06'),
 (2010,133,'Trisulak 7g (pcs)',0.00,0.00,'2011-11-22 12:31:06'),
 (2011,134,'Viminolak 100s',0.00,0.00,'2011-11-22 12:31:06'),
 (2012,135,'Viminolak (pcs)',0.00,0.00,'2011-11-22 12:31:06'),
 (2013,136,'B-12 AAFEES',0.00,4.00,'2011-11-22 12:31:06'),
 (2014,137,'Wormal 100s',0.00,0.00,'2011-11-22 12:31:06'),
 (2015,138,'Wormal (pcs)',0.00,0.00,'2011-11-22 12:31:06'),
 (2016,139,'Complexor 3000 10ml',0.00,0.00,'2011-11-22 12:31:06'),
 (2017,140,'Pusham 10ml x 30',0.00,0.00,'2011-11-22 12:31:06'),
 (2018,141,'Pusham 10ml (pcs)',0.00,0.00,'2011-11-22 12:31:06'),
 (2019,142,'Tiki-Tiki',15.00,15.00,'2011-11-22 12:31:06'),
 (2020,143,'FCP',1.00,1.00,'2011-11-22 12:31:06'),
 (2021,144,'FCC',3.00,3.00,'2011-11-22 12:31:06'),
 (2022,145,'KOI',15.00,15.00,'2011-11-22 12:31:06'),
 (2023,146,'Fine Corn',6.00,6.00,'2011-11-22 12:31:06'),
 (2024,147,'RFG',0.00,0.00,'2011-11-22 12:31:06'),
 (2025,148,'FRYBOOSTER',0.00,0.00,'2011-11-22 12:31:06'),
 (2026,149,'Slashertone',2.00,2.00,'2011-11-22 12:31:06'),
 (2027,150,'Vermex',0.00,0.00,'2011-11-22 12:31:06'),
 (2028,151,'Vermex (pcs)',0.00,0.00,'2011-11-22 12:31:06'),
 (2029,152,'PEP',0.00,0.00,'2011-11-22 12:31:06'),
 (2030,153,'TMP',6.00,6.00,'2011-11-22 12:31:06'),
 (2031,154,'Cattle Concentrate',2.00,2.00,'2011-11-22 12:31:06'),
 (2032,155,'STF',28.00,28.00,'2011-11-22 12:31:06'),
 (2033,1,'CBM',7.00,0.00,'2011-12-04 18:02:44'),
 (2034,2,'CSM',7.00,0.00,'2011-12-04 18:02:44'),
 (2035,3,'CGM',28.00,0.00,'2011-12-04 18:02:44'),
 (2036,4,'CLM',137.00,0.00,'2011-12-04 18:02:44'),
 (2037,5,'BSC',38.00,0.00,'2011-12-04 18:02:44'),
 (2038,6,'BFC',20.00,0.00,'2011-12-04 18:02:44'),
 (2039,7,'Milko Plus',10.00,0.00,'2011-12-04 18:02:44'),
 (2040,8,'NSP',154.00,0.00,'2011-12-04 18:02:44'),
 (2041,9,'NGP',673.00,0.00,'2011-12-04 18:02:44'),
 (2042,10,'NBP',535.00,0.00,'2011-12-04 18:02:44'),
 (2043,11,'PSP',103.00,0.00,'2011-12-04 18:02:44'),
 (2044,12,'LSP',130.00,0.00,'2011-12-04 18:02:44'),
 (2045,13,'PGP',1.00,0.00,'2011-12-04 18:02:44'),
 (2046,14,'PGR',14.00,0.00,'2011-12-04 18:02:44'),
 (2047,15,'NLB',16.00,0.00,'2011-12-04 18:02:44'),
 (2048,16,'NLB-pack',19.00,0.00,'2011-12-04 18:02:44'),
 (2049,17,'NLP',81.00,0.00,'2011-12-04 18:02:44'),
 (2050,18,'NLP-pack',13.00,0.00,'2011-12-04 18:02:44'),
 (2051,19,'HSC',5.00,0.00,'2011-12-04 18:02:44'),
 (2052,20,'HGP',39.00,0.00,'2011-12-04 18:02:44'),
 (2053,21,'HFP',14.00,0.00,'2011-12-04 18:02:44'),
 (2054,22,'PDP (s)',29.00,0.00,'2011-12-04 18:02:44'),
 (2055,23,'PDP (o)',32.00,0.00,'2011-12-04 18:02:44'),
 (2056,24,'7 Kinds',10.00,0.00,'2011-12-04 18:02:44'),
 (2057,25,'Slasher',4.00,0.00,'2011-12-04 18:02:44'),
 (2058,26,'C-Corn',38.00,0.00,'2011-12-04 18:02:44'),
 (2059,27,'Christine',23.00,0.00,'2011-12-04 18:02:44'),
 (2060,28,'RED RICE',12.00,0.00,'2011-12-04 18:02:44'),
 (2061,29,'Royal Crown',19.00,0.00,'2011-12-04 18:02:44'),
 (2062,30,'Honey ',3.00,0.00,'2011-12-04 18:02:44'),
 (2063,31,'THB Booster',7.00,0.00,'2011-12-04 18:02:44'),
 (2064,32,'THB Booster-pack',0.00,0.00,'2011-12-04 18:02:44'),
 (2065,33,'THB Developer',33.00,0.00,'2011-12-04 18:02:44'),
 (2066,34,'THB Developer-pack',0.00,0.00,'2011-12-04 18:02:44'),
 (2067,35,'THB Enertone',0.00,0.00,'2011-12-04 18:02:44'),
 (2068,36,'THB Enertone-pack',0.00,0.00,'2011-12-04 18:02:44'),
 (2069,37,'THB Platinum',6.00,0.00,'2011-12-04 18:02:44'),
 (2070,38,'THB Platinum-pack',0.00,0.00,'2011-12-04 18:02:44'),
 (2071,39,'THB Hi-Protein',1.00,0.00,'2011-12-04 18:02:44'),
 (2072,40,'THB Hi-Protein-pack',0.00,0.00,'2011-12-04 18:02:44'),
 (2073,41,'THB Successor',1.00,0.00,'2011-12-04 18:02:44'),
 (2074,42,'THB Successor-pack',0.00,0.00,'2011-12-04 18:02:44'),
 (2075,43,'THB Multigrain',1.00,0.00,'2011-12-04 18:02:44'),
 (2076,44,'THB Multigrain-pack',0.00,0.00,'2011-12-04 18:02:44'),
 (2077,45,'THB Hi-Lander',0.00,0.00,'2011-12-04 18:02:44'),
 (2078,46,'THB Hi-Lander-pack',0.00,0.00,'2011-12-04 18:02:44'),
 (2079,47,'FRYMASH',8.00,0.00,'2011-12-04 18:02:44'),
 (2080,48,'PBC',5.00,0.00,'2011-12-04 18:02:44'),
 (2081,49,'PBS',0.00,0.00,'2011-12-04 18:02:44'),
 (2082,50,'PBG',0.00,0.00,'2011-12-04 18:02:44'),
 (2083,51,'PBF',5.00,0.00,'2011-12-04 18:02:44'),
 (2084,52,'SBS',22.00,0.00,'2011-12-04 18:02:44'),
 (2085,53,'SBG',2.00,0.00,'2011-12-04 18:02:44'),
 (2086,54,'SBF',2.00,0.00,'2011-12-04 18:02:44'),
 (2087,55,'Apralyte 6g x 48',0.00,0.00,'2011-12-04 18:02:44'),
 (2088,56,'Apralyte 6g (pcs)',0.00,0.00,'2011-12-04 18:02:44'),
 (2089,57,'Bacterid 100ml',0.00,0.00,'2011-12-04 18:02:44'),
 (2090,58,'Bacterid 10ml',0.00,0.00,'2011-12-04 18:02:44'),
 (2091,59,'Baxidil SE 6g x 48',0.00,0.00,'2011-12-04 18:02:44'),
 (2092,60,'Baxidil SE 6g (pcs)',0.00,0.00,'2011-12-04 18:02:44'),
 (2093,61,'Baxidil 7g x 48',0.00,0.00,'2011-12-04 18:02:44'),
 (2094,62,'Baxidil 7g (pcs)',0.00,0.00,'2011-12-04 18:02:44'),
 (2095,63,'Bexan SP 100ml',0.00,0.00,'2011-12-04 18:02:44'),
 (2096,64,'Bexan SP 10ml',0.00,0.00,'2011-12-04 18:02:44'),
 (2097,65,'Bexan SP 20ml',0.00,0.00,'2011-12-04 18:02:44'),
 (2098,66,'Bexan XP 100ml',0.00,0.00,'2011-12-04 18:02:44'),
 (2099,67,'Bexan XP 20ml',0.00,0.00,'2011-12-04 18:02:44'),
 (2100,68,'Bexan XP 10ml',0.00,0.00,'2011-12-04 18:02:44'),
 (2101,69,'Electrogen D+ 20g x 12',0.00,0.00,'2011-12-04 18:02:44'),
 (2102,70,'Electrogen D+ 20g (pcs)',0.00,0.00,'2011-12-04 18:02:44'),
 (2103,71,'Jectran Premium 100ml',0.00,0.00,'2011-12-04 18:02:44'),
 (2104,72,'Jectran Premium 20ml',0.00,0.00,'2011-12-04 18:02:44'),
 (2105,73,'Jectran Premium 10ml',0.00,0.00,'2011-12-04 18:02:44'),
 (2106,74,'Latigo 1000 SD 5g x 48',0.00,0.00,'2011-12-04 18:02:44'),
 (2107,75,'Latigo 1000 SD 5g (pcs)',48.00,0.00,'2011-12-04 18:02:44'),
 (2108,76,'Latigo 1000 MD 10g x 24',0.00,0.00,'2011-12-04 18:02:44'),
 (2109,77,'Latigo 1000 MD 10g (pcs)',12.00,0.00,'2011-12-04 18:02:44'),
 (2110,78,'Major D 20ml x 30',0.00,0.00,'2011-12-04 18:02:44'),
 (2111,79,'Major D 20ml (pcs)',0.00,0.00,'2011-12-04 18:02:44'),
 (2112,80,'Mammavet 100ml',0.00,0.00,'2011-12-04 18:02:44'),
 (2113,81,'Mammavet 10ml',0.00,0.00,'2011-12-04 18:02:44'),
 (2114,82,'Sustalin LA 100ml',0.00,0.00,'2011-12-04 18:02:44'),
 (2115,83,'Sustalin LA 10ml',0.00,0.00,'2011-12-04 18:02:44'),
 (2116,84,'Vetracin Classic 5g x 48 ',0.00,0.00,'2011-12-04 18:02:44'),
 (2117,85,'Vetracin Classic 5g (pcs)',0.00,0.00,'2011-12-04 18:02:44'),
 (2118,86,'Vetracin Gold 5g x 48',4.00,0.00,'2011-12-04 18:02:44'),
 (2119,87,'Vetracin Gold 5g (pcs)',0.00,0.00,'2011-12-04 18:02:44'),
 (2120,88,'Vetracin Gold Capsule',0.00,0.00,'2011-12-04 18:02:44'),
 (2121,89,'Vetracin Gold Capsule (pcs)',0.00,0.00,'2011-12-04 18:02:44'),
 (2122,90,'Vetracin Premium 5g x 48',0.00,0.00,'2011-12-04 18:02:44'),
 (2123,91,'Vetracin Premium 5g (pcs)',0.00,0.00,'2011-12-04 18:02:44'),
 (2124,92,'Viton-500 10ml',0.00,0.00,'2011-12-04 18:02:44'),
 (2125,93,'Cecical 200g',0.00,0.00,'2011-12-04 18:02:44'),
 (2126,94,'Pidro 2.4g x 50',0.00,0.00,'2011-12-04 18:02:44'),
 (2127,95,'Pidro 2.4g (pcs)',0.00,0.00,'2011-12-04 18:02:44'),
 (2128,96,'V-22 200g',0.00,0.00,'2011-12-04 18:02:44'),
 (2129,97,'V-22 Tablet 100 ',0.00,0.00,'2011-12-04 18:02:44'),
 (2130,98,'DCM 50ml',0.00,0.00,'2011-12-04 18:02:44'),
 (2131,99,'Redbik 100ml',0.00,0.00,'2011-12-04 18:02:44'),
 (2132,100,'Redbik 10ml',0.00,0.00,'2011-12-04 18:02:44'),
 (2133,101,'TMPS Pig Doser 120ml',0.00,0.00,'2011-12-04 18:02:44'),
 (2134,102,'Amtyl 500 100s',0.00,0.00,'2011-12-04 18:02:44'),
 (2135,103,'Amtyl 500 (pcs)',0.00,0.00,'2011-12-04 18:02:44'),
 (2136,104,'B-50 Forteen 200s',0.00,0.00,'2011-12-04 18:02:44'),
 (2137,105,'B-50 Forteen (pcs)',0.00,0.00,'2011-12-04 18:02:44'),
 (2138,106,'Belamyl 100ml',0.00,0.00,'2011-12-04 18:02:44'),
 (2139,107,'Belamyl 20ml',0.00,0.00,'2011-12-04 18:02:44'),
 (2140,108,'Belamyl 10ml',0.00,0.00,'2011-12-04 18:02:44'),
 (2141,109,'Belamyl 50ml',0.00,0.00,'2011-12-04 18:02:44'),
 (2142,110,'Calcium Lactate ',0.00,0.00,'2011-12-04 18:02:44'),
 (2143,111,'Calcium Lactate (pcs)',0.00,0.00,'2011-12-04 18:02:44'),
 (2144,112,'Choramphenicol 500g ',0.00,0.00,'2011-12-04 18:02:44'),
 (2145,113,'Choramphenicol 500g (pcs)',0.00,0.00,'2011-12-04 18:02:44'),
 (2146,114,'Combinex 40g',0.00,0.00,'2011-12-04 18:02:44'),
 (2147,115,'Combinex 86g',0.00,0.00,'2011-12-04 18:02:44'),
 (2148,116,'Dextrolyte 100ml',0.00,0.00,'2011-12-04 18:02:44'),
 (2149,117,'Disposable Syringe 10ml',0.00,0.00,'2011-12-04 18:02:44'),
 (2150,118,'Disposable Syringe 5ml',0.00,0.00,'2011-12-04 18:02:44'),
 (2151,119,'Disposable Syringe 3ml',0.00,0.00,'2011-12-04 18:02:44'),
 (2152,120,'Disposable Syringe 2.5ml',0.00,0.00,'2011-12-04 18:02:44'),
 (2153,121,'Disposable Syringe 1ml',0.00,0.00,'2011-12-04 18:02:44'),
 (2154,122,'Doxylak Forte 7g x 48',0.00,0.00,'2011-12-04 18:02:44'),
 (2155,123,'Doxylak Forte 7g (pcs)',0.00,0.00,'2011-12-04 18:02:44'),
 (2156,124,'Electrolyte Proto-lyte 250ml',0.00,0.00,'2011-12-04 18:02:44'),
 (2157,125,'Hammer 200s',0.00,0.00,'2011-12-04 18:02:44'),
 (2158,126,'Hammer (pcs)',0.00,0.00,'2011-12-04 18:02:44'),
 (2159,127,'LDI-B12 100s',0.00,0.00,'2011-12-04 18:02:44'),
 (2160,128,'LDI-B12 (pcs)',0.00,0.00,'2011-12-04 18:02:44'),
 (2161,129,'Multivitamins',0.00,0.00,'2011-12-04 18:02:44'),
 (2162,130,'Multivitamins (pcs)',0.00,0.00,'2011-12-04 18:02:44'),
 (2163,131,'Nutridrench 15ml',0.00,0.00,'2011-12-04 18:02:44'),
 (2164,132,'Trisulak 7g x 48',0.00,0.00,'2011-12-04 18:02:44'),
 (2165,133,'Trisulak 7g (pcs)',0.00,0.00,'2011-12-04 18:02:44'),
 (2166,134,'Viminolak 100s',0.00,0.00,'2011-12-04 18:02:44'),
 (2167,135,'Viminolak (pcs)',0.00,0.00,'2011-12-04 18:02:44'),
 (2168,136,'B-12 AAFEES',4.00,0.00,'2011-12-04 18:02:44'),
 (2169,137,'Wormal 100s',0.00,0.00,'2011-12-04 18:02:44'),
 (2170,138,'Wormal (pcs)',0.00,0.00,'2011-12-04 18:02:44'),
 (2171,139,'Complexor 3000 10ml',0.00,0.00,'2011-12-04 18:02:44'),
 (2172,140,'Pusham 10ml x 30',0.00,0.00,'2011-12-04 18:02:44'),
 (2173,141,'Pusham 10ml (pcs)',0.00,0.00,'2011-12-04 18:02:44'),
 (2174,142,'Tiki-Tiki',15.00,0.00,'2011-12-04 18:02:44'),
 (2175,143,'FCP',1.00,0.00,'2011-12-04 18:02:44'),
 (2176,144,'FCC',3.00,0.00,'2011-12-04 18:02:44'),
 (2177,145,'KOI',15.00,0.00,'2011-12-04 18:02:44'),
 (2178,146,'Fine Corn',6.00,0.00,'2011-12-04 18:02:44'),
 (2179,147,'RFG',0.00,0.00,'2011-12-04 18:02:44'),
 (2180,148,'FRYBOOSTER',0.00,0.00,'2011-12-04 18:02:44'),
 (2181,149,'Slashertone',2.00,0.00,'2011-12-04 18:02:44'),
 (2182,150,'Vermex',0.00,0.00,'2011-12-04 18:02:44'),
 (2183,151,'Vermex (pcs)',0.00,0.00,'2011-12-04 18:02:44'),
 (2184,152,'PEP',0.00,0.00,'2011-12-04 18:02:44'),
 (2185,153,'TMP',6.00,0.00,'2011-12-04 18:02:44'),
 (2186,154,'Cattle Concentrate',2.00,0.00,'2011-12-04 18:02:44'),
 (2187,155,'STF',28.00,0.00,'2011-12-04 18:02:44'),
 (2288,1,'CBM',0.00,6.00,'2011-12-04 19:52:47'),
 (2289,2,'CSM',0.00,3.00,'2011-12-04 19:52:47'),
 (2290,3,'CGM',0.00,10.00,'2011-12-04 19:52:47'),
 (2291,4,'CLM',0.00,170.00,'2011-12-04 19:52:47'),
 (2292,5,'BSC',0.00,45.00,'2011-12-04 19:52:47'),
 (2293,6,'BFC',0.00,14.00,'2011-12-04 19:52:47'),
 (2294,7,'Milko Plus',0.00,0.00,'2011-12-04 19:52:47'),
 (2295,8,'NSP',0.00,120.00,'2011-12-04 19:52:47'),
 (2296,9,'NGP',0.00,379.00,'2011-12-04 19:52:47'),
 (2297,10,'NBP',0.00,385.00,'2011-12-04 19:52:47'),
 (2298,11,'PSP',0.00,160.00,'2011-12-04 19:52:47'),
 (2299,12,'LSP',0.00,139.00,'2011-12-04 19:52:47'),
 (2300,13,'PGP',0.00,0.00,'2011-12-04 19:52:47'),
 (2301,14,'PGR',0.00,5.00,'2011-12-04 19:52:47'),
 (2302,15,'NLB',0.00,12.00,'2011-12-04 19:52:47'),
 (2303,16,'NLB-pack',0.00,0.00,'2011-12-04 19:52:47'),
 (2304,17,'NLP',0.00,62.00,'2011-12-04 19:52:47'),
 (2305,18,'NLP-pack',0.00,0.00,'2011-12-04 19:52:47'),
 (2306,19,'HSC',0.00,2.00,'2011-12-04 19:52:47'),
 (2307,20,'HGP',0.00,64.00,'2011-12-04 19:52:47'),
 (2308,21,'HFP',0.00,14.00,'2011-12-04 19:52:47'),
 (2309,22,'PDP (s)',0.00,26.00,'2011-12-04 19:52:47'),
 (2310,23,'PDP (o)',0.00,53.00,'2011-12-04 19:52:47'),
 (2311,24,'7 Kinds',0.00,10.00,'2011-12-04 19:52:47'),
 (2312,25,'Slasher',0.00,14.00,'2011-12-04 19:52:47'),
 (2313,26,'C-Corn',0.00,34.00,'2011-12-04 19:52:47'),
 (2314,27,'Christine',0.00,29.00,'2011-12-04 19:52:47'),
 (2315,28,'RED RICE',0.00,16.00,'2011-12-04 19:52:47'),
 (2316,29,'Royal Crown',0.00,25.00,'2011-12-04 19:52:47'),
 (2317,30,'Honey ',0.00,0.00,'2011-12-04 19:52:47'),
 (2318,31,'THB Booster',0.00,11.00,'2011-12-04 19:52:47'),
 (2319,32,'THB Booster-pack',0.00,0.00,'2011-12-04 19:52:47'),
 (2320,33,'THB Developer',0.00,12.00,'2011-12-04 19:52:47'),
 (2321,34,'THB Developer-pack',0.00,0.00,'2011-12-04 19:52:47'),
 (2322,35,'THB Enertone',0.00,14.00,'2011-12-04 19:52:47'),
 (2323,36,'THB Enertone-pack',0.00,0.00,'2011-12-04 19:52:47'),
 (2324,37,'THB Platinum',0.00,7.00,'2011-12-04 19:52:47'),
 (2325,38,'THB Platinum-pack',0.00,0.00,'2011-12-04 19:52:47'),
 (2326,39,'THB Hi-Protein',0.00,0.00,'2011-12-04 19:52:47'),
 (2327,40,'THB Hi-Protein-pack',0.00,0.00,'2011-12-04 19:52:47'),
 (2328,41,'THB Successor',0.00,0.00,'2011-12-04 19:52:47'),
 (2329,42,'THB Successor-pack',0.00,0.00,'2011-12-04 19:52:47'),
 (2330,43,'THB Multigrain',0.00,1.00,'2011-12-04 19:52:47'),
 (2331,44,'THB Multigrain-pack',0.00,0.00,'2011-12-04 19:52:47'),
 (2332,45,'THB Hi-Lander',0.00,0.00,'2011-12-04 19:52:47'),
 (2333,46,'THB Hi-Lander-pack',0.00,0.00,'2011-12-04 19:52:47'),
 (2334,47,'FRYMASH',0.00,9.00,'2011-12-04 19:52:47'),
 (2335,48,'PBC',0.00,5.00,'2011-12-04 19:52:47'),
 (2336,49,'PBS',0.00,5.00,'2011-12-04 19:52:47'),
 (2337,50,'PBG',0.00,4.00,'2011-12-04 19:52:47'),
 (2338,51,'PBF',0.00,10.00,'2011-12-04 19:52:47'),
 (2339,52,'SBS',0.00,0.00,'2011-12-04 19:52:47'),
 (2340,53,'SBG',0.00,0.00,'2011-12-04 19:52:47'),
 (2341,54,'SBF',0.00,1.00,'2011-12-04 19:52:47'),
 (2342,55,'Apralyte 6g x 48',0.00,0.00,'2011-12-04 19:52:47'),
 (2343,56,'Apralyte 6g (pcs)',0.00,0.00,'2011-12-04 19:52:47'),
 (2344,57,'Bacterid 100ml',0.00,0.00,'2011-12-04 19:52:47'),
 (2345,58,'Bacterid 10ml',0.00,0.00,'2011-12-04 19:52:47'),
 (2346,59,'Baxidil SE 6g x 48',0.00,0.00,'2011-12-04 19:52:47'),
 (2347,60,'Baxidil SE 6g (pcs)',0.00,0.00,'2011-12-04 19:52:47'),
 (2348,61,'Baxidil 7g x 48',0.00,0.00,'2011-12-04 19:52:47'),
 (2349,62,'Baxidil 7g (pcs)',0.00,0.00,'2011-12-04 19:52:47'),
 (2350,63,'Bexan SP 100ml',0.00,0.00,'2011-12-04 19:52:47'),
 (2351,64,'Bexan SP 10ml',0.00,0.00,'2011-12-04 19:52:47'),
 (2352,65,'Bexan SP 20ml',0.00,0.00,'2011-12-04 19:52:47'),
 (2353,66,'Bexan XP 100ml',0.00,0.00,'2011-12-04 19:52:47'),
 (2354,67,'Bexan XP 20ml',0.00,0.00,'2011-12-04 19:52:47'),
 (2355,68,'Bexan XP 10ml',0.00,0.00,'2011-12-04 19:52:47'),
 (2356,69,'Electrogen D+ 20g x 12',0.00,0.00,'2011-12-04 19:52:47'),
 (2357,70,'Electrogen D+ 20g (pcs)',0.00,0.00,'2011-12-04 19:52:47'),
 (2358,71,'Jectran Premium 100ml',0.00,0.00,'2011-12-04 19:52:47'),
 (2359,72,'Jectran Premium 20ml',0.00,0.00,'2011-12-04 19:52:47'),
 (2360,73,'Jectran Premium 10ml',0.00,0.00,'2011-12-04 19:52:47'),
 (2361,74,'Latigo 1000 SD 5g x 48',0.00,0.00,'2011-12-04 19:52:47'),
 (2362,75,'Latigo 1000 SD 5g (pcs)',0.00,0.00,'2011-12-04 19:52:47'),
 (2363,76,'Latigo 1000 MD 10g x 24',0.00,0.00,'2011-12-04 19:52:47'),
 (2364,77,'Latigo 1000 MD 10g (pcs)',0.00,0.00,'2011-12-04 19:52:47'),
 (2365,78,'Major D 20ml x 30',0.00,0.00,'2011-12-04 19:52:47'),
 (2366,79,'Major D 20ml (pcs)',0.00,0.00,'2011-12-04 19:52:47'),
 (2367,80,'Mammavet 100ml',0.00,0.00,'2011-12-04 19:52:47'),
 (2368,81,'Mammavet 10ml',0.00,0.00,'2011-12-04 19:52:47'),
 (2369,82,'Sustalin LA 100ml',0.00,0.00,'2011-12-04 19:52:47'),
 (2370,83,'Sustalin LA 10ml',0.00,0.00,'2011-12-04 19:52:47'),
 (2371,84,'Vetracin Classic 5g x 48 ',0.00,0.00,'2011-12-04 19:52:47'),
 (2372,85,'Vetracin Classic 5g (pcs)',0.00,0.00,'2011-12-04 19:52:47'),
 (2373,86,'Vetracin Gold 5g x 48',0.00,0.00,'2011-12-04 19:52:47'),
 (2374,87,'Vetracin Gold 5g (pcs)',0.00,0.00,'2011-12-04 19:52:47'),
 (2375,88,'Vetracin Gold Capsule',0.00,0.00,'2011-12-04 19:52:47'),
 (2376,89,'Vetracin Gold Capsule (pcs)',0.00,0.00,'2011-12-04 19:52:47'),
 (2377,90,'Vetracin Premium 5g x 48',0.00,0.00,'2011-12-04 19:52:47'),
 (2378,91,'Vetracin Premium 5g (pcs)',0.00,0.00,'2011-12-04 19:52:47'),
 (2379,92,'Viton-500 10ml',0.00,0.00,'2011-12-04 19:52:47'),
 (2380,93,'Cecical 200g',0.00,0.00,'2011-12-04 19:52:47'),
 (2381,94,'Pidro 2.4g x 50',0.00,0.00,'2011-12-04 19:52:47'),
 (2382,95,'Pidro 2.4g (pcs)',0.00,0.00,'2011-12-04 19:52:47'),
 (2383,96,'V-22 200g',0.00,0.00,'2011-12-04 19:52:47'),
 (2384,97,'V-22 Tablet 100 ',0.00,0.00,'2011-12-04 19:52:47'),
 (2385,98,'DCM 50ml',0.00,0.00,'2011-12-04 19:52:47'),
 (2386,99,'Redbik 100ml',0.00,0.00,'2011-12-04 19:52:47'),
 (2387,100,'Redbik 10ml',0.00,0.00,'2011-12-04 19:52:47'),
 (2388,101,'TMPS Pig Doser 120ml',0.00,0.00,'2011-12-04 19:52:47'),
 (2389,102,'Amtyl 500 100s',0.00,0.00,'2011-12-04 19:52:47'),
 (2390,103,'Amtyl 500 (pcs)',0.00,0.00,'2011-12-04 19:52:47'),
 (2391,104,'B-50 Forteen 200s',0.00,0.00,'2011-12-04 19:52:47'),
 (2392,105,'B-50 Forteen (pcs)',0.00,0.00,'2011-12-04 19:52:47'),
 (2393,106,'Belamyl 100ml',0.00,0.00,'2011-12-04 19:52:47'),
 (2394,107,'Belamyl 20ml',0.00,0.00,'2011-12-04 19:52:47'),
 (2395,108,'Belamyl 10ml',0.00,0.00,'2011-12-04 19:52:47'),
 (2396,109,'Belamyl 50ml',0.00,0.00,'2011-12-04 19:52:47'),
 (2397,110,'Calcium Lactate ',0.00,0.00,'2011-12-04 19:52:47'),
 (2398,111,'Calcium Lactate (pcs)',0.00,0.00,'2011-12-04 19:52:47'),
 (2399,112,'Choramphenicol 500g ',0.00,0.00,'2011-12-04 19:52:47'),
 (2400,113,'Choramphenicol 500g (pcs)',0.00,0.00,'2011-12-04 19:52:47'),
 (2401,114,'Combinex 40g',0.00,0.00,'2011-12-04 19:52:47'),
 (2402,115,'Combinex 86g',0.00,0.00,'2011-12-04 19:52:47'),
 (2403,116,'Dextrolyte 100ml',0.00,0.00,'2011-12-04 19:52:47'),
 (2404,117,'Disposable Syringe 10ml',0.00,0.00,'2011-12-04 19:52:47'),
 (2405,118,'Disposable Syringe 5ml',0.00,0.00,'2011-12-04 19:52:47'),
 (2406,119,'Disposable Syringe 3ml',0.00,0.00,'2011-12-04 19:52:47'),
 (2407,120,'Disposable Syringe 2.5ml',0.00,0.00,'2011-12-04 19:52:47'),
 (2408,121,'Disposable Syringe 1ml',0.00,0.00,'2011-12-04 19:52:47'),
 (2409,122,'Doxylak Forte 7g x 48',0.00,0.00,'2011-12-04 19:52:47'),
 (2410,123,'Doxylak Forte 7g (pcs)',0.00,0.00,'2011-12-04 19:52:47'),
 (2411,124,'Electrolyte Proto-lyte 250ml',0.00,0.00,'2011-12-04 19:52:47'),
 (2412,125,'Hammer 200s',0.00,0.00,'2011-12-04 19:52:47'),
 (2413,126,'Hammer (pcs)',0.00,0.00,'2011-12-04 19:52:47'),
 (2414,127,'LDI-B12 100s',0.00,0.00,'2011-12-04 19:52:47'),
 (2415,128,'LDI-B12 (pcs)',0.00,0.00,'2011-12-04 19:52:47'),
 (2416,129,'Multivitamins',0.00,0.00,'2011-12-04 19:52:47'),
 (2417,130,'Multivitamins (pcs)',0.00,0.00,'2011-12-04 19:52:47'),
 (2418,131,'Nutridrench 15ml',0.00,0.00,'2011-12-04 19:52:47'),
 (2419,132,'Trisulak 7g x 48',0.00,0.00,'2011-12-04 19:52:47'),
 (2420,133,'Trisulak 7g (pcs)',0.00,0.00,'2011-12-04 19:52:47'),
 (2421,134,'Viminolak 100s',0.00,0.00,'2011-12-04 19:52:47'),
 (2422,135,'Viminolak (pcs)',0.00,0.00,'2011-12-04 19:52:47'),
 (2423,136,'B-12 AAFEES',0.00,0.00,'2011-12-04 19:52:47'),
 (2424,137,'Wormal 100s',0.00,0.00,'2011-12-04 19:52:47'),
 (2425,138,'Wormal (pcs)',0.00,0.00,'2011-12-04 19:52:47'),
 (2426,139,'Complexor 3000 10ml',0.00,0.00,'2011-12-04 19:52:47'),
 (2427,140,'Pusham 10ml x 30',0.00,0.00,'2011-12-04 19:52:47'),
 (2428,141,'Pusham 10ml (pcs)',0.00,0.00,'2011-12-04 19:52:47'),
 (2429,142,'Tiki-Tiki',0.00,12.00,'2011-12-04 19:52:47'),
 (2430,143,'FCP',0.00,0.00,'2011-12-04 19:52:47'),
 (2431,144,'FCC',0.00,2.00,'2011-12-04 19:52:47'),
 (2432,145,'KOI',0.00,0.00,'2011-12-04 19:52:47'),
 (2433,146,'Fine Corn',0.00,1.00,'2011-12-04 19:52:47'),
 (2434,147,'RFG',0.00,0.00,'2011-12-04 19:52:47'),
 (2435,148,'FRYBOOSTER',0.00,0.00,'2011-12-04 19:52:47'),
 (2436,149,'Slashertone',0.00,0.00,'2011-12-04 19:52:47'),
 (2437,150,'Vermex',0.00,0.00,'2011-12-04 19:52:47'),
 (2438,151,'Vermex (pcs)',0.00,0.00,'2011-12-04 19:52:47'),
 (2439,152,'PEP',0.00,0.00,'2011-12-04 19:52:47'),
 (2440,153,'TMP',0.00,0.00,'2011-12-04 19:52:47'),
 (2441,154,'Cattle Concentrate',0.00,2.00,'2011-12-04 19:52:47'),
 (2442,155,'STF',0.00,0.00,'2011-12-04 19:52:47'),
 (2543,1,'CBM',6.00,6.00,'2011-12-04 19:52:54'),
 (2544,2,'CSM',3.00,3.00,'2011-12-04 19:52:54'),
 (2545,3,'CGM',10.00,10.00,'2011-12-04 19:52:54'),
 (2546,4,'CLM',170.00,170.00,'2011-12-04 19:52:54'),
 (2547,5,'BSC',45.00,45.00,'2011-12-04 19:52:54'),
 (2548,6,'BFC',14.00,14.00,'2011-12-04 19:52:54'),
 (2549,7,'Milko Plus',0.00,0.00,'2011-12-04 19:52:54'),
 (2550,8,'NSP',120.00,120.00,'2011-12-04 19:52:54'),
 (2551,9,'NGP',379.00,379.00,'2011-12-04 19:52:54'),
 (2552,10,'NBP',385.00,385.00,'2011-12-04 19:52:54'),
 (2553,11,'PSP',160.00,160.00,'2011-12-04 19:52:54'),
 (2554,12,'LSP',139.00,139.00,'2011-12-04 19:52:54'),
 (2555,13,'PGP',0.00,0.00,'2011-12-04 19:52:54'),
 (2556,14,'PGR',5.00,5.00,'2011-12-04 19:52:54'),
 (2557,15,'NLB',12.00,12.00,'2011-12-04 19:52:54'),
 (2558,16,'NLB-pack',0.00,0.00,'2011-12-04 19:52:54'),
 (2559,17,'NLP',62.00,62.00,'2011-12-04 19:52:54'),
 (2560,18,'NLP-pack',0.00,0.00,'2011-12-04 19:52:54'),
 (2561,19,'HSC',2.00,2.00,'2011-12-04 19:52:54'),
 (2562,20,'HGP',64.00,64.00,'2011-12-04 19:52:54'),
 (2563,21,'HFP',14.00,14.00,'2011-12-04 19:52:54'),
 (2564,22,'PDP (s)',26.00,26.00,'2011-12-04 19:52:54'),
 (2565,23,'PDP (o)',53.00,53.00,'2011-12-04 19:52:54'),
 (2566,24,'7 Kinds',10.00,10.00,'2011-12-04 19:52:54'),
 (2567,25,'Slasher',14.00,14.00,'2011-12-04 19:52:54'),
 (2568,26,'C-Corn',34.00,34.00,'2011-12-04 19:52:54'),
 (2569,27,'Christine',29.00,29.00,'2011-12-04 19:52:54'),
 (2570,28,'RED RICE',16.00,16.00,'2011-12-04 19:52:54'),
 (2571,29,'Royal Crown',25.00,25.00,'2011-12-04 19:52:54'),
 (2572,30,'Honey ',0.00,0.00,'2011-12-04 19:52:54'),
 (2573,31,'THB Booster',11.00,11.00,'2011-12-04 19:52:54'),
 (2574,32,'THB Booster-pack',0.00,0.00,'2011-12-04 19:52:54'),
 (2575,33,'THB Developer',12.00,12.00,'2011-12-04 19:52:54'),
 (2576,34,'THB Developer-pack',0.00,0.00,'2011-12-04 19:52:54'),
 (2577,35,'THB Enertone',14.00,14.00,'2011-12-04 19:52:54'),
 (2578,36,'THB Enertone-pack',0.00,0.00,'2011-12-04 19:52:54'),
 (2579,37,'THB Platinum',7.00,7.00,'2011-12-04 19:52:54'),
 (2580,38,'THB Platinum-pack',0.00,0.00,'2011-12-04 19:52:54'),
 (2581,39,'THB Hi-Protein',0.00,0.00,'2011-12-04 19:52:54'),
 (2582,40,'THB Hi-Protein-pack',0.00,0.00,'2011-12-04 19:52:54'),
 (2583,41,'THB Successor',0.00,0.00,'2011-12-04 19:52:54'),
 (2584,42,'THB Successor-pack',0.00,0.00,'2011-12-04 19:52:54'),
 (2585,43,'THB Multigrain',1.00,1.00,'2011-12-04 19:52:54'),
 (2586,44,'THB Multigrain-pack',0.00,0.00,'2011-12-04 19:52:54'),
 (2587,45,'THB Hi-Lander',0.00,0.00,'2011-12-04 19:52:54'),
 (2588,46,'THB Hi-Lander-pack',0.00,0.00,'2011-12-04 19:52:54'),
 (2589,47,'FRYMASH',9.00,9.00,'2011-12-04 19:52:54'),
 (2590,48,'PBC',5.00,5.00,'2011-12-04 19:52:54'),
 (2591,49,'PBS',5.00,5.00,'2011-12-04 19:52:54'),
 (2592,50,'PBG',4.00,4.00,'2011-12-04 19:52:54'),
 (2593,51,'PBF',10.00,10.00,'2011-12-04 19:52:54'),
 (2594,52,'SBS',0.00,0.00,'2011-12-04 19:52:54'),
 (2595,53,'SBG',0.00,0.00,'2011-12-04 19:52:54'),
 (2596,54,'SBF',1.00,1.00,'2011-12-04 19:52:54'),
 (2597,55,'Apralyte 6g x 48',0.00,0.00,'2011-12-04 19:52:54'),
 (2598,56,'Apralyte 6g (pcs)',0.00,0.00,'2011-12-04 19:52:54'),
 (2599,57,'Bacterid 100ml',0.00,0.00,'2011-12-04 19:52:54'),
 (2600,58,'Bacterid 10ml',0.00,0.00,'2011-12-04 19:52:54'),
 (2601,59,'Baxidil SE 6g x 48',0.00,0.00,'2011-12-04 19:52:54'),
 (2602,60,'Baxidil SE 6g (pcs)',0.00,0.00,'2011-12-04 19:52:54'),
 (2603,61,'Baxidil 7g x 48',0.00,0.00,'2011-12-04 19:52:54'),
 (2604,62,'Baxidil 7g (pcs)',0.00,0.00,'2011-12-04 19:52:54'),
 (2605,63,'Bexan SP 100ml',0.00,0.00,'2011-12-04 19:52:54'),
 (2606,64,'Bexan SP 10ml',0.00,0.00,'2011-12-04 19:52:54'),
 (2607,65,'Bexan SP 20ml',0.00,0.00,'2011-12-04 19:52:54'),
 (2608,66,'Bexan XP 100ml',0.00,0.00,'2011-12-04 19:52:54'),
 (2609,67,'Bexan XP 20ml',0.00,0.00,'2011-12-04 19:52:54'),
 (2610,68,'Bexan XP 10ml',0.00,0.00,'2011-12-04 19:52:54'),
 (2611,69,'Electrogen D+ 20g x 12',0.00,0.00,'2011-12-04 19:52:54'),
 (2612,70,'Electrogen D+ 20g (pcs)',0.00,0.00,'2011-12-04 19:52:54'),
 (2613,71,'Jectran Premium 100ml',0.00,0.00,'2011-12-04 19:52:54'),
 (2614,72,'Jectran Premium 20ml',0.00,0.00,'2011-12-04 19:52:54'),
 (2615,73,'Jectran Premium 10ml',0.00,0.00,'2011-12-04 19:52:54'),
 (2616,74,'Latigo 1000 SD 5g x 48',0.00,0.00,'2011-12-04 19:52:54'),
 (2617,75,'Latigo 1000 SD 5g (pcs)',0.00,0.00,'2011-12-04 19:52:54'),
 (2618,76,'Latigo 1000 MD 10g x 24',0.00,0.00,'2011-12-04 19:52:54'),
 (2619,77,'Latigo 1000 MD 10g (pcs)',0.00,0.00,'2011-12-04 19:52:54'),
 (2620,78,'Major D 20ml x 30',0.00,0.00,'2011-12-04 19:52:54'),
 (2621,79,'Major D 20ml (pcs)',0.00,0.00,'2011-12-04 19:52:54'),
 (2622,80,'Mammavet 100ml',0.00,0.00,'2011-12-04 19:52:54'),
 (2623,81,'Mammavet 10ml',0.00,0.00,'2011-12-04 19:52:54'),
 (2624,82,'Sustalin LA 100ml',0.00,0.00,'2011-12-04 19:52:54'),
 (2625,83,'Sustalin LA 10ml',0.00,0.00,'2011-12-04 19:52:54'),
 (2626,84,'Vetracin Classic 5g x 48 ',0.00,0.00,'2011-12-04 19:52:54'),
 (2627,85,'Vetracin Classic 5g (pcs)',0.00,0.00,'2011-12-04 19:52:54'),
 (2628,86,'Vetracin Gold 5g x 48',0.00,0.00,'2011-12-04 19:52:54'),
 (2629,87,'Vetracin Gold 5g (pcs)',0.00,0.00,'2011-12-04 19:52:54'),
 (2630,88,'Vetracin Gold Capsule',0.00,0.00,'2011-12-04 19:52:54'),
 (2631,89,'Vetracin Gold Capsule (pcs)',0.00,0.00,'2011-12-04 19:52:54'),
 (2632,90,'Vetracin Premium 5g x 48',0.00,0.00,'2011-12-04 19:52:54'),
 (2633,91,'Vetracin Premium 5g (pcs)',0.00,0.00,'2011-12-04 19:52:54'),
 (2634,92,'Viton-500 10ml',0.00,0.00,'2011-12-04 19:52:54'),
 (2635,93,'Cecical 200g',0.00,0.00,'2011-12-04 19:52:54'),
 (2636,94,'Pidro 2.4g x 50',0.00,0.00,'2011-12-04 19:52:54'),
 (2637,95,'Pidro 2.4g (pcs)',0.00,0.00,'2011-12-04 19:52:54'),
 (2638,96,'V-22 200g',0.00,0.00,'2011-12-04 19:52:54'),
 (2639,97,'V-22 Tablet 100 ',0.00,0.00,'2011-12-04 19:52:54'),
 (2640,98,'DCM 50ml',0.00,0.00,'2011-12-04 19:52:54'),
 (2641,99,'Redbik 100ml',0.00,0.00,'2011-12-04 19:52:54'),
 (2642,100,'Redbik 10ml',0.00,0.00,'2011-12-04 19:52:54'),
 (2643,101,'TMPS Pig Doser 120ml',0.00,0.00,'2011-12-04 19:52:54'),
 (2644,102,'Amtyl 500 100s',0.00,0.00,'2011-12-04 19:52:54'),
 (2645,103,'Amtyl 500 (pcs)',0.00,0.00,'2011-12-04 19:52:54'),
 (2646,104,'B-50 Forteen 200s',0.00,0.00,'2011-12-04 19:52:54'),
 (2647,105,'B-50 Forteen (pcs)',0.00,0.00,'2011-12-04 19:52:54'),
 (2648,106,'Belamyl 100ml',0.00,0.00,'2011-12-04 19:52:54'),
 (2649,107,'Belamyl 20ml',0.00,0.00,'2011-12-04 19:52:54'),
 (2650,108,'Belamyl 10ml',0.00,0.00,'2011-12-04 19:52:54'),
 (2651,109,'Belamyl 50ml',0.00,0.00,'2011-12-04 19:52:54'),
 (2652,110,'Calcium Lactate ',0.00,0.00,'2011-12-04 19:52:54'),
 (2653,111,'Calcium Lactate (pcs)',0.00,0.00,'2011-12-04 19:52:54'),
 (2654,112,'Choramphenicol 500g ',0.00,0.00,'2011-12-04 19:52:54'),
 (2655,113,'Choramphenicol 500g (pcs)',0.00,0.00,'2011-12-04 19:52:54'),
 (2656,114,'Combinex 40g',0.00,0.00,'2011-12-04 19:52:54'),
 (2657,115,'Combinex 86g',0.00,0.00,'2011-12-04 19:52:54'),
 (2658,116,'Dextrolyte 100ml',0.00,0.00,'2011-12-04 19:52:54'),
 (2659,117,'Disposable Syringe 10ml',0.00,0.00,'2011-12-04 19:52:54'),
 (2660,118,'Disposable Syringe 5ml',0.00,0.00,'2011-12-04 19:52:54'),
 (2661,119,'Disposable Syringe 3ml',0.00,0.00,'2011-12-04 19:52:54'),
 (2662,120,'Disposable Syringe 2.5ml',0.00,0.00,'2011-12-04 19:52:54'),
 (2663,121,'Disposable Syringe 1ml',0.00,0.00,'2011-12-04 19:52:54'),
 (2664,122,'Doxylak Forte 7g x 48',0.00,0.00,'2011-12-04 19:52:54'),
 (2665,123,'Doxylak Forte 7g (pcs)',0.00,0.00,'2011-12-04 19:52:54'),
 (2666,124,'Electrolyte Proto-lyte 250ml',0.00,0.00,'2011-12-04 19:52:54'),
 (2667,125,'Hammer 200s',0.00,0.00,'2011-12-04 19:52:54'),
 (2668,126,'Hammer (pcs)',0.00,0.00,'2011-12-04 19:52:54'),
 (2669,127,'LDI-B12 100s',0.00,0.00,'2011-12-04 19:52:54'),
 (2670,128,'LDI-B12 (pcs)',0.00,0.00,'2011-12-04 19:52:54'),
 (2671,129,'Multivitamins',0.00,0.00,'2011-12-04 19:52:54'),
 (2672,130,'Multivitamins (pcs)',0.00,0.00,'2011-12-04 19:52:54'),
 (2673,131,'Nutridrench 15ml',0.00,0.00,'2011-12-04 19:52:54'),
 (2674,132,'Trisulak 7g x 48',0.00,0.00,'2011-12-04 19:52:54'),
 (2675,133,'Trisulak 7g (pcs)',0.00,0.00,'2011-12-04 19:52:54'),
 (2676,134,'Viminolak 100s',0.00,0.00,'2011-12-04 19:52:54'),
 (2677,135,'Viminolak (pcs)',0.00,0.00,'2011-12-04 19:52:54'),
 (2678,136,'B-12 AAFEES',0.00,0.00,'2011-12-04 19:52:54'),
 (2679,137,'Wormal 100s',0.00,0.00,'2011-12-04 19:52:54'),
 (2680,138,'Wormal (pcs)',0.00,0.00,'2011-12-04 19:52:54'),
 (2681,139,'Complexor 3000 10ml',0.00,0.00,'2011-12-04 19:52:54'),
 (2682,140,'Pusham 10ml x 30',0.00,0.00,'2011-12-04 19:52:54'),
 (2683,141,'Pusham 10ml (pcs)',0.00,0.00,'2011-12-04 19:52:54'),
 (2684,142,'Tiki-Tiki',12.00,12.00,'2011-12-04 19:52:54'),
 (2685,143,'FCP',0.00,0.00,'2011-12-04 19:52:54'),
 (2686,144,'FCC',2.00,2.00,'2011-12-04 19:52:54'),
 (2687,145,'KOI',0.00,0.00,'2011-12-04 19:52:54'),
 (2688,146,'Fine Corn',1.00,1.00,'2011-12-04 19:52:54'),
 (2689,147,'RFG',0.00,0.00,'2011-12-04 19:52:54'),
 (2690,148,'FRYBOOSTER',0.00,0.00,'2011-12-04 19:52:54'),
 (2691,149,'Slashertone',0.00,0.00,'2011-12-04 19:52:54'),
 (2692,150,'Vermex',0.00,0.00,'2011-12-04 19:52:54'),
 (2693,151,'Vermex (pcs)',0.00,0.00,'2011-12-04 19:52:54'),
 (2694,152,'PEP',0.00,0.00,'2011-12-04 19:52:54'),
 (2695,153,'TMP',0.00,0.00,'2011-12-04 19:52:54'),
 (2696,154,'Cattle Concentrate',2.00,2.00,'2011-12-04 19:52:54'),
 (2697,155,'STF',0.00,0.00,'2011-12-04 19:52:54'),
 (2698,1,'CBM',6.00,5.00,'2011-12-07 15:10:07'),
 (2699,2,'CSM',3.00,0.00,'2011-12-07 15:10:07'),
 (2700,3,'CGM',10.00,8.00,'2011-12-07 15:10:07'),
 (2701,4,'CLM',170.00,152.00,'2011-12-07 15:10:07'),
 (2702,5,'BSC',45.00,15.00,'2011-12-07 15:10:07'),
 (2703,6,'BFC',14.00,13.00,'2011-12-07 15:10:07'),
 (2704,7,'Milko Plus',0.00,0.00,'2011-12-07 15:10:07'),
 (2705,8,'NSP',120.00,74.00,'2011-12-07 15:10:07'),
 (2706,9,'NGP',379.00,136.50,'2011-12-07 15:10:07'),
 (2707,10,'NBP',385.00,185.50,'2011-12-07 15:10:07'),
 (2708,11,'PSP',160.00,115.00,'2011-12-07 15:10:07'),
 (2709,12,'LSP',139.00,108.00,'2011-12-07 15:10:07'),
 (2710,13,'PGP',0.00,0.00,'2011-12-07 15:10:07'),
 (2711,14,'PGR',5.00,5.00,'2011-12-07 15:10:07'),
 (2712,15,'NLB',12.00,11.00,'2011-12-07 15:10:07'),
 (2713,16,'NLB-pack',0.00,17.00,'2011-12-07 15:10:07'),
 (2714,17,'NLP',62.00,50.00,'2011-12-07 15:10:07'),
 (2715,18,'NLP-pack',0.00,0.00,'2011-12-07 15:10:07'),
 (2716,19,'HSC',2.00,2.00,'2011-12-07 15:10:07'),
 (2717,20,'HGP',64.00,29.00,'2011-12-07 15:10:07'),
 (2718,21,'HFP',14.00,14.00,'2011-12-07 15:10:07'),
 (2719,22,'PDP (s)',26.00,20.00,'2011-12-07 15:10:07'),
 (2720,23,'PDP (o)',53.00,40.00,'2011-12-07 15:10:07'),
 (2721,24,'7 Kinds',10.00,6.00,'2011-12-07 15:10:07'),
 (2722,25,'Slasher',14.00,11.00,'2011-12-07 15:10:07'),
 (2723,26,'C-Corn',34.00,27.00,'2011-12-07 15:10:07'),
 (2724,27,'Christine',29.00,0.50,'2011-12-07 15:10:07'),
 (2725,28,'RED RICE',16.00,3.00,'2011-12-07 15:10:07'),
 (2726,29,'Royal Crown',25.00,15.00,'2011-12-07 15:10:07'),
 (2727,30,'Honey ',0.00,15.50,'2011-12-07 15:10:07'),
 (2728,31,'THB Booster',11.00,11.00,'2011-12-07 15:10:07'),
 (2729,32,'THB Booster-pack',0.00,16.00,'2011-12-07 15:10:07'),
 (2730,33,'THB Developer',12.00,11.00,'2011-12-07 15:10:07'),
 (2731,34,'THB Developer-pack',0.00,12.00,'2011-12-07 15:10:07'),
 (2732,35,'THB Enertone',14.00,13.00,'2011-12-07 15:10:07'),
 (2733,36,'THB Enertone-pack',0.00,0.00,'2011-12-07 15:10:07'),
 (2734,37,'THB Platinum',7.00,4.00,'2011-12-07 15:10:07'),
 (2735,38,'THB Platinum-pack',0.00,0.00,'2011-12-07 15:10:07'),
 (2736,39,'THB Hi-Protein',0.00,0.00,'2011-12-07 15:10:07'),
 (2737,40,'THB Hi-Protein-pack',0.00,0.00,'2011-12-07 15:10:07'),
 (2738,41,'THB Successor',0.00,0.00,'2011-12-07 15:10:07'),
 (2739,42,'THB Successor-pack',0.00,0.00,'2011-12-07 15:10:07'),
 (2740,43,'THB Multigrain',1.00,1.00,'2011-12-07 15:10:07'),
 (2741,44,'THB Multigrain-pack',0.00,0.00,'2011-12-07 15:10:07'),
 (2742,45,'THB Hi-Lander',0.00,0.00,'2011-12-07 15:10:07'),
 (2743,46,'THB Hi-Lander-pack',0.00,0.00,'2011-12-07 15:10:07'),
 (2744,47,'FRYMASH',9.00,9.00,'2011-12-07 15:10:07'),
 (2745,48,'PBC',5.00,1.00,'2011-12-07 15:10:07'),
 (2746,49,'PBS',5.00,5.00,'2011-12-07 15:10:07'),
 (2747,50,'PBG',4.00,4.00,'2011-12-07 15:10:07'),
 (2748,51,'PBF',10.00,10.00,'2011-12-07 15:10:07'),
 (2749,52,'SBS',0.00,0.00,'2011-12-07 15:10:07'),
 (2750,53,'SBG',0.00,0.00,'2011-12-07 15:10:07'),
 (2751,54,'SBF',1.00,1.00,'2011-12-07 15:10:07'),
 (2752,55,'Apralyte 6g x 48',0.00,0.00,'2011-12-07 15:10:07'),
 (2753,56,'Apralyte 6g (pcs)',0.00,0.00,'2011-12-07 15:10:07'),
 (2754,57,'Bacterid 100ml',0.00,0.00,'2011-12-07 15:10:07'),
 (2755,58,'Bacterid 10ml',0.00,0.00,'2011-12-07 15:10:07'),
 (2756,59,'Baxidil SE 6g x 48',0.00,0.00,'2011-12-07 15:10:07'),
 (2757,60,'Baxidil SE 6g (pcs)',0.00,0.00,'2011-12-07 15:10:07'),
 (2758,61,'Baxidil 7g x 48',0.00,0.00,'2011-12-07 15:10:07'),
 (2759,62,'Baxidil 7g (pcs)',0.00,0.00,'2011-12-07 15:10:07'),
 (2760,63,'Bexan SP 100ml',0.00,0.00,'2011-12-07 15:10:07'),
 (2761,64,'Bexan SP 10ml',0.00,0.00,'2011-12-07 15:10:07'),
 (2762,65,'Bexan SP 20ml',0.00,0.00,'2011-12-07 15:10:07'),
 (2763,66,'Bexan XP 100ml',0.00,0.00,'2011-12-07 15:10:07'),
 (2764,67,'Bexan XP 20ml',0.00,0.00,'2011-12-07 15:10:07'),
 (2765,68,'Bexan XP 10ml',0.00,0.00,'2011-12-07 15:10:07'),
 (2766,69,'Electrogen D+ 20g x 12',0.00,0.00,'2011-12-07 15:10:07'),
 (2767,70,'Electrogen D+ 20g (pcs)',0.00,0.00,'2011-12-07 15:10:07'),
 (2768,71,'Jectran Premium 100ml',0.00,0.00,'2011-12-07 15:10:07'),
 (2769,72,'Jectran Premium 20ml',0.00,0.00,'2011-12-07 15:10:07'),
 (2770,73,'Jectran Premium 10ml',0.00,0.00,'2011-12-07 15:10:07'),
 (2771,74,'Latigo 1000 SD 5g x 48',0.00,0.00,'2011-12-07 15:10:07'),
 (2772,75,'Latigo 1000 SD 5g (pcs)',0.00,0.00,'2011-12-07 15:10:07'),
 (2773,76,'Latigo 1000 MD 10g x 24',0.00,0.00,'2011-12-07 15:10:07'),
 (2774,77,'Latigo 1000 MD 10g (pcs)',0.00,0.00,'2011-12-07 15:10:07'),
 (2775,78,'Major D 20ml x 30',0.00,0.00,'2011-12-07 15:10:07'),
 (2776,79,'Major D 20ml (pcs)',0.00,0.00,'2011-12-07 15:10:07'),
 (2777,80,'Mammavet 100ml',0.00,0.00,'2011-12-07 15:10:07'),
 (2778,81,'Mammavet 10ml',0.00,0.00,'2011-12-07 15:10:07'),
 (2779,82,'Sustalin LA 100ml',0.00,0.00,'2011-12-07 15:10:07'),
 (2780,83,'Sustalin LA 10ml',0.00,0.00,'2011-12-07 15:10:07'),
 (2781,84,'Vetracin Classic 5g x 48 ',0.00,0.00,'2011-12-07 15:10:07'),
 (2782,85,'Vetracin Classic 5g (pcs)',0.00,0.00,'2011-12-07 15:10:07'),
 (2783,86,'Vetracin Gold 5g x 48',0.00,0.00,'2011-12-07 15:10:07'),
 (2784,87,'Vetracin Gold 5g (pcs)',0.00,46.00,'2011-12-07 15:10:07'),
 (2785,88,'Vetracin Gold Capsule',0.00,0.00,'2011-12-07 15:10:07'),
 (2786,89,'Vetracin Gold Capsule (pcs)',0.00,8.00,'2011-12-07 15:10:07'),
 (2787,90,'Vetracin Premium 5g x 48',0.00,0.00,'2011-12-07 15:10:07'),
 (2788,91,'Vetracin Premium 5g (pcs)',0.00,0.00,'2011-12-07 15:10:07'),
 (2789,92,'Viton-500 10ml',0.00,0.00,'2011-12-07 15:10:07'),
 (2790,93,'Cecical 200g',0.00,0.00,'2011-12-07 15:10:07'),
 (2791,94,'Pidro 2.4g x 50',0.00,3.00,'2011-12-07 15:10:07'),
 (2792,95,'Pidro 2.4g (pcs)',0.00,0.00,'2011-12-07 15:10:07'),
 (2793,96,'V-22 200g',0.00,0.00,'2011-12-07 15:10:07'),
 (2794,97,'V-22 Tablet 100 ',0.00,0.00,'2011-12-07 15:10:07'),
 (2795,98,'DCM 50ml',0.00,0.00,'2011-12-07 15:10:07'),
 (2796,99,'Redbik 100ml',0.00,0.00,'2011-12-07 15:10:07'),
 (2797,100,'Redbik 10ml',0.00,0.00,'2011-12-07 15:10:07'),
 (2798,101,'TMPS Pig Doser 120ml',0.00,0.00,'2011-12-07 15:10:07'),
 (2799,102,'Amtyl 500 100s',0.00,0.00,'2011-12-07 15:10:07'),
 (2800,103,'Amtyl 500 (pcs)',0.00,0.00,'2011-12-07 15:10:07'),
 (2801,104,'B-50 Forteen 200s',0.00,1.00,'2011-12-07 15:10:07'),
 (2802,105,'B-50 Forteen (pcs)',0.00,128.00,'2011-12-07 15:10:07'),
 (2803,106,'Belamyl 100ml',0.00,0.00,'2011-12-07 15:10:07'),
 (2804,107,'Belamyl 20ml',0.00,0.00,'2011-12-07 15:10:07'),
 (2805,108,'Belamyl 10ml',0.00,0.00,'2011-12-07 15:10:07'),
 (2806,109,'Belamyl 50ml',0.00,0.00,'2011-12-07 15:10:07'),
 (2807,110,'Calcium Lactate ',0.00,3.00,'2011-12-07 15:10:07'),
 (2808,111,'Calcium Lactate (pcs)',0.00,43.00,'2011-12-07 15:10:07'),
 (2809,112,'Choramphenicol 500g ',0.00,0.00,'2011-12-07 15:10:07'),
 (2810,113,'Choramphenicol 500g (pcs)',0.00,0.00,'2011-12-07 15:10:07'),
 (2811,114,'Combinex 40g',0.00,0.00,'2011-12-07 15:10:07'),
 (2812,115,'Combinex 86g',0.00,9.00,'2011-12-07 15:10:07'),
 (2813,116,'Dextrolyte 100ml',0.00,0.00,'2011-12-07 15:10:07'),
 (2814,117,'Disposable Syringe 10ml',0.00,0.00,'2011-12-07 15:10:07'),
 (2815,118,'Disposable Syringe 5ml',0.00,0.00,'2011-12-07 15:10:07'),
 (2816,119,'Disposable Syringe 3ml',0.00,0.00,'2011-12-07 15:10:07'),
 (2817,120,'Disposable Syringe 2.5ml',0.00,0.00,'2011-12-07 15:10:07'),
 (2818,121,'Disposable Syringe 1ml',0.00,0.00,'2011-12-07 15:10:07'),
 (2819,122,'Doxylak Forte 7g x 48',0.00,0.00,'2011-12-07 15:10:07'),
 (2820,123,'Doxylak Forte 7g (pcs)',0.00,0.00,'2011-12-07 15:10:07'),
 (2821,124,'Electrolyte Proto-lyte 250ml',0.00,0.00,'2011-12-07 15:10:07'),
 (2822,125,'Hammer 200s',0.00,0.00,'2011-12-07 15:10:07'),
 (2823,126,'Hammer (pcs)',0.00,0.00,'2011-12-07 15:10:07'),
 (2824,127,'LDI-B12 100s',0.00,0.00,'2011-12-07 15:10:07'),
 (2825,128,'LDI-B12 (pcs)',0.00,0.00,'2011-12-07 15:10:07'),
 (2826,129,'Multivitamins',0.00,1.00,'2011-12-07 15:10:07'),
 (2827,130,'Multivitamins (pcs)',0.00,0.00,'2011-12-07 15:10:07'),
 (2828,131,'Nutridrench 15ml',0.00,0.00,'2011-12-07 15:10:07'),
 (2829,132,'Trisulak 7g x 48',0.00,0.00,'2011-12-07 15:10:07'),
 (2830,133,'Trisulak 7g (pcs)',0.00,0.00,'2011-12-07 15:10:07'),
 (2831,134,'Viminolak 100s',0.00,0.00,'2011-12-07 15:10:07'),
 (2832,135,'Viminolak (pcs)',0.00,0.00,'2011-12-07 15:10:07'),
 (2833,136,'B-12 AAFEES',0.00,4.00,'2011-12-07 15:10:07'),
 (2834,137,'Wormal 100s',0.00,0.00,'2011-12-07 15:10:07'),
 (2835,138,'Wormal (pcs)',0.00,0.00,'2011-12-07 15:10:07'),
 (2836,139,'Complexor 3000 10ml',0.00,0.00,'2011-12-07 15:10:07'),
 (2837,140,'Pusham 10ml x 30',0.00,0.00,'2011-12-07 15:10:07'),
 (2838,141,'Pusham 10ml (pcs)',0.00,0.00,'2011-12-07 15:10:07');
INSERT INTO `inventory` (`id`,`item_id`,`item_code`,`beginning_balance`,`ending_balance`,`date`) VALUES 
 (2839,142,'Tiki-Tiki',12.00,0.00,'2011-12-07 15:10:07'),
 (2840,143,'FCP',0.00,0.00,'2011-12-07 15:10:07'),
 (2841,144,'FCC',2.00,2.00,'2011-12-07 15:10:07'),
 (2842,145,'KOI',0.00,0.00,'2011-12-07 15:10:07'),
 (2843,146,'Fine Corn',1.00,1.00,'2011-12-07 15:10:07'),
 (2844,147,'RFG',0.00,0.00,'2011-12-07 15:10:07'),
 (2845,148,'FRYBOOSTER',0.00,0.00,'2011-12-07 15:10:07'),
 (2846,149,'Slashertone',0.00,0.00,'2011-12-07 15:10:07'),
 (2847,150,'Vermex',0.00,0.00,'2011-12-07 15:10:07'),
 (2848,151,'Vermex (pcs)',0.00,0.00,'2011-12-07 15:10:07'),
 (2849,152,'PEP',0.00,0.00,'2011-12-07 15:10:07'),
 (2850,153,'TMP',0.00,0.00,'2011-12-07 15:10:07'),
 (2851,154,'Cattle Concentrate',2.00,2.00,'2011-12-07 15:10:07'),
 (2852,155,'STF',0.00,0.00,'2011-12-07 15:10:07'),
 (2953,1,'CBM',5.00,5.00,'2011-12-07 15:39:16'),
 (2954,2,'CSM',0.00,0.00,'2011-12-07 15:39:16'),
 (2955,3,'CGM',8.00,8.00,'2011-12-07 15:39:16'),
 (2956,4,'CLM',152.00,152.00,'2011-12-07 15:39:16'),
 (2957,5,'BSC',15.00,15.00,'2011-12-07 15:39:16'),
 (2958,6,'BFC',13.00,13.00,'2011-12-07 15:39:16'),
 (2959,7,'Milko Plus',0.00,0.00,'2011-12-07 15:39:16'),
 (2960,8,'NSP',74.00,74.00,'2011-12-07 15:39:16'),
 (2961,9,'NGP',136.50,136.50,'2011-12-07 15:39:16'),
 (2962,10,'NBP',185.50,185.50,'2011-12-07 15:39:16'),
 (2963,11,'PSP',115.00,115.00,'2011-12-07 15:39:16'),
 (2964,12,'LSP',108.00,108.00,'2011-12-07 15:39:16'),
 (2965,13,'PGP',0.00,0.00,'2011-12-07 15:39:16'),
 (2966,14,'PGR',5.00,5.00,'2011-12-07 15:39:16'),
 (2967,15,'NLB',11.00,11.00,'2011-12-07 15:39:16'),
 (2968,16,'NLB-pack',17.00,17.00,'2011-12-07 15:39:16'),
 (2969,17,'NLP',50.00,50.00,'2011-12-07 15:39:16'),
 (2970,18,'NLP-pack',0.00,0.00,'2011-12-07 15:39:16'),
 (2971,19,'HSC',2.00,2.00,'2011-12-07 15:39:16'),
 (2972,20,'HGP',29.00,29.00,'2011-12-07 15:39:16'),
 (2973,21,'HFP',14.00,14.00,'2011-12-07 15:39:16'),
 (2974,22,'PDP (s)',20.00,20.00,'2011-12-07 15:39:16'),
 (2975,23,'PDP (o)',40.00,39.00,'2011-12-07 15:39:16'),
 (2976,24,'7 Kinds',6.00,6.00,'2011-12-07 15:39:16'),
 (2977,25,'Slasher',11.00,11.00,'2011-12-07 15:39:16'),
 (2978,26,'C-Corn',27.00,27.00,'2011-12-07 15:39:16'),
 (2979,27,'Christine',0.50,0.50,'2011-12-07 15:39:16'),
 (2980,28,'RED RICE',3.00,3.00,'2011-12-07 15:39:16'),
 (2981,29,'Royal Crown',15.00,15.00,'2011-12-07 15:39:16'),
 (2982,30,'Honey ',15.50,15.50,'2011-12-07 15:39:16'),
 (2983,31,'THB Booster',11.00,11.00,'2011-12-07 15:39:16'),
 (2984,32,'THB Booster-pack',16.00,16.00,'2011-12-07 15:39:16'),
 (2985,33,'THB Developer',11.00,11.00,'2011-12-07 15:39:16'),
 (2986,34,'THB Developer-pack',12.00,12.00,'2011-12-07 15:39:16'),
 (2987,35,'THB Enertone',13.00,13.00,'2011-12-07 15:39:16'),
 (2988,36,'THB Enertone-pack',0.00,0.00,'2011-12-07 15:39:16'),
 (2989,37,'THB Platinum',4.00,4.00,'2011-12-07 15:39:16'),
 (2990,38,'THB Platinum-pack',0.00,0.00,'2011-12-07 15:39:16'),
 (2991,39,'THB Hi-Protein',0.00,0.00,'2011-12-07 15:39:16'),
 (2992,40,'THB Hi-Protein-pack',0.00,0.00,'2011-12-07 15:39:16'),
 (2993,41,'THB Successor',0.00,0.00,'2011-12-07 15:39:16'),
 (2994,42,'THB Successor-pack',0.00,0.00,'2011-12-07 15:39:16'),
 (2995,43,'THB Multigrain',1.00,1.00,'2011-12-07 15:39:16'),
 (2996,44,'THB Multigrain-pack',0.00,0.00,'2011-12-07 15:39:16'),
 (2997,45,'THB Hi-Lander',0.00,0.00,'2011-12-07 15:39:16'),
 (2998,46,'THB Hi-Lander-pack',0.00,0.00,'2011-12-07 15:39:16'),
 (2999,47,'FRYMASH',9.00,9.00,'2011-12-07 15:39:16'),
 (3000,48,'PBC',1.00,1.00,'2011-12-07 15:39:16'),
 (3001,49,'PBS',5.00,5.00,'2011-12-07 15:39:16'),
 (3002,50,'PBG',4.00,4.00,'2011-12-07 15:39:16'),
 (3003,51,'PBF',10.00,10.00,'2011-12-07 15:39:16'),
 (3004,52,'SBS',0.00,0.00,'2011-12-07 15:39:16'),
 (3005,53,'SBG',0.00,0.00,'2011-12-07 15:39:16'),
 (3006,54,'SBF',1.00,1.00,'2011-12-07 15:39:16'),
 (3007,55,'Apralyte 6g x 48',0.00,0.00,'2011-12-07 15:39:16'),
 (3008,56,'Apralyte 6g (pcs)',0.00,0.00,'2011-12-07 15:39:16'),
 (3009,57,'Bacterid 100ml',0.00,0.00,'2011-12-07 15:39:16'),
 (3010,58,'Bacterid 10ml',0.00,0.00,'2011-12-07 15:39:16'),
 (3011,59,'Baxidil SE 6g x 48',0.00,0.00,'2011-12-07 15:39:16'),
 (3012,60,'Baxidil SE 6g (pcs)',0.00,0.00,'2011-12-07 15:39:16'),
 (3013,61,'Baxidil 7g x 48',0.00,0.00,'2011-12-07 15:39:16'),
 (3014,62,'Baxidil 7g (pcs)',0.00,0.00,'2011-12-07 15:39:16'),
 (3015,63,'Bexan SP 100ml',0.00,0.00,'2011-12-07 15:39:16'),
 (3016,64,'Bexan SP 10ml',0.00,0.00,'2011-12-07 15:39:16'),
 (3017,65,'Bexan SP 20ml',0.00,0.00,'2011-12-07 15:39:16'),
 (3018,66,'Bexan XP 100ml',0.00,0.00,'2011-12-07 15:39:16'),
 (3019,67,'Bexan XP 20ml',0.00,0.00,'2011-12-07 15:39:16'),
 (3020,68,'Bexan XP 10ml',0.00,0.00,'2011-12-07 15:39:16'),
 (3021,69,'Electrogen D+ 20g x 12',0.00,0.00,'2011-12-07 15:39:16'),
 (3022,70,'Electrogen D+ 20g (pcs)',0.00,0.00,'2011-12-07 15:39:16'),
 (3023,71,'Jectran Premium 100ml',0.00,0.00,'2011-12-07 15:39:16'),
 (3024,72,'Jectran Premium 20ml',0.00,0.00,'2011-12-07 15:39:16'),
 (3025,73,'Jectran Premium 10ml',0.00,0.00,'2011-12-07 15:39:16'),
 (3026,74,'Latigo 1000 SD 5g x 48',0.00,0.00,'2011-12-07 15:39:16'),
 (3027,75,'Latigo 1000 SD 5g (pcs)',0.00,0.00,'2011-12-07 15:39:16'),
 (3028,76,'Latigo 1000 MD 10g x 24',0.00,0.00,'2011-12-07 15:39:16'),
 (3029,77,'Latigo 1000 MD 10g (pcs)',0.00,0.00,'2011-12-07 15:39:16'),
 (3030,78,'Major D 20ml x 30',0.00,0.00,'2011-12-07 15:39:16'),
 (3031,79,'Major D 20ml (pcs)',0.00,0.00,'2011-12-07 15:39:16'),
 (3032,80,'Mammavet 100ml',0.00,0.00,'2011-12-07 15:39:16'),
 (3033,81,'Mammavet 10ml',0.00,0.00,'2011-12-07 15:39:16'),
 (3034,82,'Sustalin LA 100ml',0.00,0.00,'2011-12-07 15:39:16'),
 (3035,83,'Sustalin LA 10ml',0.00,0.00,'2011-12-07 15:39:16'),
 (3036,84,'Vetracin Classic 5g x 48 ',0.00,0.00,'2011-12-07 15:39:16'),
 (3037,85,'Vetracin Classic 5g (pcs)',0.00,0.00,'2011-12-07 15:39:16'),
 (3038,86,'Vetracin Gold 5g x 48',0.00,0.00,'2011-12-07 15:39:16'),
 (3039,87,'Vetracin Gold 5g (pcs)',46.00,46.00,'2011-12-07 15:39:16'),
 (3040,88,'Vetracin Gold Capsule',0.00,0.00,'2011-12-07 15:39:16'),
 (3041,89,'Vetracin Gold Capsule (pcs)',8.00,8.00,'2011-12-07 15:39:16'),
 (3042,90,'Vetracin Premium 5g x 48',0.00,0.00,'2011-12-07 15:39:16'),
 (3043,91,'Vetracin Premium 5g (pcs)',0.00,0.00,'2011-12-07 15:39:16'),
 (3044,92,'Viton-500 10ml',0.00,0.00,'2011-12-07 15:39:16'),
 (3045,93,'Cecical 200g',0.00,0.00,'2011-12-07 15:39:16'),
 (3046,94,'Pidro 2.4g x 50',3.00,3.00,'2011-12-07 15:39:16'),
 (3047,95,'Pidro 2.4g (pcs)',0.00,0.00,'2011-12-07 15:39:16'),
 (3048,96,'V-22 200g',0.00,0.00,'2011-12-07 15:39:16'),
 (3049,97,'V-22 Tablet 100 ',0.00,0.00,'2011-12-07 15:39:16'),
 (3050,98,'DCM 50ml',0.00,0.00,'2011-12-07 15:39:16'),
 (3051,99,'Redbik 100ml',0.00,0.00,'2011-12-07 15:39:16'),
 (3052,100,'Redbik 10ml',0.00,0.00,'2011-12-07 15:39:16'),
 (3053,101,'TMPS Pig Doser 120ml',0.00,0.00,'2011-12-07 15:39:16'),
 (3054,102,'Amtyl 500 100s',0.00,0.00,'2011-12-07 15:39:16'),
 (3055,103,'Amtyl 500 (pcs)',0.00,0.00,'2011-12-07 15:39:16'),
 (3056,104,'B-50 Forteen 200s',1.00,1.00,'2011-12-07 15:39:16'),
 (3057,105,'B-50 Forteen (pcs)',128.00,128.00,'2011-12-07 15:39:16'),
 (3058,106,'Belamyl 100ml',0.00,0.00,'2011-12-07 15:39:16'),
 (3059,107,'Belamyl 20ml',0.00,0.00,'2011-12-07 15:39:16'),
 (3060,108,'Belamyl 10ml',0.00,0.00,'2011-12-07 15:39:16'),
 (3061,109,'Belamyl 50ml',0.00,0.00,'2011-12-07 15:39:16'),
 (3062,110,'Calcium Lactate ',3.00,3.00,'2011-12-07 15:39:16'),
 (3063,111,'Calcium Lactate (pcs)',43.00,43.00,'2011-12-07 15:39:16'),
 (3064,112,'Choramphenicol 500g ',0.00,0.00,'2011-12-07 15:39:16'),
 (3065,113,'Choramphenicol 500g (pcs)',0.00,0.00,'2011-12-07 15:39:16'),
 (3066,114,'Combinex 40g',0.00,0.00,'2011-12-07 15:39:16'),
 (3067,115,'Combinex 86g',9.00,9.00,'2011-12-07 15:39:16'),
 (3068,116,'Dextrolyte 100ml',0.00,0.00,'2011-12-07 15:39:16'),
 (3069,117,'Disposable Syringe 10ml',0.00,0.00,'2011-12-07 15:39:16'),
 (3070,118,'Disposable Syringe 5ml',0.00,0.00,'2011-12-07 15:39:16'),
 (3071,119,'Disposable Syringe 3ml',0.00,0.00,'2011-12-07 15:39:16'),
 (3072,120,'Disposable Syringe 2.5ml',0.00,0.00,'2011-12-07 15:39:16'),
 (3073,121,'Disposable Syringe 1ml',0.00,0.00,'2011-12-07 15:39:16'),
 (3074,122,'Doxylak Forte 7g x 48',0.00,0.00,'2011-12-07 15:39:16'),
 (3075,123,'Doxylak Forte 7g (pcs)',0.00,0.00,'2011-12-07 15:39:16'),
 (3076,124,'Electrolyte Proto-lyte 250ml',0.00,0.00,'2011-12-07 15:39:16'),
 (3077,125,'Hammer 200s',0.00,0.00,'2011-12-07 15:39:16'),
 (3078,126,'Hammer (pcs)',0.00,0.00,'2011-12-07 15:39:16'),
 (3079,127,'LDI-B12 100s',0.00,0.00,'2011-12-07 15:39:16'),
 (3080,128,'LDI-B12 (pcs)',0.00,0.00,'2011-12-07 15:39:16'),
 (3081,129,'Multivitamins',1.00,1.00,'2011-12-07 15:39:16'),
 (3082,130,'Multivitamins (pcs)',0.00,0.00,'2011-12-07 15:39:16'),
 (3083,131,'Nutridrench 15ml',0.00,0.00,'2011-12-07 15:39:16'),
 (3084,132,'Trisulak 7g x 48',0.00,0.00,'2011-12-07 15:39:16'),
 (3085,133,'Trisulak 7g (pcs)',0.00,0.00,'2011-12-07 15:39:16'),
 (3086,134,'Viminolak 100s',0.00,0.00,'2011-12-07 15:39:16'),
 (3087,135,'Viminolak (pcs)',0.00,0.00,'2011-12-07 15:39:16'),
 (3088,136,'B-12 AAFEES',4.00,4.00,'2011-12-07 15:39:16'),
 (3089,137,'Wormal 100s',0.00,0.00,'2011-12-07 15:39:16'),
 (3090,138,'Wormal (pcs)',0.00,0.00,'2011-12-07 15:39:16'),
 (3091,139,'Complexor 3000 10ml',0.00,0.00,'2011-12-07 15:39:16'),
 (3092,140,'Pusham 10ml x 30',0.00,0.00,'2011-12-07 15:39:16'),
 (3093,141,'Pusham 10ml (pcs)',0.00,0.00,'2011-12-07 15:39:16'),
 (3094,142,'Tiki-Tiki',0.00,0.00,'2011-12-07 15:39:16'),
 (3095,143,'FCP',0.00,0.00,'2011-12-07 15:39:16'),
 (3096,144,'FCC',2.00,2.00,'2011-12-07 15:39:16'),
 (3097,145,'KOI',0.00,0.00,'2011-12-07 15:39:16'),
 (3098,146,'Fine Corn',1.00,1.00,'2011-12-07 15:39:16'),
 (3099,147,'RFG',0.00,0.00,'2011-12-07 15:39:16'),
 (3100,148,'FRYBOOSTER',0.00,0.00,'2011-12-07 15:39:16'),
 (3101,149,'Slashertone',0.00,0.00,'2011-12-07 15:39:16'),
 (3102,150,'Vermex',0.00,0.00,'2011-12-07 15:39:16'),
 (3103,151,'Vermex (pcs)',0.00,0.00,'2011-12-07 15:39:16'),
 (3104,152,'PEP',0.00,0.00,'2011-12-07 15:39:16'),
 (3105,153,'TMP',0.00,0.00,'2011-12-07 15:39:16'),
 (3106,154,'Cattle Concentrate',2.00,2.00,'2011-12-07 15:39:16'),
 (3107,155,'STF',0.00,0.00,'2011-12-07 15:39:16'),
 (3208,1,'CBM',5.00,5.00,'2011-12-07 15:40:02'),
 (3209,2,'CSM',0.00,0.00,'2011-12-07 15:40:02'),
 (3210,3,'CGM',8.00,8.00,'2011-12-07 15:40:02'),
 (3211,4,'CLM',152.00,152.00,'2011-12-07 15:40:02'),
 (3212,5,'BSC',15.00,15.00,'2011-12-07 15:40:02'),
 (3213,6,'BFC',13.00,13.00,'2011-12-07 15:40:02'),
 (3214,7,'Milko Plus',0.00,0.00,'2011-12-07 15:40:02'),
 (3215,8,'NSP',74.00,74.00,'2011-12-07 15:40:02'),
 (3216,9,'NGP',136.50,136.50,'2011-12-07 15:40:02'),
 (3217,10,'NBP',185.50,185.50,'2011-12-07 15:40:02'),
 (3218,11,'PSP',115.00,115.00,'2011-12-07 15:40:02'),
 (3219,12,'LSP',108.00,108.00,'2011-12-07 15:40:02'),
 (3220,13,'PGP',0.00,0.00,'2011-12-07 15:40:02'),
 (3221,14,'PGR',5.00,5.00,'2011-12-07 15:40:02'),
 (3222,15,'NLB',11.00,11.00,'2011-12-07 15:40:02'),
 (3223,16,'NLB-pack',17.00,17.00,'2011-12-07 15:40:02'),
 (3224,17,'NLP',50.00,50.00,'2011-12-07 15:40:02'),
 (3225,18,'NLP-pack',0.00,0.00,'2011-12-07 15:40:02'),
 (3226,19,'HSC',2.00,2.00,'2011-12-07 15:40:02'),
 (3227,20,'HGP',29.00,29.00,'2011-12-07 15:40:02'),
 (3228,21,'HFP',14.00,14.00,'2011-12-07 15:40:02'),
 (3229,22,'PDP (s)',20.00,20.00,'2011-12-07 15:40:02'),
 (3230,23,'PDP (o)',39.00,39.00,'2011-12-07 15:40:02'),
 (3231,24,'7 Kinds',6.00,6.00,'2011-12-07 15:40:02'),
 (3232,25,'Slasher',11.00,11.00,'2011-12-07 15:40:02'),
 (3233,26,'C-Corn',27.00,27.00,'2011-12-07 15:40:02'),
 (3234,27,'Christine',0.50,0.50,'2011-12-07 15:40:02'),
 (3235,28,'RED RICE',3.00,3.00,'2011-12-07 15:40:02'),
 (3236,29,'Royal Crown',15.00,15.00,'2011-12-07 15:40:02'),
 (3237,30,'Honey ',15.50,15.50,'2011-12-07 15:40:02'),
 (3238,31,'THB Booster',11.00,11.00,'2011-12-07 15:40:02'),
 (3239,32,'THB Booster-pack',16.00,16.00,'2011-12-07 15:40:02'),
 (3240,33,'THB Developer',11.00,11.00,'2011-12-07 15:40:02'),
 (3241,34,'THB Developer-pack',12.00,12.00,'2011-12-07 15:40:02'),
 (3242,35,'THB Enertone',13.00,13.00,'2011-12-07 15:40:02'),
 (3243,36,'THB Enertone-pack',0.00,0.00,'2011-12-07 15:40:02'),
 (3244,37,'THB Platinum',4.00,4.00,'2011-12-07 15:40:02'),
 (3245,38,'THB Platinum-pack',0.00,0.00,'2011-12-07 15:40:02'),
 (3246,39,'THB Hi-Protein',0.00,0.00,'2011-12-07 15:40:02'),
 (3247,40,'THB Hi-Protein-pack',0.00,0.00,'2011-12-07 15:40:02'),
 (3248,41,'THB Successor',0.00,0.00,'2011-12-07 15:40:02'),
 (3249,42,'THB Successor-pack',0.00,0.00,'2011-12-07 15:40:02'),
 (3250,43,'THB Multigrain',1.00,1.00,'2011-12-07 15:40:02'),
 (3251,44,'THB Multigrain-pack',0.00,0.00,'2011-12-07 15:40:02'),
 (3252,45,'THB Hi-Lander',0.00,0.00,'2011-12-07 15:40:02'),
 (3253,46,'THB Hi-Lander-pack',0.00,0.00,'2011-12-07 15:40:02'),
 (3254,47,'FRYMASH',9.00,9.00,'2011-12-07 15:40:02'),
 (3255,48,'PBC',1.00,1.00,'2011-12-07 15:40:02'),
 (3256,49,'PBS',5.00,5.00,'2011-12-07 15:40:02'),
 (3257,50,'PBG',4.00,4.00,'2011-12-07 15:40:02'),
 (3258,51,'PBF',10.00,10.00,'2011-12-07 15:40:02'),
 (3259,52,'SBS',0.00,0.00,'2011-12-07 15:40:02'),
 (3260,53,'SBG',0.00,0.00,'2011-12-07 15:40:02'),
 (3261,54,'SBF',1.00,1.00,'2011-12-07 15:40:02'),
 (3262,55,'Apralyte 6g x 48',0.00,0.00,'2011-12-07 15:40:02'),
 (3263,56,'Apralyte 6g (pcs)',0.00,0.00,'2011-12-07 15:40:02'),
 (3264,57,'Bacterid 100ml',0.00,0.00,'2011-12-07 15:40:02'),
 (3265,58,'Bacterid 10ml',0.00,0.00,'2011-12-07 15:40:02'),
 (3266,59,'Baxidil SE 6g x 48',0.00,0.00,'2011-12-07 15:40:02'),
 (3267,60,'Baxidil SE 6g (pcs)',0.00,0.00,'2011-12-07 15:40:02'),
 (3268,61,'Baxidil 7g x 48',0.00,0.00,'2011-12-07 15:40:02'),
 (3269,62,'Baxidil 7g (pcs)',0.00,0.00,'2011-12-07 15:40:02'),
 (3270,63,'Bexan SP 100ml',0.00,0.00,'2011-12-07 15:40:02'),
 (3271,64,'Bexan SP 10ml',0.00,0.00,'2011-12-07 15:40:02'),
 (3272,65,'Bexan SP 20ml',0.00,0.00,'2011-12-07 15:40:02'),
 (3273,66,'Bexan XP 100ml',0.00,0.00,'2011-12-07 15:40:02'),
 (3274,67,'Bexan XP 20ml',0.00,0.00,'2011-12-07 15:40:02'),
 (3275,68,'Bexan XP 10ml',0.00,0.00,'2011-12-07 15:40:02'),
 (3276,69,'Electrogen D+ 20g x 12',0.00,0.00,'2011-12-07 15:40:02'),
 (3277,70,'Electrogen D+ 20g (pcs)',0.00,0.00,'2011-12-07 15:40:02'),
 (3278,71,'Jectran Premium 100ml',0.00,0.00,'2011-12-07 15:40:02'),
 (3279,72,'Jectran Premium 20ml',0.00,0.00,'2011-12-07 15:40:02'),
 (3280,73,'Jectran Premium 10ml',0.00,0.00,'2011-12-07 15:40:02'),
 (3281,74,'Latigo 1000 SD 5g x 48',0.00,0.00,'2011-12-07 15:40:02'),
 (3282,75,'Latigo 1000 SD 5g (pcs)',0.00,0.00,'2011-12-07 15:40:02'),
 (3283,76,'Latigo 1000 MD 10g x 24',0.00,0.00,'2011-12-07 15:40:02'),
 (3284,77,'Latigo 1000 MD 10g (pcs)',0.00,0.00,'2011-12-07 15:40:02'),
 (3285,78,'Major D 20ml x 30',0.00,0.00,'2011-12-07 15:40:02'),
 (3286,79,'Major D 20ml (pcs)',0.00,0.00,'2011-12-07 15:40:02'),
 (3287,80,'Mammavet 100ml',0.00,0.00,'2011-12-07 15:40:02'),
 (3288,81,'Mammavet 10ml',0.00,0.00,'2011-12-07 15:40:02'),
 (3289,82,'Sustalin LA 100ml',0.00,0.00,'2011-12-07 15:40:02'),
 (3290,83,'Sustalin LA 10ml',0.00,0.00,'2011-12-07 15:40:02'),
 (3291,84,'Vetracin Classic 5g x 48 ',0.00,0.00,'2011-12-07 15:40:02'),
 (3292,85,'Vetracin Classic 5g (pcs)',0.00,0.00,'2011-12-07 15:40:02'),
 (3293,86,'Vetracin Gold 5g x 48',0.00,0.00,'2011-12-07 15:40:02'),
 (3294,87,'Vetracin Gold 5g (pcs)',46.00,46.00,'2011-12-07 15:40:02'),
 (3295,88,'Vetracin Gold Capsule',0.00,0.00,'2011-12-07 15:40:02'),
 (3296,89,'Vetracin Gold Capsule (pcs)',8.00,8.00,'2011-12-07 15:40:02'),
 (3297,90,'Vetracin Premium 5g x 48',0.00,0.00,'2011-12-07 15:40:02'),
 (3298,91,'Vetracin Premium 5g (pcs)',0.00,0.00,'2011-12-07 15:40:02'),
 (3299,92,'Viton-500 10ml',0.00,0.00,'2011-12-07 15:40:02'),
 (3300,93,'Cecical 200g',0.00,0.00,'2011-12-07 15:40:02'),
 (3301,94,'Pidro 2.4g x 50',3.00,3.00,'2011-12-07 15:40:02'),
 (3302,95,'Pidro 2.4g (pcs)',0.00,0.00,'2011-12-07 15:40:02'),
 (3303,96,'V-22 200g',0.00,0.00,'2011-12-07 15:40:02'),
 (3304,97,'V-22 Tablet 100 ',0.00,0.00,'2011-12-07 15:40:02'),
 (3305,98,'DCM 50ml',0.00,0.00,'2011-12-07 15:40:02'),
 (3306,99,'Redbik 100ml',0.00,0.00,'2011-12-07 15:40:02'),
 (3307,100,'Redbik 10ml',0.00,0.00,'2011-12-07 15:40:02'),
 (3308,101,'TMPS Pig Doser 120ml',0.00,0.00,'2011-12-07 15:40:02'),
 (3309,102,'Amtyl 500 100s',0.00,0.00,'2011-12-07 15:40:02'),
 (3310,103,'Amtyl 500 (pcs)',0.00,0.00,'2011-12-07 15:40:02'),
 (3311,104,'B-50 Forteen 200s',1.00,1.00,'2011-12-07 15:40:02'),
 (3312,105,'B-50 Forteen (pcs)',128.00,128.00,'2011-12-07 15:40:02'),
 (3313,106,'Belamyl 100ml',0.00,0.00,'2011-12-07 15:40:02'),
 (3314,107,'Belamyl 20ml',0.00,0.00,'2011-12-07 15:40:02'),
 (3315,108,'Belamyl 10ml',0.00,0.00,'2011-12-07 15:40:02'),
 (3316,109,'Belamyl 50ml',0.00,0.00,'2011-12-07 15:40:02'),
 (3317,110,'Calcium Lactate ',3.00,3.00,'2011-12-07 15:40:02'),
 (3318,111,'Calcium Lactate (pcs)',43.00,43.00,'2011-12-07 15:40:02'),
 (3319,112,'Choramphenicol 500g ',0.00,0.00,'2011-12-07 15:40:02'),
 (3320,113,'Choramphenicol 500g (pcs)',0.00,0.00,'2011-12-07 15:40:02'),
 (3321,114,'Combinex 40g',0.00,0.00,'2011-12-07 15:40:02'),
 (3322,115,'Combinex 86g',9.00,9.00,'2011-12-07 15:40:02'),
 (3323,116,'Dextrolyte 100ml',0.00,0.00,'2011-12-07 15:40:02'),
 (3324,117,'Disposable Syringe 10ml',0.00,0.00,'2011-12-07 15:40:02'),
 (3325,118,'Disposable Syringe 5ml',0.00,0.00,'2011-12-07 15:40:02'),
 (3326,119,'Disposable Syringe 3ml',0.00,0.00,'2011-12-07 15:40:02'),
 (3327,120,'Disposable Syringe 2.5ml',0.00,0.00,'2011-12-07 15:40:02'),
 (3328,121,'Disposable Syringe 1ml',0.00,0.00,'2011-12-07 15:40:02'),
 (3329,122,'Doxylak Forte 7g x 48',0.00,0.00,'2011-12-07 15:40:02'),
 (3330,123,'Doxylak Forte 7g (pcs)',0.00,0.00,'2011-12-07 15:40:02'),
 (3331,124,'Electrolyte Proto-lyte 250ml',0.00,0.00,'2011-12-07 15:40:02'),
 (3332,125,'Hammer 200s',0.00,0.00,'2011-12-07 15:40:02'),
 (3333,126,'Hammer (pcs)',0.00,0.00,'2011-12-07 15:40:02'),
 (3334,127,'LDI-B12 100s',0.00,0.00,'2011-12-07 15:40:02'),
 (3335,128,'LDI-B12 (pcs)',0.00,0.00,'2011-12-07 15:40:02'),
 (3336,129,'Multivitamins',1.00,1.00,'2011-12-07 15:40:02'),
 (3337,130,'Multivitamins (pcs)',0.00,0.00,'2011-12-07 15:40:02'),
 (3338,131,'Nutridrench 15ml',0.00,0.00,'2011-12-07 15:40:02'),
 (3339,132,'Trisulak 7g x 48',0.00,0.00,'2011-12-07 15:40:02'),
 (3340,133,'Trisulak 7g (pcs)',0.00,0.00,'2011-12-07 15:40:02'),
 (3341,134,'Viminolak 100s',0.00,0.00,'2011-12-07 15:40:02'),
 (3342,135,'Viminolak (pcs)',0.00,0.00,'2011-12-07 15:40:02'),
 (3343,136,'B-12 AAFEES',4.00,4.00,'2011-12-07 15:40:02'),
 (3344,137,'Wormal 100s',0.00,0.00,'2011-12-07 15:40:02'),
 (3345,138,'Wormal (pcs)',0.00,0.00,'2011-12-07 15:40:02'),
 (3346,139,'Complexor 3000 10ml',0.00,0.00,'2011-12-07 15:40:02'),
 (3347,140,'Pusham 10ml x 30',0.00,0.00,'2011-12-07 15:40:02'),
 (3348,141,'Pusham 10ml (pcs)',0.00,0.00,'2011-12-07 15:40:02'),
 (3349,142,'Tiki-Tiki',0.00,0.00,'2011-12-07 15:40:02'),
 (3350,143,'FCP',0.00,0.00,'2011-12-07 15:40:02'),
 (3351,144,'FCC',2.00,2.00,'2011-12-07 15:40:02'),
 (3352,145,'KOI',0.00,0.00,'2011-12-07 15:40:02'),
 (3353,146,'Fine Corn',1.00,1.00,'2011-12-07 15:40:02'),
 (3354,147,'RFG',0.00,0.00,'2011-12-07 15:40:02'),
 (3355,148,'FRYBOOSTER',0.00,0.00,'2011-12-07 15:40:02'),
 (3356,149,'Slashertone',0.00,0.00,'2011-12-07 15:40:02'),
 (3357,150,'Vermex',0.00,0.00,'2011-12-07 15:40:02'),
 (3358,151,'Vermex (pcs)',0.00,0.00,'2011-12-07 15:40:02'),
 (3359,152,'PEP',0.00,0.00,'2011-12-07 15:40:02'),
 (3360,153,'TMP',0.00,0.00,'2011-12-07 15:40:02'),
 (3361,154,'Cattle Concentrate',2.00,2.00,'2011-12-07 15:40:02'),
 (3362,155,'STF',0.00,0.00,'2011-12-07 15:40:02'),
 (3363,1,'CBM',5.00,5.00,'2011-12-08 08:33:07'),
 (3364,2,'CSM',0.00,0.00,'2011-12-08 08:33:07'),
 (3365,3,'CGM',8.00,8.00,'2011-12-08 08:33:07'),
 (3366,4,'CLM',152.00,152.00,'2011-12-08 08:33:07'),
 (3367,5,'BSC',15.00,15.00,'2011-12-08 08:33:07'),
 (3368,6,'BFC',13.00,13.00,'2011-12-08 08:33:07'),
 (3369,7,'Milko Plus',0.00,0.00,'2011-12-08 08:33:07'),
 (3370,8,'NSP',74.00,104.00,'2011-12-08 08:33:07'),
 (3371,9,'NGP',136.50,132.50,'2011-12-08 08:33:07'),
 (3372,10,'NBP',185.50,184.50,'2011-12-08 08:33:07'),
 (3373,11,'PSP',115.00,113.00,'2011-12-08 08:33:07'),
 (3374,12,'LSP',108.00,204.00,'2011-12-08 08:33:07'),
 (3375,13,'PGP',0.00,0.00,'2011-12-08 08:33:07'),
 (3376,14,'PGR',5.00,5.00,'2011-12-08 08:33:07'),
 (3377,15,'NLB',11.00,11.00,'2011-12-08 08:33:07'),
 (3378,16,'NLB-pack',17.00,17.00,'2011-12-08 08:33:07'),
 (3379,17,'NLP',50.00,47.00,'2011-12-08 08:33:07'),
 (3380,18,'NLP-pack',0.00,3.00,'2011-12-08 08:33:07'),
 (3381,19,'HSC',2.00,2.00,'2011-12-08 08:33:07'),
 (3382,20,'HGP',29.00,29.00,'2011-12-08 08:33:07'),
 (3383,21,'HFP',14.00,14.00,'2011-12-08 08:33:07'),
 (3384,22,'PDP (s)',20.00,20.00,'2011-12-08 08:33:07'),
 (3385,23,'PDP (o)',39.00,39.00,'2011-12-08 08:33:07'),
 (3386,24,'7 Kinds',6.00,6.00,'2011-12-08 08:33:07'),
 (3387,25,'Slasher',11.00,11.00,'2011-12-08 08:33:07'),
 (3388,26,'C-Corn',27.00,27.00,'2011-12-08 08:33:07'),
 (3389,27,'Christine',0.50,42.00,'2011-12-08 08:33:07'),
 (3390,28,'RED RICE',3.00,22.00,'2011-12-08 08:33:07'),
 (3391,29,'Royal Crown',15.00,143.00,'2011-12-08 08:33:07'),
 (3392,30,'Honey ',15.50,12.00,'2011-12-08 08:33:07'),
 (3393,31,'THB Booster',11.00,10.00,'2011-12-08 08:33:07'),
 (3394,32,'THB Booster-pack',16.00,16.00,'2011-12-08 08:33:07'),
 (3395,33,'THB Developer',11.00,10.00,'2011-12-08 08:33:07'),
 (3396,34,'THB Developer-pack',12.00,12.00,'2011-12-08 08:33:07'),
 (3397,35,'THB Enertone',13.00,12.00,'2011-12-08 08:33:07'),
 (3398,36,'THB Enertone-pack',0.00,0.00,'2011-12-08 08:33:07'),
 (3399,37,'THB Platinum',4.00,4.00,'2011-12-08 08:33:07'),
 (3400,38,'THB Platinum-pack',0.00,0.00,'2011-12-08 08:33:07'),
 (3401,39,'THB Hi-Protein',0.00,0.00,'2011-12-08 08:33:07'),
 (3402,40,'THB Hi-Protein-pack',0.00,0.00,'2011-12-08 08:33:07'),
 (3403,41,'THB Successor',0.00,0.00,'2011-12-08 08:33:07'),
 (3404,42,'THB Successor-pack',0.00,0.00,'2011-12-08 08:33:07'),
 (3405,43,'THB Multigrain',1.00,1.00,'2011-12-08 08:33:07'),
 (3406,44,'THB Multigrain-pack',0.00,0.00,'2011-12-08 08:33:07'),
 (3407,45,'THB Hi-Lander',0.00,0.00,'2011-12-08 08:33:07'),
 (3408,46,'THB Hi-Lander-pack',0.00,0.00,'2011-12-08 08:33:07'),
 (3409,47,'FRYMASH',9.00,9.00,'2011-12-08 08:33:07'),
 (3410,48,'PBC',1.00,1.00,'2011-12-08 08:33:07'),
 (3411,49,'PBS',5.00,0.00,'2011-12-08 08:33:07'),
 (3412,50,'PBG',4.00,4.00,'2011-12-08 08:33:07'),
 (3413,51,'PBF',10.00,10.00,'2011-12-08 08:33:07'),
 (3414,52,'SBS',0.00,0.00,'2011-12-08 08:33:07'),
 (3415,53,'SBG',0.00,0.00,'2011-12-08 08:33:07'),
 (3416,54,'SBF',1.00,1.00,'2011-12-08 08:33:07'),
 (3417,55,'Apralyte 6g x 48',0.00,0.00,'2011-12-08 08:33:07'),
 (3418,56,'Apralyte 6g (pcs)',0.00,0.00,'2011-12-08 08:33:07'),
 (3419,57,'Bacterid 100ml',0.00,0.00,'2011-12-08 08:33:07'),
 (3420,58,'Bacterid 10ml',0.00,0.00,'2011-12-08 08:33:07'),
 (3421,59,'Baxidil SE 6g x 48',0.00,0.00,'2011-12-08 08:33:07'),
 (3422,60,'Baxidil SE 6g (pcs)',0.00,0.00,'2011-12-08 08:33:07'),
 (3423,61,'Baxidil 7g x 48',0.00,0.00,'2011-12-08 08:33:07'),
 (3424,62,'Baxidil 7g (pcs)',0.00,0.00,'2011-12-08 08:33:07'),
 (3425,63,'Bexan SP 100ml',0.00,0.00,'2011-12-08 08:33:07'),
 (3426,64,'Bexan SP 10ml',0.00,0.00,'2011-12-08 08:33:07'),
 (3427,65,'Bexan SP 20ml',0.00,0.00,'2011-12-08 08:33:07'),
 (3428,66,'Bexan XP 100ml',0.00,0.00,'2011-12-08 08:33:07'),
 (3429,67,'Bexan XP 20ml',0.00,0.00,'2011-12-08 08:33:07'),
 (3430,68,'Bexan XP 10ml',0.00,0.00,'2011-12-08 08:33:07'),
 (3431,69,'Electrogen D+ 20g x 12',0.00,0.00,'2011-12-08 08:33:07'),
 (3432,70,'Electrogen D+ 20g (pcs)',0.00,0.00,'2011-12-08 08:33:07'),
 (3433,71,'Jectran Premium 100ml',0.00,0.00,'2011-12-08 08:33:07'),
 (3434,72,'Jectran Premium 20ml',0.00,0.00,'2011-12-08 08:33:07'),
 (3435,73,'Jectran Premium 10ml',0.00,0.00,'2011-12-08 08:33:07'),
 (3436,74,'Latigo 1000 SD 5g x 48',0.00,0.00,'2011-12-08 08:33:07'),
 (3437,75,'Latigo 1000 SD 5g (pcs)',0.00,0.00,'2011-12-08 08:33:07'),
 (3438,76,'Latigo 1000 MD 10g x 24',0.00,0.00,'2011-12-08 08:33:07'),
 (3439,77,'Latigo 1000 MD 10g (pcs)',0.00,0.00,'2011-12-08 08:33:07'),
 (3440,78,'Major D 20ml x 30',0.00,0.00,'2011-12-08 08:33:07'),
 (3441,79,'Major D 20ml (pcs)',0.00,0.00,'2011-12-08 08:33:07'),
 (3442,80,'Mammavet 100ml',0.00,0.00,'2011-12-08 08:33:07'),
 (3443,81,'Mammavet 10ml',0.00,0.00,'2011-12-08 08:33:07'),
 (3444,82,'Sustalin LA 100ml',0.00,0.00,'2011-12-08 08:33:07'),
 (3445,83,'Sustalin LA 10ml',0.00,0.00,'2011-12-08 08:33:07'),
 (3446,84,'Vetracin Classic 5g x 48 ',0.00,0.00,'2011-12-08 08:33:07'),
 (3447,85,'Vetracin Classic 5g (pcs)',0.00,0.00,'2011-12-08 08:33:07'),
 (3448,86,'Vetracin Gold 5g x 48',0.00,0.00,'2011-12-08 08:33:07'),
 (3449,87,'Vetracin Gold 5g (pcs)',46.00,46.00,'2011-12-08 08:33:07'),
 (3450,88,'Vetracin Gold Capsule',0.00,0.00,'2011-12-08 08:33:07'),
 (3451,89,'Vetracin Gold Capsule (pcs)',8.00,8.00,'2011-12-08 08:33:07'),
 (3452,90,'Vetracin Premium 5g x 48',0.00,0.00,'2011-12-08 08:33:07'),
 (3453,91,'Vetracin Premium 5g (pcs)',0.00,0.00,'2011-12-08 08:33:07'),
 (3454,92,'Viton-500 10ml',0.00,0.00,'2011-12-08 08:33:07'),
 (3455,93,'Cecical 200g',0.00,0.00,'2011-12-08 08:33:07'),
 (3456,94,'Pidro 2.4g x 50',3.00,3.00,'2011-12-08 08:33:07'),
 (3457,95,'Pidro 2.4g (pcs)',0.00,0.00,'2011-12-08 08:33:07'),
 (3458,96,'V-22 200g',0.00,0.00,'2011-12-08 08:33:07'),
 (3459,97,'V-22 Tablet 100 ',0.00,0.00,'2011-12-08 08:33:07'),
 (3460,98,'DCM 50ml',0.00,0.00,'2011-12-08 08:33:07'),
 (3461,99,'Redbik 100ml',0.00,0.00,'2011-12-08 08:33:07'),
 (3462,100,'Redbik 10ml',0.00,0.00,'2011-12-08 08:33:07'),
 (3463,101,'TMPS Pig Doser 120ml',0.00,0.00,'2011-12-08 08:33:07'),
 (3464,102,'Amtyl 500 100s',0.00,0.00,'2011-12-08 08:33:07'),
 (3465,103,'Amtyl 500 (pcs)',0.00,0.00,'2011-12-08 08:33:07'),
 (3466,104,'B-50 Forteen 200s',1.00,1.00,'2011-12-08 08:33:07'),
 (3467,105,'B-50 Forteen (pcs)',128.00,128.00,'2011-12-08 08:33:07'),
 (3468,106,'Belamyl 100ml',0.00,0.00,'2011-12-08 08:33:07'),
 (3469,107,'Belamyl 20ml',0.00,0.00,'2011-12-08 08:33:07'),
 (3470,108,'Belamyl 10ml',0.00,0.00,'2011-12-08 08:33:07'),
 (3471,109,'Belamyl 50ml',0.00,0.00,'2011-12-08 08:33:07'),
 (3472,110,'Calcium Lactate ',3.00,3.00,'2011-12-08 08:33:07'),
 (3473,111,'Calcium Lactate (pcs)',43.00,43.00,'2011-12-08 08:33:07'),
 (3474,112,'Choramphenicol 500g ',0.00,0.00,'2011-12-08 08:33:07'),
 (3475,113,'Choramphenicol 500g (pcs)',0.00,0.00,'2011-12-08 08:33:07'),
 (3476,114,'Combinex 40g',0.00,0.00,'2011-12-08 08:33:07'),
 (3477,115,'Combinex 86g',9.00,9.00,'2011-12-08 08:33:07'),
 (3478,116,'Dextrolyte 100ml',0.00,0.00,'2011-12-08 08:33:07'),
 (3479,117,'Disposable Syringe 10ml',0.00,0.00,'2011-12-08 08:33:07'),
 (3480,118,'Disposable Syringe 5ml',0.00,0.00,'2011-12-08 08:33:07'),
 (3481,119,'Disposable Syringe 3ml',0.00,0.00,'2011-12-08 08:33:07'),
 (3482,120,'Disposable Syringe 2.5ml',0.00,0.00,'2011-12-08 08:33:07'),
 (3483,121,'Disposable Syringe 1ml',0.00,0.00,'2011-12-08 08:33:07'),
 (3484,122,'Doxylak Forte 7g x 48',0.00,0.00,'2011-12-08 08:33:07'),
 (3485,123,'Doxylak Forte 7g (pcs)',0.00,0.00,'2011-12-08 08:33:07'),
 (3486,124,'Electrolyte Proto-lyte 250ml',0.00,0.00,'2011-12-08 08:33:07'),
 (3487,125,'Hammer 200s',0.00,0.00,'2011-12-08 08:33:07'),
 (3488,126,'Hammer (pcs)',0.00,0.00,'2011-12-08 08:33:07'),
 (3489,127,'LDI-B12 100s',0.00,0.00,'2011-12-08 08:33:07'),
 (3490,128,'LDI-B12 (pcs)',0.00,0.00,'2011-12-08 08:33:07'),
 (3491,129,'Multivitamins',1.00,1.00,'2011-12-08 08:33:07'),
 (3492,130,'Multivitamins (pcs)',0.00,0.00,'2011-12-08 08:33:07'),
 (3493,131,'Nutridrench 15ml',0.00,0.00,'2011-12-08 08:33:07'),
 (3494,132,'Trisulak 7g x 48',0.00,0.00,'2011-12-08 08:33:07'),
 (3495,133,'Trisulak 7g (pcs)',0.00,0.00,'2011-12-08 08:33:07'),
 (3496,134,'Viminolak 100s',0.00,0.00,'2011-12-08 08:33:07'),
 (3497,135,'Viminolak (pcs)',0.00,0.00,'2011-12-08 08:33:07'),
 (3498,136,'B-12 AAFEES',4.00,4.00,'2011-12-08 08:33:07'),
 (3499,137,'Wormal 100s',0.00,0.00,'2011-12-08 08:33:07'),
 (3500,138,'Wormal (pcs)',0.00,0.00,'2011-12-08 08:33:07'),
 (3501,139,'Complexor 3000 10ml',0.00,0.00,'2011-12-08 08:33:07'),
 (3502,140,'Pusham 10ml x 30',0.00,0.00,'2011-12-08 08:33:07'),
 (3503,141,'Pusham 10ml (pcs)',0.00,0.00,'2011-12-08 08:33:07'),
 (3504,142,'Tiki-Tiki',0.00,16.00,'2011-12-08 08:33:07'),
 (3505,143,'FCP',0.00,0.00,'2011-12-08 08:33:07'),
 (3506,144,'FCC',2.00,2.00,'2011-12-08 08:33:07'),
 (3507,145,'KOI',0.00,0.00,'2011-12-08 08:33:07'),
 (3508,146,'Fine Corn',1.00,1.00,'2011-12-08 08:33:07'),
 (3509,147,'RFG',0.00,0.00,'2011-12-08 08:33:07'),
 (3510,148,'FRYBOOSTER',0.00,0.00,'2011-12-08 08:33:07'),
 (3511,149,'Slashertone',0.00,0.00,'2011-12-08 08:33:07'),
 (3512,150,'Vermex',0.00,0.00,'2011-12-08 08:33:07'),
 (3513,151,'Vermex (pcs)',0.00,0.00,'2011-12-08 08:33:07'),
 (3514,152,'PEP',0.00,0.00,'2011-12-08 08:33:07'),
 (3515,153,'TMP',0.00,0.00,'2011-12-08 08:33:07'),
 (3516,154,'Cattle Concentrate',2.00,2.00,'2011-12-08 08:33:07'),
 (3517,155,'STF',0.00,0.00,'2011-12-08 08:33:07'),
 (3618,1,'CBM',5.00,5.00,'2011-12-08 08:38:58'),
 (3619,2,'CSM',0.00,0.00,'2011-12-08 08:38:58'),
 (3620,3,'CGM',8.00,8.00,'2011-12-08 08:38:58'),
 (3621,4,'CLM',152.00,152.00,'2011-12-08 08:38:58'),
 (3622,5,'BSC',15.00,15.00,'2011-12-08 08:38:58'),
 (3623,6,'BFC',13.00,13.00,'2011-12-08 08:38:58'),
 (3624,7,'Milko Plus',0.00,0.00,'2011-12-08 08:38:58'),
 (3625,8,'NSP',104.00,74.00,'2011-12-08 08:38:58'),
 (3626,9,'NGP',132.50,102.50,'2011-12-08 08:38:58'),
 (3627,10,'NBP',184.50,154.50,'2011-12-08 08:38:58'),
 (3628,11,'PSP',113.00,103.00,'2011-12-08 08:38:58'),
 (3629,12,'LSP',204.00,194.00,'2011-12-08 08:38:58'),
 (3630,13,'PGP',0.00,0.00,'2011-12-08 08:38:58'),
 (3631,14,'PGR',5.00,5.00,'2011-12-08 08:38:58'),
 (3632,15,'NLB',11.00,9.00,'2011-12-08 08:38:58'),
 (3633,16,'NLB-pack',17.00,17.00,'2011-12-08 08:38:58'),
 (3634,17,'NLP',47.00,45.00,'2011-12-08 08:38:58'),
 (3635,18,'NLP-pack',3.00,3.00,'2011-12-08 08:38:58'),
 (3636,19,'HSC',2.00,2.00,'2011-12-08 08:38:58'),
 (3637,20,'HGP',29.00,29.00,'2011-12-08 08:38:58'),
 (3638,21,'HFP',14.00,14.00,'2011-12-08 08:38:58'),
 (3639,22,'PDP (s)',20.00,10.00,'2011-12-08 08:38:58'),
 (3640,23,'PDP (o)',39.00,39.00,'2011-12-08 08:38:58'),
 (3641,24,'7 Kinds',6.00,6.00,'2011-12-08 08:38:58'),
 (3642,25,'Slasher',11.00,11.00,'2011-12-08 08:38:58'),
 (3643,26,'C-Corn',27.00,27.00,'2011-12-08 08:38:58'),
 (3644,27,'Christine',42.00,42.00,'2011-12-08 08:38:58'),
 (3645,28,'RED RICE',22.00,22.00,'2011-12-08 08:38:58'),
 (3646,29,'Royal Crown',143.00,143.00,'2011-12-08 08:38:58'),
 (3647,30,'Honey ',12.00,12.00,'2011-12-08 08:38:58'),
 (3648,31,'THB Booster',10.00,10.00,'2011-12-08 08:38:58'),
 (3649,32,'THB Booster-pack',16.00,16.00,'2011-12-08 08:38:58'),
 (3650,33,'THB Developer',10.00,10.00,'2011-12-08 08:38:58'),
 (3651,34,'THB Developer-pack',12.00,12.00,'2011-12-08 08:38:58'),
 (3652,35,'THB Enertone',12.00,12.00,'2011-12-08 08:38:58'),
 (3653,36,'THB Enertone-pack',0.00,0.00,'2011-12-08 08:38:58'),
 (3654,37,'THB Platinum',4.00,4.00,'2011-12-08 08:38:58'),
 (3655,38,'THB Platinum-pack',0.00,0.00,'2011-12-08 08:38:58'),
 (3656,39,'THB Hi-Protein',0.00,0.00,'2011-12-08 08:38:58'),
 (3657,40,'THB Hi-Protein-pack',0.00,0.00,'2011-12-08 08:38:58'),
 (3658,41,'THB Successor',0.00,0.00,'2011-12-08 08:38:58'),
 (3659,42,'THB Successor-pack',0.00,0.00,'2011-12-08 08:38:58'),
 (3660,43,'THB Multigrain',1.00,1.00,'2011-12-08 08:38:58'),
 (3661,44,'THB Multigrain-pack',0.00,0.00,'2011-12-08 08:38:58'),
 (3662,45,'THB Hi-Lander',0.00,0.00,'2011-12-08 08:38:58'),
 (3663,46,'THB Hi-Lander-pack',0.00,0.00,'2011-12-08 08:38:58'),
 (3664,47,'FRYMASH',9.00,9.00,'2011-12-08 08:38:58'),
 (3665,48,'PBC',1.00,1.00,'2011-12-08 08:38:58'),
 (3666,49,'PBS',0.00,0.00,'2011-12-08 08:38:58'),
 (3667,50,'PBG',4.00,4.00,'2011-12-08 08:38:58'),
 (3668,51,'PBF',10.00,10.00,'2011-12-08 08:38:58'),
 (3669,52,'SBS',0.00,0.00,'2011-12-08 08:38:58'),
 (3670,53,'SBG',0.00,0.00,'2011-12-08 08:38:58'),
 (3671,54,'SBF',1.00,1.00,'2011-12-08 08:38:58'),
 (3672,55,'Apralyte 6g x 48',0.00,0.00,'2011-12-08 08:38:58'),
 (3673,56,'Apralyte 6g (pcs)',0.00,0.00,'2011-12-08 08:38:58'),
 (3674,57,'Bacterid 100ml',0.00,0.00,'2011-12-08 08:38:58'),
 (3675,58,'Bacterid 10ml',0.00,0.00,'2011-12-08 08:38:58'),
 (3676,59,'Baxidil SE 6g x 48',0.00,0.00,'2011-12-08 08:38:58'),
 (3677,60,'Baxidil SE 6g (pcs)',0.00,0.00,'2011-12-08 08:38:58'),
 (3678,61,'Baxidil 7g x 48',0.00,0.00,'2011-12-08 08:38:58'),
 (3679,62,'Baxidil 7g (pcs)',0.00,0.00,'2011-12-08 08:38:58'),
 (3680,63,'Bexan SP 100ml',0.00,0.00,'2011-12-08 08:38:58'),
 (3681,64,'Bexan SP 10ml',0.00,0.00,'2011-12-08 08:38:58'),
 (3682,65,'Bexan SP 20ml',0.00,0.00,'2011-12-08 08:38:58'),
 (3683,66,'Bexan XP 100ml',0.00,0.00,'2011-12-08 08:38:58'),
 (3684,67,'Bexan XP 20ml',0.00,0.00,'2011-12-08 08:38:58'),
 (3685,68,'Bexan XP 10ml',0.00,0.00,'2011-12-08 08:38:58'),
 (3686,69,'Electrogen D+ 20g x 12',0.00,0.00,'2011-12-08 08:38:58'),
 (3687,70,'Electrogen D+ 20g (pcs)',0.00,0.00,'2011-12-08 08:38:58'),
 (3688,71,'Jectran Premium 100ml',0.00,0.00,'2011-12-08 08:38:58'),
 (3689,72,'Jectran Premium 20ml',0.00,0.00,'2011-12-08 08:38:58'),
 (3690,73,'Jectran Premium 10ml',0.00,0.00,'2011-12-08 08:38:58'),
 (3691,74,'Latigo 1000 SD 5g x 48',0.00,0.00,'2011-12-08 08:38:58'),
 (3692,75,'Latigo 1000 SD 5g (pcs)',0.00,0.00,'2011-12-08 08:38:58'),
 (3693,76,'Latigo 1000 MD 10g x 24',0.00,0.00,'2011-12-08 08:38:58'),
 (3694,77,'Latigo 1000 MD 10g (pcs)',0.00,0.00,'2011-12-08 08:38:58'),
 (3695,78,'Major D 20ml x 30',0.00,0.00,'2011-12-08 08:38:58'),
 (3696,79,'Major D 20ml (pcs)',0.00,0.00,'2011-12-08 08:38:58'),
 (3697,80,'Mammavet 100ml',0.00,0.00,'2011-12-08 08:38:58'),
 (3698,81,'Mammavet 10ml',0.00,0.00,'2011-12-08 08:38:58'),
 (3699,82,'Sustalin LA 100ml',0.00,0.00,'2011-12-08 08:38:58'),
 (3700,83,'Sustalin LA 10ml',0.00,0.00,'2011-12-08 08:38:58'),
 (3701,84,'Vetracin Classic 5g x 48 ',0.00,0.00,'2011-12-08 08:38:58'),
 (3702,85,'Vetracin Classic 5g (pcs)',0.00,0.00,'2011-12-08 08:38:58'),
 (3703,86,'Vetracin Gold 5g x 48',0.00,0.00,'2011-12-08 08:38:58'),
 (3704,87,'Vetracin Gold 5g (pcs)',46.00,46.00,'2011-12-08 08:38:58'),
 (3705,88,'Vetracin Gold Capsule',0.00,0.00,'2011-12-08 08:38:58'),
 (3706,89,'Vetracin Gold Capsule (pcs)',8.00,8.00,'2011-12-08 08:38:58'),
 (3707,90,'Vetracin Premium 5g x 48',0.00,0.00,'2011-12-08 08:38:58'),
 (3708,91,'Vetracin Premium 5g (pcs)',0.00,0.00,'2011-12-08 08:38:58'),
 (3709,92,'Viton-500 10ml',0.00,0.00,'2011-12-08 08:38:58'),
 (3710,93,'Cecical 200g',0.00,0.00,'2011-12-08 08:38:58'),
 (3711,94,'Pidro 2.4g x 50',3.00,3.00,'2011-12-08 08:38:58'),
 (3712,95,'Pidro 2.4g (pcs)',0.00,0.00,'2011-12-08 08:38:58'),
 (3713,96,'V-22 200g',0.00,0.00,'2011-12-08 08:38:58'),
 (3714,97,'V-22 Tablet 100 ',0.00,0.00,'2011-12-08 08:38:58'),
 (3715,98,'DCM 50ml',0.00,0.00,'2011-12-08 08:38:58'),
 (3716,99,'Redbik 100ml',0.00,0.00,'2011-12-08 08:38:58'),
 (3717,100,'Redbik 10ml',0.00,0.00,'2011-12-08 08:38:58'),
 (3718,101,'TMPS Pig Doser 120ml',0.00,0.00,'2011-12-08 08:38:58'),
 (3719,102,'Amtyl 500 100s',0.00,0.00,'2011-12-08 08:38:58'),
 (3720,103,'Amtyl 500 (pcs)',0.00,0.00,'2011-12-08 08:38:58'),
 (3721,104,'B-50 Forteen 200s',1.00,1.00,'2011-12-08 08:38:58'),
 (3722,105,'B-50 Forteen (pcs)',128.00,128.00,'2011-12-08 08:38:58'),
 (3723,106,'Belamyl 100ml',0.00,0.00,'2011-12-08 08:38:58'),
 (3724,107,'Belamyl 20ml',0.00,0.00,'2011-12-08 08:38:58'),
 (3725,108,'Belamyl 10ml',0.00,0.00,'2011-12-08 08:38:58'),
 (3726,109,'Belamyl 50ml',0.00,0.00,'2011-12-08 08:38:58'),
 (3727,110,'Calcium Lactate ',3.00,3.00,'2011-12-08 08:38:58'),
 (3728,111,'Calcium Lactate (pcs)',43.00,43.00,'2011-12-08 08:38:58'),
 (3729,112,'Choramphenicol 500g ',0.00,0.00,'2011-12-08 08:38:58'),
 (3730,113,'Choramphenicol 500g (pcs)',0.00,0.00,'2011-12-08 08:38:58'),
 (3731,114,'Combinex 40g',0.00,0.00,'2011-12-08 08:38:58'),
 (3732,115,'Combinex 86g',9.00,9.00,'2011-12-08 08:38:58'),
 (3733,116,'Dextrolyte 100ml',0.00,0.00,'2011-12-08 08:38:58'),
 (3734,117,'Disposable Syringe 10ml',0.00,0.00,'2011-12-08 08:38:58'),
 (3735,118,'Disposable Syringe 5ml',0.00,0.00,'2011-12-08 08:38:58'),
 (3736,119,'Disposable Syringe 3ml',0.00,0.00,'2011-12-08 08:38:58'),
 (3737,120,'Disposable Syringe 2.5ml',0.00,0.00,'2011-12-08 08:38:58'),
 (3738,121,'Disposable Syringe 1ml',0.00,0.00,'2011-12-08 08:38:58'),
 (3739,122,'Doxylak Forte 7g x 48',0.00,0.00,'2011-12-08 08:38:58'),
 (3740,123,'Doxylak Forte 7g (pcs)',0.00,0.00,'2011-12-08 08:38:58'),
 (3741,124,'Electrolyte Proto-lyte 250ml',0.00,0.00,'2011-12-08 08:38:58'),
 (3742,125,'Hammer 200s',0.00,0.00,'2011-12-08 08:38:58'),
 (3743,126,'Hammer (pcs)',0.00,0.00,'2011-12-08 08:38:58'),
 (3744,127,'LDI-B12 100s',0.00,0.00,'2011-12-08 08:38:58'),
 (3745,128,'LDI-B12 (pcs)',0.00,0.00,'2011-12-08 08:38:58'),
 (3746,129,'Multivitamins',1.00,1.00,'2011-12-08 08:38:58'),
 (3747,130,'Multivitamins (pcs)',0.00,0.00,'2011-12-08 08:38:58'),
 (3748,131,'Nutridrench 15ml',0.00,0.00,'2011-12-08 08:38:58'),
 (3749,132,'Trisulak 7g x 48',0.00,0.00,'2011-12-08 08:38:58'),
 (3750,133,'Trisulak 7g (pcs)',0.00,0.00,'2011-12-08 08:38:58'),
 (3751,134,'Viminolak 100s',0.00,0.00,'2011-12-08 08:38:58'),
 (3752,135,'Viminolak (pcs)',0.00,0.00,'2011-12-08 08:38:58'),
 (3753,136,'B-12 AAFEES',4.00,4.00,'2011-12-08 08:38:58'),
 (3754,137,'Wormal 100s',0.00,0.00,'2011-12-08 08:38:58'),
 (3755,138,'Wormal (pcs)',0.00,0.00,'2011-12-08 08:38:58'),
 (3756,139,'Complexor 3000 10ml',0.00,0.00,'2011-12-08 08:38:58'),
 (3757,140,'Pusham 10ml x 30',0.00,0.00,'2011-12-08 08:38:58'),
 (3758,141,'Pusham 10ml (pcs)',0.00,0.00,'2011-12-08 08:38:58'),
 (3759,142,'Tiki-Tiki',16.00,16.00,'2011-12-08 08:38:58'),
 (3760,143,'FCP',0.00,0.00,'2011-12-08 08:38:58'),
 (3761,144,'FCC',2.00,2.00,'2011-12-08 08:38:58'),
 (3762,145,'KOI',0.00,0.00,'2011-12-08 08:38:58'),
 (3763,146,'Fine Corn',1.00,1.00,'2011-12-08 08:38:58'),
 (3764,147,'RFG',0.00,0.00,'2011-12-08 08:38:58'),
 (3765,148,'FRYBOOSTER',0.00,0.00,'2011-12-08 08:38:58'),
 (3766,149,'Slashertone',0.00,0.00,'2011-12-08 08:38:58'),
 (3767,150,'Vermex',0.00,0.00,'2011-12-08 08:38:58'),
 (3768,151,'Vermex (pcs)',0.00,0.00,'2011-12-08 08:38:58'),
 (3769,152,'PEP',0.00,0.00,'2011-12-08 08:38:58'),
 (3770,153,'TMP',0.00,0.00,'2011-12-08 08:38:58'),
 (3771,154,'Cattle Concentrate',2.00,2.00,'2011-12-08 08:38:58'),
 (3772,155,'STF',0.00,0.00,'2011-12-08 08:38:58'),
 (3773,1,'CBM',5.00,5.00,'2011-12-09 08:53:11'),
 (3774,2,'CSM',0.00,0.00,'2011-12-09 08:53:11'),
 (3775,3,'CGM',8.00,8.00,'2011-12-09 08:53:11'),
 (3776,4,'CLM',152.00,151.00,'2011-12-09 08:53:11'),
 (3777,5,'BSC',15.00,15.00,'2011-12-09 08:53:11'),
 (3778,6,'BFC',13.00,13.00,'2011-12-09 08:53:11'),
 (3779,7,'Milko Plus',0.00,24.00,'2011-12-09 08:53:11'),
 (3780,8,'NSP',74.00,102.00,'2011-12-09 08:53:11'),
 (3781,9,'NGP',102.50,28.00,'2011-12-09 08:53:11'),
 (3782,10,'NBP',154.50,394.00,'2011-12-09 08:53:11'),
 (3783,11,'PSP',103.00,147.00,'2011-12-09 08:53:11'),
 (3784,12,'LSP',194.00,195.00,'2011-12-09 08:53:11'),
 (3785,13,'PGP',0.00,0.00,'2011-12-09 08:53:11'),
 (3786,14,'PGR',5.00,5.00,'2011-12-09 08:53:11'),
 (3787,15,'NLB',9.00,8.00,'2011-12-09 08:53:11'),
 (3788,16,'NLB-pack',17.00,0.00,'2011-12-09 08:53:11'),
 (3789,17,'NLP',45.00,63.00,'2011-12-09 08:53:11'),
 (3790,18,'NLP-pack',3.00,0.00,'2011-12-09 08:53:11'),
 (3791,19,'HSC',2.00,2.00,'2011-12-09 08:53:11'),
 (3792,20,'HGP',29.00,59.00,'2011-12-09 08:53:11'),
 (3793,21,'HFP',14.00,14.00,'2011-12-09 08:53:11'),
 (3794,22,'PDP (s)',10.00,12.00,'2011-12-09 08:53:11'),
 (3795,23,'PDP (o)',39.00,40.00,'2011-12-09 08:53:11'),
 (3796,24,'7 Kinds',6.00,16.00,'2011-12-09 08:53:11'),
 (3797,25,'Slasher',11.00,11.00,'2011-12-09 08:53:11'),
 (3798,26,'C-Corn',27.00,57.00,'2011-12-09 08:53:11'),
 (3799,27,'Christine',42.00,20.50,'2011-12-09 08:53:11'),
 (3800,28,'RED RICE',22.00,19.00,'2011-12-09 08:53:11'),
 (3801,29,'Royal Crown',143.00,141.50,'2011-12-09 08:53:11'),
 (3802,30,'Honey ',12.00,585.00,'2011-12-09 08:53:11'),
 (3803,31,'THB Booster',10.00,10.00,'2011-12-09 08:53:11'),
 (3804,32,'THB Booster-pack',16.00,13.00,'2011-12-09 08:53:11'),
 (3805,33,'THB Developer',10.00,10.00,'2011-12-09 08:53:11'),
 (3806,34,'THB Developer-pack',12.00,12.00,'2011-12-09 08:53:11'),
 (3807,35,'THB Enertone',12.00,12.00,'2011-12-09 08:53:11'),
 (3808,36,'THB Enertone-pack',0.00,0.00,'2011-12-09 08:53:11'),
 (3809,37,'THB Platinum',4.00,3.00,'2011-12-09 08:53:11'),
 (3810,38,'THB Platinum-pack',0.00,0.00,'2011-12-09 08:53:11'),
 (3811,39,'THB Hi-Protein',0.00,0.00,'2011-12-09 08:53:11'),
 (3812,40,'THB Hi-Protein-pack',0.00,0.00,'2011-12-09 08:53:11'),
 (3813,41,'THB Successor',0.00,0.00,'2011-12-09 08:53:11'),
 (3814,42,'THB Successor-pack',0.00,0.00,'2011-12-09 08:53:11'),
 (3815,43,'THB Multigrain',1.00,1.00,'2011-12-09 08:53:11'),
 (3816,44,'THB Multigrain-pack',0.00,0.00,'2011-12-09 08:53:11'),
 (3817,45,'THB Hi-Lander',0.00,0.00,'2011-12-09 08:53:11'),
 (3818,46,'THB Hi-Lander-pack',0.00,0.00,'2011-12-09 08:53:11'),
 (3819,47,'FRYMASH',9.00,9.00,'2011-12-09 08:53:11'),
 (3820,48,'PBC',1.00,1.00,'2011-12-09 08:53:11'),
 (3821,49,'PBS',0.00,0.00,'2011-12-09 08:53:11'),
 (3822,50,'PBG',4.00,4.00,'2011-12-09 08:53:11'),
 (3823,51,'PBF',10.00,4.00,'2011-12-09 08:53:11'),
 (3824,52,'SBS',0.00,0.00,'2011-12-09 08:53:11'),
 (3825,53,'SBG',0.00,0.00,'2011-12-09 08:53:11'),
 (3826,54,'SBF',1.00,1.00,'2011-12-09 08:53:11'),
 (3827,55,'Apralyte 6g x 48',0.00,0.00,'2011-12-09 08:53:11'),
 (3828,56,'Apralyte 6g (pcs)',0.00,0.00,'2011-12-09 08:53:11'),
 (3829,57,'Bacterid 100ml',0.00,0.00,'2011-12-09 08:53:11'),
 (3830,58,'Bacterid 10ml',0.00,0.00,'2011-12-09 08:53:11'),
 (3831,59,'Baxidil SE 6g x 48',0.00,0.00,'2011-12-09 08:53:11'),
 (3832,60,'Baxidil SE 6g (pcs)',0.00,0.00,'2011-12-09 08:53:11'),
 (3833,61,'Baxidil 7g x 48',0.00,0.00,'2011-12-09 08:53:11'),
 (3834,62,'Baxidil 7g (pcs)',0.00,0.00,'2011-12-09 08:53:11'),
 (3835,63,'Bexan SP 100ml',0.00,0.00,'2011-12-09 08:53:11'),
 (3836,64,'Bexan SP 10ml',0.00,0.00,'2011-12-09 08:53:11'),
 (3837,65,'Bexan SP 20ml',0.00,0.00,'2011-12-09 08:53:11'),
 (3838,66,'Bexan XP 100ml',0.00,0.00,'2011-12-09 08:53:11'),
 (3839,67,'Bexan XP 20ml',0.00,0.00,'2011-12-09 08:53:11'),
 (3840,68,'Bexan XP 10ml',0.00,0.00,'2011-12-09 08:53:11'),
 (3841,69,'Electrogen D+ 20g x 12',0.00,0.00,'2011-12-09 08:53:11'),
 (3842,70,'Electrogen D+ 20g (pcs)',0.00,0.00,'2011-12-09 08:53:11'),
 (3843,71,'Jectran Premium 100ml',0.00,0.00,'2011-12-09 08:53:11'),
 (3844,72,'Jectran Premium 20ml',0.00,0.00,'2011-12-09 08:53:11'),
 (3845,73,'Jectran Premium 10ml',0.00,8.00,'2011-12-09 08:53:11'),
 (3846,74,'Latigo 1000 SD 5g x 48',0.00,0.00,'2011-12-09 08:53:11'),
 (3847,75,'Latigo 1000 SD 5g (pcs)',0.00,0.00,'2011-12-09 08:53:11'),
 (3848,76,'Latigo 1000 MD 10g x 24',0.00,0.00,'2011-12-09 08:53:11'),
 (3849,77,'Latigo 1000 MD 10g (pcs)',0.00,0.00,'2011-12-09 08:53:11'),
 (3850,78,'Major D 20ml x 30',0.00,0.00,'2011-12-09 08:53:11'),
 (3851,79,'Major D 20ml (pcs)',0.00,0.00,'2011-12-09 08:53:11'),
 (3852,80,'Mammavet 100ml',0.00,0.00,'2011-12-09 08:53:11'),
 (3853,81,'Mammavet 10ml',0.00,0.00,'2011-12-09 08:53:11'),
 (3854,82,'Sustalin LA 100ml',0.00,0.00,'2011-12-09 08:53:11'),
 (3855,83,'Sustalin LA 10ml',0.00,0.00,'2011-12-09 08:53:11'),
 (3856,84,'Vetracin Classic 5g x 48 ',0.00,0.00,'2011-12-09 08:53:11'),
 (3857,85,'Vetracin Classic 5g (pcs)',0.00,0.00,'2011-12-09 08:53:11'),
 (3858,86,'Vetracin Gold 5g x 48',0.00,0.00,'2011-12-09 08:53:11'),
 (3859,87,'Vetracin Gold 5g (pcs)',46.00,46.00,'2011-12-09 08:53:11'),
 (3860,88,'Vetracin Gold Capsule',0.00,0.00,'2011-12-09 08:53:11'),
 (3861,89,'Vetracin Gold Capsule (pcs)',8.00,8.00,'2011-12-09 08:53:11'),
 (3862,90,'Vetracin Premium 5g x 48',0.00,0.00,'2011-12-09 08:53:11'),
 (3863,91,'Vetracin Premium 5g (pcs)',0.00,0.00,'2011-12-09 08:53:11'),
 (3864,92,'Viton-500 10ml',0.00,0.00,'2011-12-09 08:53:11'),
 (3865,93,'Cecical 200g',0.00,2.00,'2011-12-09 08:53:11'),
 (3866,94,'Pidro 2.4g x 50',3.00,3.00,'2011-12-09 08:53:11'),
 (3867,95,'Pidro 2.4g (pcs)',0.00,0.00,'2011-12-09 08:53:11'),
 (3868,96,'V-22 200g',0.00,0.00,'2011-12-09 08:53:11'),
 (3869,97,'V-22 Tablet 100 ',0.00,0.00,'2011-12-09 08:53:11'),
 (3870,98,'DCM 50ml',0.00,0.00,'2011-12-09 08:53:11'),
 (3871,99,'Redbik 100ml',0.00,0.00,'2011-12-09 08:53:11'),
 (3872,100,'Redbik 10ml',0.00,0.00,'2011-12-09 08:53:11'),
 (3873,101,'TMPS Pig Doser 120ml',0.00,0.00,'2011-12-09 08:53:11'),
 (3874,102,'Amtyl 500 100s',0.00,0.00,'2011-12-09 08:53:11'),
 (3875,103,'Amtyl 500 (pcs)',0.00,0.00,'2011-12-09 08:53:11'),
 (3876,104,'B-50 Forteen 200s',1.00,1.00,'2011-12-09 08:53:11'),
 (3877,105,'B-50 Forteen (pcs)',128.00,128.00,'2011-12-09 08:53:11'),
 (3878,106,'Belamyl 100ml',0.00,0.00,'2011-12-09 08:53:11'),
 (3879,107,'Belamyl 20ml',0.00,0.00,'2011-12-09 08:53:11'),
 (3880,108,'Belamyl 10ml',0.00,0.00,'2011-12-09 08:53:11'),
 (3881,109,'Belamyl 50ml',0.00,0.00,'2011-12-09 08:53:11'),
 (3882,110,'Calcium Lactate ',3.00,3.00,'2011-12-09 08:53:11'),
 (3883,111,'Calcium Lactate (pcs)',43.00,43.00,'2011-12-09 08:53:11'),
 (3884,112,'Choramphenicol 500g ',0.00,0.00,'2011-12-09 08:53:11'),
 (3885,113,'Choramphenicol 500g (pcs)',0.00,0.00,'2011-12-09 08:53:11'),
 (3886,114,'Combinex 40g',0.00,0.00,'2011-12-09 08:53:11'),
 (3887,115,'Combinex 86g',9.00,9.00,'2011-12-09 08:53:11'),
 (3888,116,'Dextrolyte 100ml',0.00,0.00,'2011-12-09 08:53:11'),
 (3889,117,'Disposable Syringe 10ml',0.00,0.00,'2011-12-09 08:53:11'),
 (3890,118,'Disposable Syringe 5ml',0.00,0.00,'2011-12-09 08:53:11'),
 (3891,119,'Disposable Syringe 3ml',0.00,0.00,'2011-12-09 08:53:11'),
 (3892,120,'Disposable Syringe 2.5ml',0.00,0.00,'2011-12-09 08:53:11'),
 (3893,121,'Disposable Syringe 1ml',0.00,0.00,'2011-12-09 08:53:11'),
 (3894,122,'Doxylak Forte 7g x 48',0.00,0.00,'2011-12-09 08:53:11'),
 (3895,123,'Doxylak Forte 7g (pcs)',0.00,0.00,'2011-12-09 08:53:11'),
 (3896,124,'Electrolyte Proto-lyte 250ml',0.00,0.00,'2011-12-09 08:53:11'),
 (3897,125,'Hammer 200s',0.00,0.00,'2011-12-09 08:53:11'),
 (3898,126,'Hammer (pcs)',0.00,0.00,'2011-12-09 08:53:11'),
 (3899,127,'LDI-B12 100s',0.00,0.00,'2011-12-09 08:53:11'),
 (3900,128,'LDI-B12 (pcs)',0.00,0.00,'2011-12-09 08:53:11'),
 (3901,129,'Multivitamins',1.00,1.00,'2011-12-09 08:53:11'),
 (3902,130,'Multivitamins (pcs)',0.00,0.00,'2011-12-09 08:53:11'),
 (3903,131,'Nutridrench 15ml',0.00,3.00,'2011-12-09 08:53:11'),
 (3904,132,'Trisulak 7g x 48',0.00,0.00,'2011-12-09 08:53:11'),
 (3905,133,'Trisulak 7g (pcs)',0.00,0.00,'2011-12-09 08:53:11'),
 (3906,134,'Viminolak 100s',0.00,0.00,'2011-12-09 08:53:11'),
 (3907,135,'Viminolak (pcs)',0.00,0.00,'2011-12-09 08:53:11'),
 (3908,136,'B-12 AAFEES',4.00,4.00,'2011-12-09 08:53:11'),
 (3909,137,'Wormal 100s',0.00,0.00,'2011-12-09 08:53:11'),
 (3910,138,'Wormal (pcs)',0.00,0.00,'2011-12-09 08:53:11'),
 (3911,139,'Complexor 3000 10ml',0.00,0.00,'2011-12-09 08:53:11'),
 (3912,140,'Pusham 10ml x 30',0.00,0.00,'2011-12-09 08:53:11'),
 (3913,141,'Pusham 10ml (pcs)',0.00,0.00,'2011-12-09 08:53:11'),
 (3914,142,'Tiki-Tiki',16.00,14.00,'2011-12-09 08:53:11'),
 (3915,143,'FCP',0.00,0.00,'2011-12-09 08:53:11'),
 (3916,144,'FCC',2.00,2.00,'2011-12-09 08:53:11'),
 (3917,145,'KOI',0.00,0.00,'2011-12-09 08:53:11'),
 (3918,146,'Fine Corn',1.00,1.00,'2011-12-09 08:53:11'),
 (3919,147,'RFG',0.00,0.00,'2011-12-09 08:53:11'),
 (3920,148,'FRYBOOSTER',0.00,0.00,'2011-12-09 08:53:11'),
 (3921,149,'Slashertone',0.00,0.00,'2011-12-09 08:53:11'),
 (3922,150,'Vermex',0.00,0.00,'2011-12-09 08:53:11'),
 (3923,151,'Vermex (pcs)',0.00,0.00,'2011-12-09 08:53:11'),
 (3924,152,'PEP',0.00,0.00,'2011-12-09 08:53:11'),
 (3925,153,'TMP',0.00,0.00,'2011-12-09 08:53:11'),
 (3926,154,'Cattle Concentrate',2.00,2.00,'2011-12-09 08:53:11'),
 (3927,155,'STF',0.00,0.00,'2011-12-09 08:53:11'),
 (4028,1,'CBM',5.00,5.00,'2011-12-09 08:53:15'),
 (4029,2,'CSM',0.00,0.00,'2011-12-09 08:53:15'),
 (4030,3,'CGM',8.00,8.00,'2011-12-09 08:53:15'),
 (4031,4,'CLM',151.00,151.00,'2011-12-09 08:53:15'),
 (4032,5,'BSC',15.00,15.00,'2011-12-09 08:53:15'),
 (4033,6,'BFC',13.00,13.00,'2011-12-09 08:53:15'),
 (4034,7,'Milko Plus',24.00,24.00,'2011-12-09 08:53:15'),
 (4035,8,'NSP',102.00,102.00,'2011-12-09 08:53:15'),
 (4036,9,'NGP',28.00,28.00,'2011-12-09 08:53:15'),
 (4037,10,'NBP',394.00,394.00,'2011-12-09 08:53:15'),
 (4038,11,'PSP',147.00,147.00,'2011-12-09 08:53:15'),
 (4039,12,'LSP',195.00,195.00,'2011-12-09 08:53:15'),
 (4040,13,'PGP',0.00,0.00,'2011-12-09 08:53:15'),
 (4041,14,'PGR',5.00,5.00,'2011-12-09 08:53:15'),
 (4042,15,'NLB',8.00,8.00,'2011-12-09 08:53:15'),
 (4043,16,'NLB-pack',0.00,0.00,'2011-12-09 08:53:15'),
 (4044,17,'NLP',63.00,63.00,'2011-12-09 08:53:15'),
 (4045,18,'NLP-pack',0.00,0.00,'2011-12-09 08:53:15'),
 (4046,19,'HSC',2.00,2.00,'2011-12-09 08:53:15'),
 (4047,20,'HGP',59.00,59.00,'2011-12-09 08:53:15'),
 (4048,21,'HFP',14.00,14.00,'2011-12-09 08:53:15'),
 (4049,22,'PDP (s)',12.00,12.00,'2011-12-09 08:53:15'),
 (4050,23,'PDP (o)',40.00,40.00,'2011-12-09 08:53:15'),
 (4051,24,'7 Kinds',16.00,16.00,'2011-12-09 08:53:15'),
 (4052,25,'Slasher',11.00,11.00,'2011-12-09 08:53:15'),
 (4053,26,'C-Corn',57.00,57.00,'2011-12-09 08:53:15'),
 (4054,27,'Christine',20.50,20.50,'2011-12-09 08:53:15'),
 (4055,28,'RED RICE',19.00,19.00,'2011-12-09 08:53:15'),
 (4056,29,'Royal Crown',141.50,141.50,'2011-12-09 08:53:15'),
 (4057,30,'Honey ',585.00,585.00,'2011-12-09 08:53:15'),
 (4058,31,'THB Booster',10.00,10.00,'2011-12-09 08:53:15'),
 (4059,32,'THB Booster-pack',13.00,13.00,'2011-12-09 08:53:15'),
 (4060,33,'THB Developer',10.00,10.00,'2011-12-09 08:53:15'),
 (4061,34,'THB Developer-pack',12.00,12.00,'2011-12-09 08:53:15'),
 (4062,35,'THB Enertone',12.00,12.00,'2011-12-09 08:53:15'),
 (4063,36,'THB Enertone-pack',0.00,0.00,'2011-12-09 08:53:15'),
 (4064,37,'THB Platinum',3.00,3.00,'2011-12-09 08:53:15'),
 (4065,38,'THB Platinum-pack',0.00,0.00,'2011-12-09 08:53:15'),
 (4066,39,'THB Hi-Protein',0.00,0.00,'2011-12-09 08:53:15'),
 (4067,40,'THB Hi-Protein-pack',0.00,0.00,'2011-12-09 08:53:15'),
 (4068,41,'THB Successor',0.00,0.00,'2011-12-09 08:53:15'),
 (4069,42,'THB Successor-pack',0.00,0.00,'2011-12-09 08:53:15'),
 (4070,43,'THB Multigrain',1.00,1.00,'2011-12-09 08:53:15'),
 (4071,44,'THB Multigrain-pack',0.00,0.00,'2011-12-09 08:53:15'),
 (4072,45,'THB Hi-Lander',0.00,0.00,'2011-12-09 08:53:15'),
 (4073,46,'THB Hi-Lander-pack',0.00,0.00,'2011-12-09 08:53:15'),
 (4074,47,'FRYMASH',9.00,9.00,'2011-12-09 08:53:15'),
 (4075,48,'PBC',1.00,1.00,'2011-12-09 08:53:15'),
 (4076,49,'PBS',0.00,0.00,'2011-12-09 08:53:15'),
 (4077,50,'PBG',4.00,4.00,'2011-12-09 08:53:15'),
 (4078,51,'PBF',4.00,4.00,'2011-12-09 08:53:15'),
 (4079,52,'SBS',0.00,0.00,'2011-12-09 08:53:15'),
 (4080,53,'SBG',0.00,0.00,'2011-12-09 08:53:15'),
 (4081,54,'SBF',1.00,1.00,'2011-12-09 08:53:15'),
 (4082,55,'Apralyte 6g x 48',0.00,0.00,'2011-12-09 08:53:15'),
 (4083,56,'Apralyte 6g (pcs)',0.00,0.00,'2011-12-09 08:53:15'),
 (4084,57,'Bacterid 100ml',0.00,0.00,'2011-12-09 08:53:15'),
 (4085,58,'Bacterid 10ml',0.00,0.00,'2011-12-09 08:53:15'),
 (4086,59,'Baxidil SE 6g x 48',0.00,0.00,'2011-12-09 08:53:15'),
 (4087,60,'Baxidil SE 6g (pcs)',0.00,0.00,'2011-12-09 08:53:15'),
 (4088,61,'Baxidil 7g x 48',0.00,0.00,'2011-12-09 08:53:15'),
 (4089,62,'Baxidil 7g (pcs)',0.00,0.00,'2011-12-09 08:53:15'),
 (4090,63,'Bexan SP 100ml',0.00,0.00,'2011-12-09 08:53:15'),
 (4091,64,'Bexan SP 10ml',0.00,0.00,'2011-12-09 08:53:15'),
 (4092,65,'Bexan SP 20ml',0.00,0.00,'2011-12-09 08:53:15'),
 (4093,66,'Bexan XP 100ml',0.00,0.00,'2011-12-09 08:53:15'),
 (4094,67,'Bexan XP 20ml',0.00,0.00,'2011-12-09 08:53:15'),
 (4095,68,'Bexan XP 10ml',0.00,0.00,'2011-12-09 08:53:15'),
 (4096,69,'Electrogen D+ 20g x 12',0.00,0.00,'2011-12-09 08:53:15'),
 (4097,70,'Electrogen D+ 20g (pcs)',0.00,0.00,'2011-12-09 08:53:15'),
 (4098,71,'Jectran Premium 100ml',0.00,0.00,'2011-12-09 08:53:15'),
 (4099,72,'Jectran Premium 20ml',0.00,0.00,'2011-12-09 08:53:15'),
 (4100,73,'Jectran Premium 10ml',8.00,8.00,'2011-12-09 08:53:15'),
 (4101,74,'Latigo 1000 SD 5g x 48',0.00,0.00,'2011-12-09 08:53:15'),
 (4102,75,'Latigo 1000 SD 5g (pcs)',0.00,0.00,'2011-12-09 08:53:15'),
 (4103,76,'Latigo 1000 MD 10g x 24',0.00,0.00,'2011-12-09 08:53:15'),
 (4104,77,'Latigo 1000 MD 10g (pcs)',0.00,0.00,'2011-12-09 08:53:15'),
 (4105,78,'Major D 20ml x 30',0.00,0.00,'2011-12-09 08:53:15'),
 (4106,79,'Major D 20ml (pcs)',0.00,0.00,'2011-12-09 08:53:15'),
 (4107,80,'Mammavet 100ml',0.00,0.00,'2011-12-09 08:53:15'),
 (4108,81,'Mammavet 10ml',0.00,0.00,'2011-12-09 08:53:15'),
 (4109,82,'Sustalin LA 100ml',0.00,0.00,'2011-12-09 08:53:15'),
 (4110,83,'Sustalin LA 10ml',0.00,0.00,'2011-12-09 08:53:15'),
 (4111,84,'Vetracin Classic 5g x 48 ',0.00,0.00,'2011-12-09 08:53:15'),
 (4112,85,'Vetracin Classic 5g (pcs)',0.00,0.00,'2011-12-09 08:53:15'),
 (4113,86,'Vetracin Gold 5g x 48',0.00,0.00,'2011-12-09 08:53:15'),
 (4114,87,'Vetracin Gold 5g (pcs)',46.00,46.00,'2011-12-09 08:53:15'),
 (4115,88,'Vetracin Gold Capsule',0.00,0.00,'2011-12-09 08:53:15'),
 (4116,89,'Vetracin Gold Capsule (pcs)',8.00,8.00,'2011-12-09 08:53:15'),
 (4117,90,'Vetracin Premium 5g x 48',0.00,0.00,'2011-12-09 08:53:15'),
 (4118,91,'Vetracin Premium 5g (pcs)',0.00,0.00,'2011-12-09 08:53:15'),
 (4119,92,'Viton-500 10ml',0.00,0.00,'2011-12-09 08:53:15'),
 (4120,93,'Cecical 200g',2.00,2.00,'2011-12-09 08:53:15'),
 (4121,94,'Pidro 2.4g x 50',3.00,3.00,'2011-12-09 08:53:15'),
 (4122,95,'Pidro 2.4g (pcs)',0.00,0.00,'2011-12-09 08:53:15'),
 (4123,96,'V-22 200g',0.00,0.00,'2011-12-09 08:53:15'),
 (4124,97,'V-22 Tablet 100 ',0.00,0.00,'2011-12-09 08:53:15'),
 (4125,98,'DCM 50ml',0.00,0.00,'2011-12-09 08:53:15'),
 (4126,99,'Redbik 100ml',0.00,0.00,'2011-12-09 08:53:15'),
 (4127,100,'Redbik 10ml',0.00,0.00,'2011-12-09 08:53:15'),
 (4128,101,'TMPS Pig Doser 120ml',0.00,0.00,'2011-12-09 08:53:15'),
 (4129,102,'Amtyl 500 100s',0.00,0.00,'2011-12-09 08:53:15'),
 (4130,103,'Amtyl 500 (pcs)',0.00,0.00,'2011-12-09 08:53:15'),
 (4131,104,'B-50 Forteen 200s',1.00,1.00,'2011-12-09 08:53:15'),
 (4132,105,'B-50 Forteen (pcs)',128.00,128.00,'2011-12-09 08:53:15'),
 (4133,106,'Belamyl 100ml',0.00,0.00,'2011-12-09 08:53:15'),
 (4134,107,'Belamyl 20ml',0.00,0.00,'2011-12-09 08:53:15'),
 (4135,108,'Belamyl 10ml',0.00,0.00,'2011-12-09 08:53:15'),
 (4136,109,'Belamyl 50ml',0.00,0.00,'2011-12-09 08:53:15'),
 (4137,110,'Calcium Lactate ',3.00,3.00,'2011-12-09 08:53:15'),
 (4138,111,'Calcium Lactate (pcs)',43.00,43.00,'2011-12-09 08:53:15'),
 (4139,112,'Choramphenicol 500g ',0.00,0.00,'2011-12-09 08:53:15'),
 (4140,113,'Choramphenicol 500g (pcs)',0.00,0.00,'2011-12-09 08:53:15'),
 (4141,114,'Combinex 40g',0.00,0.00,'2011-12-09 08:53:15'),
 (4142,115,'Combinex 86g',9.00,9.00,'2011-12-09 08:53:15'),
 (4143,116,'Dextrolyte 100ml',0.00,0.00,'2011-12-09 08:53:15'),
 (4144,117,'Disposable Syringe 10ml',0.00,0.00,'2011-12-09 08:53:15'),
 (4145,118,'Disposable Syringe 5ml',0.00,0.00,'2011-12-09 08:53:15'),
 (4146,119,'Disposable Syringe 3ml',0.00,0.00,'2011-12-09 08:53:15'),
 (4147,120,'Disposable Syringe 2.5ml',0.00,0.00,'2011-12-09 08:53:15'),
 (4148,121,'Disposable Syringe 1ml',0.00,0.00,'2011-12-09 08:53:15'),
 (4149,122,'Doxylak Forte 7g x 48',0.00,0.00,'2011-12-09 08:53:15'),
 (4150,123,'Doxylak Forte 7g (pcs)',0.00,0.00,'2011-12-09 08:53:15'),
 (4151,124,'Electrolyte Proto-lyte 250ml',0.00,0.00,'2011-12-09 08:53:15'),
 (4152,125,'Hammer 200s',0.00,0.00,'2011-12-09 08:53:15'),
 (4153,126,'Hammer (pcs)',0.00,0.00,'2011-12-09 08:53:15'),
 (4154,127,'LDI-B12 100s',0.00,0.00,'2011-12-09 08:53:15'),
 (4155,128,'LDI-B12 (pcs)',0.00,0.00,'2011-12-09 08:53:15'),
 (4156,129,'Multivitamins',1.00,1.00,'2011-12-09 08:53:15'),
 (4157,130,'Multivitamins (pcs)',0.00,0.00,'2011-12-09 08:53:15'),
 (4158,131,'Nutridrench 15ml',3.00,3.00,'2011-12-09 08:53:15'),
 (4159,132,'Trisulak 7g x 48',0.00,0.00,'2011-12-09 08:53:15'),
 (4160,133,'Trisulak 7g (pcs)',0.00,0.00,'2011-12-09 08:53:15'),
 (4161,134,'Viminolak 100s',0.00,0.00,'2011-12-09 08:53:15'),
 (4162,135,'Viminolak (pcs)',0.00,0.00,'2011-12-09 08:53:15'),
 (4163,136,'B-12 AAFEES',4.00,4.00,'2011-12-09 08:53:15'),
 (4164,137,'Wormal 100s',0.00,0.00,'2011-12-09 08:53:15'),
 (4165,138,'Wormal (pcs)',0.00,0.00,'2011-12-09 08:53:15'),
 (4166,139,'Complexor 3000 10ml',0.00,0.00,'2011-12-09 08:53:15'),
 (4167,140,'Pusham 10ml x 30',0.00,0.00,'2011-12-09 08:53:15'),
 (4168,141,'Pusham 10ml (pcs)',0.00,0.00,'2011-12-09 08:53:15'),
 (4169,142,'Tiki-Tiki',14.00,14.00,'2011-12-09 08:53:15'),
 (4170,143,'FCP',0.00,0.00,'2011-12-09 08:53:15'),
 (4171,144,'FCC',2.00,2.00,'2011-12-09 08:53:15'),
 (4172,145,'KOI',0.00,0.00,'2011-12-09 08:53:15'),
 (4173,146,'Fine Corn',1.00,1.00,'2011-12-09 08:53:15'),
 (4174,147,'RFG',0.00,0.00,'2011-12-09 08:53:15'),
 (4175,148,'FRYBOOSTER',0.00,0.00,'2011-12-09 08:53:15'),
 (4176,149,'Slashertone',0.00,0.00,'2011-12-09 08:53:15'),
 (4177,150,'Vermex',0.00,0.00,'2011-12-09 08:53:15'),
 (4178,151,'Vermex (pcs)',0.00,0.00,'2011-12-09 08:53:15'),
 (4179,152,'PEP',0.00,0.00,'2011-12-09 08:53:15'),
 (4180,153,'TMP',0.00,0.00,'2011-12-09 08:53:15'),
 (4181,154,'Cattle Concentrate',2.00,2.00,'2011-12-09 08:53:15'),
 (4182,155,'STF',0.00,0.00,'2011-12-09 08:53:15'),
 (4183,1,'CBM',5.00,6.00,'2011-12-13 15:57:39'),
 (4184,2,'CSM',0.00,5.00,'2011-12-13 15:57:39'),
 (4185,3,'CGM',8.00,5.00,'2011-12-13 15:57:39'),
 (4186,4,'CLM',151.00,87.50,'2011-12-13 15:57:39'),
 (4187,5,'BSC',15.00,14.00,'2011-12-13 15:57:39'),
 (4188,6,'BFC',13.00,12.00,'2011-12-13 15:57:39'),
 (4189,7,'Milko Plus',24.00,24.00,'2011-12-13 15:57:39'),
 (4190,8,'NSP',102.00,99.50,'2011-12-13 15:57:39'),
 (4191,9,'NGP',28.00,329.50,'2011-12-13 15:57:39'),
 (4192,10,'NBP',394.00,368.00,'2011-12-13 15:57:39'),
 (4193,11,'PSP',147.00,138.50,'2011-12-13 15:57:39'),
 (4194,12,'LSP',195.00,163.50,'2011-12-13 15:57:39'),
 (4195,13,'PGP',0.00,0.00,'2011-12-13 15:57:39'),
 (4196,14,'PGR',5.00,4.00,'2011-12-13 15:57:39'),
 (4197,15,'NLB',8.00,7.00,'2011-12-13 15:57:39'),
 (4198,16,'NLB-pack',0.00,19.00,'2011-12-13 15:57:39'),
 (4199,17,'NLP',63.00,47.00,'2011-12-13 15:57:39'),
 (4200,18,'NLP-pack',0.00,-8.00,'2011-12-13 15:57:39'),
 (4201,19,'HSC',2.00,1.00,'2011-12-13 15:57:39'),
 (4202,20,'HGP',59.00,1.50,'2011-12-13 15:57:39'),
 (4203,21,'HFP',14.00,-2.00,'2011-12-13 15:57:39'),
 (4204,22,'PDP (s)',12.00,15.00,'2011-12-13 15:57:39'),
 (4205,23,'PDP (o)',40.00,30.00,'2011-12-13 15:57:39'),
 (4206,24,'7 Kinds',16.00,13.00,'2011-12-13 15:57:39'),
 (4207,25,'Slasher',11.00,6.00,'2011-12-13 15:57:39'),
 (4208,26,'C-Corn',57.00,42.00,'2011-12-13 15:57:39'),
 (4209,27,'Christine',20.50,87.00,'2011-12-13 15:57:39'),
 (4210,28,'RED RICE',19.00,19.50,'2011-12-13 15:57:39'),
 (4211,29,'Royal Crown',141.50,131.50,'2011-12-13 15:57:39'),
 (4212,30,'Honey ',585.00,549.50,'2011-12-13 15:57:39'),
 (4213,31,'THB Booster',10.00,8.00,'2011-12-13 15:57:39'),
 (4214,32,'THB Booster-pack',13.00,7.00,'2011-12-13 15:57:39'),
 (4215,33,'THB Developer',10.00,7.00,'2011-12-13 15:57:39'),
 (4216,34,'THB Developer-pack',12.00,3.00,'2011-12-13 15:57:39'),
 (4217,35,'THB Enertone',12.00,19.00,'2011-12-13 15:57:39'),
 (4218,36,'THB Enertone-pack',0.00,2.00,'2011-12-13 15:57:39'),
 (4219,37,'THB Platinum',3.00,3.50,'2011-12-13 15:57:39'),
 (4220,38,'THB Platinum-pack',0.00,9.00,'2011-12-13 15:57:39'),
 (4221,39,'THB Hi-Protein',0.00,1.00,'2011-12-13 15:57:39'),
 (4222,40,'THB Hi-Protein-pack',0.00,0.00,'2011-12-13 15:57:39'),
 (4223,41,'THB Successor',0.00,0.00,'2011-12-13 15:57:39'),
 (4224,42,'THB Successor-pack',0.00,16.00,'2011-12-13 15:57:39'),
 (4225,43,'THB Multigrain',1.00,1.00,'2011-12-13 15:57:39'),
 (4226,44,'THB Multigrain-pack',0.00,0.00,'2011-12-13 15:57:39'),
 (4227,45,'THB Hi-Lander',0.00,0.00,'2011-12-13 15:57:39'),
 (4228,46,'THB Hi-Lander-pack',0.00,0.00,'2011-12-13 15:57:39'),
 (4229,47,'FRYMASH',9.00,9.00,'2011-12-13 15:57:39'),
 (4230,48,'PBC',1.00,21.00,'2011-12-13 15:57:39'),
 (4231,49,'PBS',0.00,9.00,'2011-12-13 15:57:39'),
 (4232,50,'PBG',4.00,0.00,'2011-12-13 15:57:39'),
 (4233,51,'PBF',4.00,4.00,'2011-12-13 15:57:39'),
 (4234,52,'SBS',0.00,43.00,'2011-12-13 15:57:39'),
 (4235,53,'SBG',0.00,2.00,'2011-12-13 15:57:39'),
 (4236,54,'SBF',1.00,31.00,'2011-12-13 15:57:39'),
 (4237,55,'Apralyte 6g x 48',0.00,13.50,'2011-12-13 15:57:39'),
 (4238,56,'Apralyte 6g (pcs)',0.00,12.00,'2011-12-13 15:57:39'),
 (4239,57,'Bacterid 100ml',0.00,0.00,'2011-12-13 15:57:39'),
 (4240,58,'Bacterid 10ml',0.00,0.00,'2011-12-13 15:57:39'),
 (4241,59,'Baxidil SE 6g x 48',0.00,0.00,'2011-12-13 15:57:39'),
 (4242,60,'Baxidil SE 6g (pcs)',0.00,0.00,'2011-12-13 15:57:39'),
 (4243,61,'Baxidil 7g x 48',0.00,0.00,'2011-12-13 15:57:39'),
 (4244,62,'Baxidil 7g (pcs)',0.00,0.00,'2011-12-13 15:57:39'),
 (4245,63,'Bexan SP 100ml',0.00,0.00,'2011-12-13 15:57:39'),
 (4246,64,'Bexan SP 10ml',0.00,0.00,'2011-12-13 15:57:39'),
 (4247,65,'Bexan SP 20ml',0.00,0.00,'2011-12-13 15:57:39'),
 (4248,66,'Bexan XP 100ml',0.00,0.00,'2011-12-13 15:57:39'),
 (4249,67,'Bexan XP 20ml',0.00,0.00,'2011-12-13 15:57:39'),
 (4250,68,'Bexan XP 10ml',0.00,0.00,'2011-12-13 15:57:39'),
 (4251,69,'Electrogen D+ 20g x 12',0.00,0.00,'2011-12-13 15:57:39'),
 (4252,70,'Electrogen D+ 20g (pcs)',0.00,0.00,'2011-12-13 15:57:39'),
 (4253,71,'Jectran Premium 100ml',0.00,0.00,'2011-12-13 15:57:39'),
 (4254,72,'Jectran Premium 20ml',0.00,5.00,'2011-12-13 15:57:39'),
 (4255,73,'Jectran Premium 10ml',8.00,5.00,'2011-12-13 15:57:39'),
 (4256,74,'Latigo 1000 SD 5g x 48',0.00,13.00,'2011-12-13 15:57:39'),
 (4257,75,'Latigo 1000 SD 5g (pcs)',0.00,0.00,'2011-12-13 15:57:39'),
 (4258,76,'Latigo 1000 MD 10g x 24',0.00,0.00,'2011-12-13 15:57:39'),
 (4259,77,'Latigo 1000 MD 10g (pcs)',0.00,12.00,'2011-12-13 15:57:39'),
 (4260,78,'Major D 20ml x 30',0.00,0.00,'2011-12-13 15:57:39'),
 (4261,79,'Major D 20ml (pcs)',0.00,0.00,'2011-12-13 15:57:39'),
 (4262,80,'Mammavet 100ml',0.00,0.00,'2011-12-13 15:57:39'),
 (4263,81,'Mammavet 10ml',0.00,0.00,'2011-12-13 15:57:39'),
 (4264,82,'Sustalin LA 100ml',0.00,0.00,'2011-12-13 15:57:39'),
 (4265,83,'Sustalin LA 10ml',0.00,0.00,'2011-12-13 15:57:39'),
 (4266,84,'Vetracin Classic 5g x 48 ',0.00,-0.50,'2011-12-13 15:57:39'),
 (4267,85,'Vetracin Classic 5g (pcs)',0.00,0.00,'2011-12-13 15:57:39'),
 (4268,86,'Vetracin Gold 5g x 48',0.00,12.50,'2011-12-13 15:57:39'),
 (4269,87,'Vetracin Gold 5g (pcs)',46.00,22.00,'2011-12-13 15:57:39'),
 (4270,88,'Vetracin Gold Capsule',0.00,0.00,'2011-12-13 15:57:39'),
 (4271,89,'Vetracin Gold Capsule (pcs)',8.00,8.00,'2011-12-13 15:57:39'),
 (4272,90,'Vetracin Premium 5g x 48',0.00,-0.50,'2011-12-13 15:57:39'),
 (4273,91,'Vetracin Premium 5g (pcs)',0.00,36.00,'2011-12-13 15:57:39'),
 (4274,92,'Viton-500 10ml',0.00,0.00,'2011-12-13 15:57:39'),
 (4275,93,'Cecical 200g',2.00,57.00,'2011-12-13 15:57:39'),
 (4276,94,'Pidro 2.4g x 50',3.00,8.00,'2011-12-13 15:57:39'),
 (4277,95,'Pidro 2.4g (pcs)',0.00,26.00,'2011-12-13 15:57:39'),
 (4278,96,'V-22 200g',0.00,0.00,'2011-12-13 15:57:39'),
 (4279,97,'V-22 Tablet 100 ',0.00,10.00,'2011-12-13 15:57:39'),
 (4280,98,'DCM 50ml',0.00,0.00,'2011-12-13 15:57:39'),
 (4281,99,'Redbik 100ml',0.00,0.00,'2011-12-13 15:57:39'),
 (4282,100,'Redbik 10ml',0.00,0.00,'2011-12-13 15:57:39'),
 (4283,101,'TMPS Pig Doser 120ml',0.00,0.00,'2011-12-13 15:57:39'),
 (4284,102,'Amtyl 500 100s',0.00,0.00,'2011-12-13 15:57:39'),
 (4285,103,'Amtyl 500 (pcs)',0.00,69.00,'2011-12-13 15:57:39'),
 (4286,104,'B-50 Forteen 200s',1.00,3.00,'2011-12-13 15:57:39'),
 (4287,105,'B-50 Forteen (pcs)',128.00,67.00,'2011-12-13 15:57:39'),
 (4288,106,'Belamyl 100ml',0.00,10.00,'2011-12-13 15:57:39'),
 (4289,107,'Belamyl 20ml',0.00,0.00,'2011-12-13 15:57:39'),
 (4290,108,'Belamyl 10ml',0.00,0.00,'2011-12-13 15:57:39'),
 (4291,109,'Belamyl 50ml',0.00,0.00,'2011-12-13 15:57:39'),
 (4292,110,'Calcium Lactate ',3.00,2.00,'2011-12-13 15:57:39'),
 (4293,111,'Calcium Lactate (pcs)',43.00,37.00,'2011-12-13 15:57:39'),
 (4294,112,'Choramphenicol 500g ',0.00,0.00,'2011-12-13 15:57:39');
INSERT INTO `inventory` (`id`,`item_id`,`item_code`,`beginning_balance`,`ending_balance`,`date`) VALUES 
 (4295,113,'Choramphenicol 500g (pcs)',0.00,0.00,'2011-12-13 15:57:39'),
 (4296,114,'Combinex 40g',0.00,0.00,'2011-12-13 15:57:39'),
 (4297,115,'Combinex 86g',9.00,9.00,'2011-12-13 15:57:39'),
 (4298,116,'Dextrolyte 100ml',0.00,0.00,'2011-12-13 15:57:39'),
 (4299,117,'Disposable Syringe 10ml',0.00,0.00,'2011-12-13 15:57:39'),
 (4300,118,'Disposable Syringe 5ml',0.00,0.00,'2011-12-13 15:57:39'),
 (4301,119,'Disposable Syringe 3ml',0.00,0.00,'2011-12-13 15:57:39'),
 (4302,120,'Disposable Syringe 2.5ml',0.00,0.00,'2011-12-13 15:57:39'),
 (4303,121,'Disposable Syringe 1ml',0.00,0.00,'2011-12-13 15:57:39'),
 (4304,122,'Doxylak Forte 7g x 48',0.00,0.00,'2011-12-13 15:57:39'),
 (4305,123,'Doxylak Forte 7g (pcs)',0.00,0.00,'2011-12-13 15:57:39'),
 (4306,124,'Electrolyte Proto-lyte 250ml',0.00,0.00,'2011-12-13 15:57:39'),
 (4307,125,'Hammer 200s',0.00,0.00,'2011-12-13 15:57:39'),
 (4308,126,'Hammer (pcs)',0.00,0.00,'2011-12-13 15:57:39'),
 (4309,127,'LDI-B12 100s',0.00,0.00,'2011-12-13 15:57:39'),
 (4310,128,'LDI-B12 (pcs)',0.00,0.00,'2011-12-13 15:57:39'),
 (4311,129,'Multivitamins',1.00,0.00,'2011-12-13 15:57:39'),
 (4312,130,'Multivitamins (pcs)',0.00,44.00,'2011-12-13 15:57:39'),
 (4313,131,'Nutridrench 15ml',3.00,3.00,'2011-12-13 15:57:39'),
 (4314,132,'Trisulak 7g x 48',0.00,0.00,'2011-12-13 15:57:39'),
 (4315,133,'Trisulak 7g (pcs)',0.00,0.00,'2011-12-13 15:57:39'),
 (4316,134,'Viminolak 100s',0.00,2.00,'2011-12-13 15:57:39'),
 (4317,135,'Viminolak (pcs)',0.00,0.00,'2011-12-13 15:57:39'),
 (4318,136,'B-12 AAFEES',4.00,14.00,'2011-12-13 15:57:39'),
 (4319,137,'Wormal 100s',0.00,0.00,'2011-12-13 15:57:39'),
 (4320,138,'Wormal (pcs)',0.00,70.00,'2011-12-13 15:57:39'),
 (4321,139,'Complexor 3000 10ml',0.00,0.00,'2011-12-13 15:57:39'),
 (4322,140,'Pusham 10ml x 30',0.00,0.00,'2011-12-13 15:57:39'),
 (4323,141,'Pusham 10ml (pcs)',0.00,0.00,'2011-12-13 15:57:39'),
 (4324,142,'Tiki-Tiki',14.00,15.00,'2011-12-13 15:57:39'),
 (4325,143,'FCP',0.00,2.00,'2011-12-13 15:57:39'),
 (4326,144,'FCC',2.00,2.00,'2011-12-13 15:57:39'),
 (4327,145,'KOI',0.00,100.00,'2011-12-13 15:57:39'),
 (4328,146,'Fine Corn',1.00,1.00,'2011-12-13 15:57:39'),
 (4329,147,'RFG',0.00,0.00,'2011-12-13 15:57:39'),
 (4330,148,'FRYBOOSTER',0.00,0.00,'2011-12-13 15:57:39'),
 (4331,149,'Slashertone',0.00,0.00,'2011-12-13 15:57:39'),
 (4332,150,'Vermex',0.00,0.00,'2011-12-13 15:57:39'),
 (4333,151,'Vermex (pcs)',0.00,20.00,'2011-12-13 15:57:39'),
 (4334,152,'PEP',0.00,44.00,'2011-12-13 15:57:39'),
 (4335,153,'TMP',0.00,0.00,'2011-12-13 15:57:39'),
 (4336,154,'Cattle Concentrate',2.00,2.00,'2011-12-13 15:57:39'),
 (4337,155,'STF',0.00,0.00,'2011-12-13 15:57:39');
/*!40000 ALTER TABLE `inventory` ENABLE KEYS */;


--
-- Definition of table `item_category`
--

DROP TABLE IF EXISTS `item_category`;
CREATE TABLE `item_category` (
  `item_code` varchar(45) DEFAULT NULL,
  `category` varchar(45) DEFAULT NULL
) ENGINE=InnoDB DEFAULT CHARSET=latin1;

--
-- Dumping data for table `item_category`
--

/*!40000 ALTER TABLE `item_category` DISABLE KEYS */;
INSERT INTO `item_category` (`item_code`,`category`) VALUES 
 ('PGP','feeds'),
 ('PGR','feeds'),
 ('HSC','feeds'),
 ('Slasher','feeds'),
 ('THB Hi-Protein','feeds'),
 ('THB Multigrain','feeds'),
 ('THB Multigrain-pack','feeds'),
 ('THB Hi-Lander','feeds'),
 ('THB Hi-Lander-pack','feeds'),
 ('FRYMASH','fish'),
 ('PBC','fish'),
 ('PBG','fish'),
 ('PBF','fish'),
 ('SBG','fish'),
 ('SBF','fish'),
 ('Bacterid 100ml','medicine'),
 ('Baxidil SE 6g x 48','medicine'),
 ('Baxidil SE 6g (pcs)','medicine'),
 ('Baxidil 7g x 48','medicine'),
 ('Baxidil 7g (pcs)','medicine'),
 ('Bexan SP 100ml','medicine'),
 ('Bexan SP 10ml','medicine'),
 ('Bexan SP 20ml','medicine'),
 ('Bexan XP 100ml','medicine'),
 ('Bexan XP 20ml','medicine'),
 ('Bexan XP 10ml','medicine'),
 ('Viton-500 10ml','medicine'),
 ('Redbik 100ml','medicine'),
 ('Redbik 10ml','medicine'),
 ('TMPS Pig Doser 120ml','medicine'),
 ('Amtyl 500 100s','medicine'),
 ('B-50 Forteen 200s','medicine'),
 ('B-50 Forteen (pcs)','medicine'),
 ('Belamyl 100ml','medicine'),
 ('Combinex 40g','medicine'),
 ('Electrolyte Proto-lyte 250ml','medicine'),
 ('Electrogen D+ 20g x 12','medicine'),
 ('Electrogen D+ 20g (pcs)','medicine'),
 ('Jectran Premium 100ml','medicine'),
 ('Jectran Premium 20ml','medicine'),
 ('Latigo 1000 SD 5g (pcs)','medicine'),
 ('Latigo 1000 MD 10g x 24','medicine'),
 ('Major D 20ml x 30','medicine'),
 ('Major D 20ml (pcs)','medicine'),
 ('Mammavet 100ml','medicine'),
 ('Mammavet 10ml','medicine'),
 ('Sustalin LA 100ml','medicine'),
 ('Sustalin LA 10ml','medicine'),
 ('Vetracin Classic 5g (pcs)','medicine'),
 ('Vetracin Gold 5g (pcs)','medicine'),
 ('Vetracin Gold Capsule','medicine'),
 ('Vetracin Gold Capsule (pcs)','medicine'),
 ('V-22 200g','medicine'),
 ('V-22 Tablet 100 ',''),
 ('DCM 50ml','medicine'),
 ('Belamyl 20ml','medicine'),
 ('Belamyl 10ml','medicine'),
 ('Belamyl 50ml','medicine'),
 ('Calcium Lactate ',''),
 ('Calcium Lactate (pcs)','medicine'),
 ('Choramphenicol 500g ','medicine'),
 ('Choramphenicol 500g (pcs)','medicine'),
 ('Combinex 86g','medicine'),
 ('Disposable Syringe 10ml','medicine'),
 ('Disposable Syringe 5ml','medicine'),
 ('Disposable Syringe 3ml','medicine'),
 ('Disposable Syringe 2.5ml','medicine'),
 ('Disposable Syringe 1ml','medicine'),
 ('Doxylak Forte 7g x 48','medicine'),
 ('Doxylak Forte 7g (pcs)','medicine'),
 ('Hammer 200s','medicine'),
 ('Hammer (pcs)','medicine'),
 ('LDI-B12 100s','medicine'),
 ('Multivitamins','medicine'),
 ('Trisulak 7g x 48','medicine'),
 ('Trisulak 7g (pcs)','medicine'),
 ('Viminolak 100s','medicine'),
 ('Viminolak (pcs)','medicine'),
 ('B-12 AAFEES','medicine'),
 ('Wormal 100s','medicine'),
 ('Complexor 3000 10ml','medicine'),
 ('Pusham 10ml x 30','medicine'),
 ('KOI','fish'),
 ('RFG','fish'),
 ('FRYBOOSTER','fish'),
 ('Slashertone','feeds'),
 ('Vermex','medicine'),
 ('BSC','feeds'),
 ('ubing',''),
 ('a',''),
 ('Cattle Concentrate','feeds'),
 ('Doxylak 100s','medicine'),
 ('TMP','feeds'),
 ('Fine Corn','feeds'),
 ('THB Successor','feeds'),
 ('Multivitamins (Bottle)','medicine'),
 ('ultivitamins (Bottle)','medicine'),
 ('Sulpyrine 100ml','medicine'),
 ('Calcium Lactate (bottle)','medicine'),
 ('STG','fish'),
 ('Pitocin 10ml','medicine'),
 ('SAKO','Accessories'),
 ('HCV','medicine'),
 ('PPM','feeds'),
 ('Corn #11','rice'),
 ('Corn #12','rice'),
 ('Corn #14','fish'),
 ('Tahop ( mais )','rice'),
 ('FLYMAX 10g x 10','medicine'),
 ('TIC-TIC','rice'),
 ('THB Booster-pack','feeds'),
 ('Beef Pro','feeds'),
 ('STF','fish'),
 ('Voltplex KQ ( pcs )','medicine'),
 ('Respigen 15','medicine'),
 ('Pidro 2.4g x 50','medicine'),
 ('Linear Feeder','Accessories'),
 ('Waterer 1gal.','Accessories'),
 ('Nipple Drinker','Accessories'),
 ('Feeder Clay','Accessories'),
 ('ADE 10ml','medicine'),
 ('CGM','feeds'),
 ('THB Booster','feeds'),
 ('THB Developer','feeds'),
 ('Nutridrench 15ml','medicine'),
 ('Agmectin ( pcs )','medicine'),
 ('THB Successor-pack','feeds'),
 ('Milko Plus','feeds'),
 ('LSP','feeds'),
 ('PDP (s)','feeds'),
 ('7 Kinds','feeds'),
 ('C-Corn','feeds'),
 ('Royal Crown','rice'),
 ('Honey ','rice'),
 ('NLP-KRAFT','feeds'),
 ('SDP Mega 3000','feeds'),
 ('THB Enertone-pack','feeds'),
 ('THB Platinum-pack','feeds'),
 ('THB Hi-Protein-pack','feeds'),
 ('Vetracin Classic 5g x 48 ','medicine'),
 ('Vetracin Premium 5g x 48','medicine'),
 ('Copyrine 10ml','medicine'),
 ('LDI-B12 (pcs)','medicine'),
 ('NLB-pack','feeds'),
 ('Multivitamins (pcs)','medicine'),
 ('Amtyl 500 (pcs)','medicine'),
 ('Latigo 1000 SD 5g x 48','medicine'),
 ('Cecical 200g','medicine'),
 ('Apralyte 6g x 48','medicine'),
 ('Wormal (pcs)','medicine'),
 ('Valbazen 30ml','medicine'),
 ('Vitafact 120gm','medicine'),
 ('True Grit ','medicine'),
 ('NLP-pack','feeds'),
 ('CBM','feeds'),
 ('CSM','feeds'),
 ('CLM','feeds'),
 ('BFC','feeds'),
 ('NSP','feeds'),
 ('NBP','feeds'),
 ('PSP','feeds'),
 ('NLB','feeds'),
 ('NLP','feeds'),
 ('HGP','feeds'),
 ('HFP','feeds'),
 ('PDP (o)','feeds'),
 ('Christine','rice'),
 ('RED RICE','rice'),
 ('THB Platinum','feeds'),
 ('PBS','fish'),
 ('SBS','fish'),
 ('Tiki-Tiki','rice'),
 ('FCP','feeds'),
 ('FCC','feeds'),
 ('Texas','rice'),
 ('Voltplex KQ','medicine'),
 ('Nutri Pro ','feeds'),
 ('Clm - Customized','feeds'),
 ('NGP','feeds'),
 ('Apralyte 6g (pcs)','medicine'),
 ('THB Developer-pack','feeds'),
 ('A.I','medicine'),
 ('Vetracin Gold 5g x 48','medicine'),
 ('Latigo 1000 MD 10g (pcs)','medicine'),
 ('Agmectin 5g ( pcs )','medicine'),
 ('Vetracin Premium 5g (pcs)','medicine'),
 ('Vermex (pcs)','medicine'),
 ('Doxylak ( pcs )','medicine'),
 ('Pidro 2.4g (pcs)','medicine'),
 ('Pusham 10ml (pcs)','medicine'),
 ('RBS','fish'),
 ('THB Enertone','feeds'),
 ('Rubber Pot','Accessories'),
 ('Bacterid 10ml',''),
 ('Adjustment','feeds'),
 ('Calf Manna','feeds'),
 ('Dextrolyte 100ml','medicine'),
 ('PEP','feeds'),
 ('OLD NEWS','Accessories'),
 ('PGM','feeds'),
 ('Jectran Premium 10ml','medicine'),
 ('STRESSKAPS','medicine');
/*!40000 ALTER TABLE `item_category` ENABLE KEYS */;


--
-- Definition of table `items`
--

DROP TABLE IF EXISTS `items`;
CREATE TABLE `items` (
  `item_id` int(11) NOT NULL AUTO_INCREMENT,
  `item_code` varchar(45) NOT NULL,
  `item_qty` double(10,2) NOT NULL,
  `item_price` double(10,2) NOT NULL,
  `dealers_price` double(10,2) DEFAULT NULL,
  `date_added` date DEFAULT NULL,
  `date_modified` date DEFAULT NULL,
  `manufacturers_id` int(10) unsigned DEFAULT NULL,
  `reorder_point` int(10) unsigned DEFAULT NULL,
  PRIMARY KEY (`item_id`,`item_code`) USING BTREE
) ENGINE=InnoDB AUTO_INCREMENT=199 DEFAULT CHARSET=latin1;

--
-- Dumping data for table `items`
--

/*!40000 ALTER TABLE `items` DISABLE KEYS */;
INSERT INTO `items` (`item_id`,`item_code`,`item_qty`,`item_price`,`dealers_price`,`date_added`,`date_modified`,`manufacturers_id`,`reorder_point`) VALUES 
 (1,'CBM',6.00,670.00,660.00,'2011-11-14','2011-12-13',4,0),
 (2,'CSM',5.00,1190.00,1170.00,'2011-11-14','2011-12-13',4,0),
 (3,'CGM',5.00,1105.00,1085.00,'2011-11-14','2011-12-08',4,0),
 (4,'CLM',85.50,1165.00,1145.00,'2011-11-14','2011-12-13',4,0),
 (5,'BSC',14.00,1260.00,1240.00,'2011-11-14','2011-11-19',4,0),
 (6,'BFC',12.00,1195.00,1175.00,'2011-11-14','2011-12-13',4,0),
 (7,'Milko Plus',14.00,100.00,90.00,'2011-11-14','2011-12-09',4,0),
 (8,'NSP',68.50,1275.00,1255.00,'2011-11-14','2011-12-13',4,0),
 (9,'NGP',268.00,1155.00,1135.00,'2011-11-14','2011-12-13',4,0),
 (10,'NBP',313.00,1095.00,1075.00,'2011-11-14','2011-12-13',4,0),
 (11,'PSP',126.50,1085.00,1065.00,'2011-11-14','2011-12-13',4,0),
 (12,'LSP',155.50,1185.00,1165.00,'2011-11-14','2011-12-09',4,0),
 (13,'PGP',0.00,955.00,935.00,'2011-11-14','2011-11-14',4,0),
 (14,'PGR',4.00,1015.00,995.00,'2011-11-14','2011-11-14',4,0),
 (15,'NLB',5.00,1580.00,1580.00,'2011-11-14','2011-12-13',4,0),
 (16,'NLB-pack',19.00,64.00,63.20,'2011-11-14','2011-12-11',4,0),
 (17,'NLP',41.00,985.00,985.00,'2011-11-14','2011-12-13',4,0),
 (18,'NLP-pack',-8.00,40.00,39.40,'2011-11-14','2011-12-12',4,0),
 (19,'HSC',1.00,1055.00,1035.00,'2011-11-14','2011-11-14',4,0),
 (20,'HGP',1.50,1010.00,990.00,'2011-11-14','2011-12-13',4,0),
 (21,'HFP',-2.00,985.00,965.00,'2011-11-14','2011-12-13',4,0),
 (22,'PDP (s)',13.00,880.00,860.00,'2011-11-14','2011-12-09',4,0),
 (23,'PDP (o)',22.00,850.00,830.00,'2011-11-14','2011-12-13',4,0),
 (24,'7 Kinds',11.00,655.00,655.00,'2011-11-14','2011-12-09',4,0),
 (25,'Slasher',6.00,745.00,745.00,'2011-11-14','2011-11-14',4,0),
 (26,'C-Corn',42.00,700.00,700.00,'2011-11-14','2011-12-09',4,0),
 (27,'Christine',46.50,1470.00,1470.00,'2011-11-14','2011-12-13',6,0),
 (28,'RED RICE',17.50,1520.00,1520.00,'2011-11-14','2011-12-13',6,0),
 (29,'Royal Crown',126.50,1650.00,1650.00,'2011-11-14','2011-12-09',6,0),
 (30,'Honey ',536.50,1450.00,1450.00,'2011-11-14','2011-12-09',6,0),
 (31,'THB Booster',8.00,835.00,835.00,'2011-11-14','2011-12-08',8,0),
 (32,'THB Booster-pack',7.00,36.00,34.80,'2011-11-14','2011-12-06',8,0),
 (33,'THB Developer',7.00,810.00,810.00,'2011-11-14','2011-12-08',8,0),
 (34,'THB Developer-pack',3.00,35.00,33.75,'2011-11-14','2011-12-13',8,0),
 (35,'THB Enertone',19.00,675.00,675.00,'2011-11-14','2011-12-13',8,0),
 (36,'THB Enertone-pack',2.00,29.00,28.15,'2011-11-14','2011-12-09',8,0),
 (37,'THB Platinum',3.50,1110.00,1110.00,'2011-11-14','2011-12-13',8,0),
 (38,'THB Platinum-pack',9.00,48.00,46.25,'2011-11-14','2011-12-09',8,0),
 (39,'THB Hi-Protein',1.00,985.00,985.00,'2011-11-14','2011-11-14',8,0),
 (40,'THB Hi-Protein-pack',0.00,41.10,31.40,'2011-11-14','2011-12-09',8,0),
 (41,'THB Successor',0.00,740.00,740.00,'2011-11-14','2011-11-28',8,0),
 (42,'THB Successor-pack',16.00,31.50,30.85,'2011-11-14','2011-12-08',8,0),
 (43,'THB Multigrain',1.00,890.00,890.00,'2011-11-14','2011-11-14',8,0),
 (44,'THB Multigrain-pack',0.00,37.50,37.00,'2011-11-14','2011-11-14',8,0),
 (45,'THB Hi-Lander',0.00,595.00,595.00,'2011-11-14','2011-11-14',8,0),
 (46,'THB Hi-Lander-pack',0.00,27.00,24.80,'2011-11-14','2011-11-14',8,0),
 (47,'FRYMASH',9.00,320.00,320.00,'2011-11-14','2011-11-14',7,0),
 (48,'PBC',21.00,615.00,615.00,'2011-11-14','2011-11-14',7,0),
 (49,'PBS',9.00,595.00,595.00,'2011-11-14','2011-12-13',7,0),
 (50,'PBG',0.00,710.00,710.00,'2011-11-14','2011-11-14',7,0),
 (51,'PBF',4.00,705.00,705.00,'2011-11-14','2011-11-14',7,0),
 (52,'SBS',38.00,635.00,635.00,'2011-11-14','2011-12-13',7,0),
 (53,'SBG',2.00,755.00,755.00,'2011-11-14','2011-11-14',7,0),
 (54,'SBF',26.00,745.00,745.00,'2011-11-14','2011-11-14',7,0),
 (55,'Apralyte 6g x 48',13.50,910.00,819.00,'2011-11-14','2011-12-12',5,0),
 (56,'Apralyte 6g (pcs)',12.00,19.00,17.50,'2011-11-14','2011-12-13',5,0),
 (57,'Bacterid 100ml',0.00,850.00,765.00,'2011-11-14','2011-11-14',5,0),
 (58,'Bacterid 10ml',8.00,170.00,153.00,'2011-11-14','2011-12-13',5,0),
 (59,'Baxidil SE 6g x 48',0.00,740.00,666.00,'2011-11-14','2011-11-14',5,0),
 (60,'Baxidil SE 6g (pcs)',0.00,15.50,13.90,'2011-11-14','2011-11-14',5,0),
 (61,'Baxidil 7g x 48',0.00,655.00,589.50,'2011-11-14','2011-11-14',5,0),
 (62,'Baxidil 7g (pcs)',0.00,14.00,12.29,'2011-11-14','2011-11-14',5,0),
 (63,'Bexan SP 100ml',0.00,660.00,594.00,'2011-11-14','2011-11-14',5,0),
 (64,'Bexan SP 10ml',0.00,165.00,148.50,'2011-11-14','2011-11-14',5,0),
 (65,'Bexan SP 20ml',0.00,250.00,225.00,'2011-11-14','2011-11-14',5,0),
 (66,'Bexan XP 100ml',0.00,809.30,728.50,'2011-11-14','2011-11-14',5,0),
 (67,'Bexan XP 20ml',0.00,235.00,211.50,'2011-11-14','2011-11-14',5,0),
 (68,'Bexan XP 10ml',0.00,155.00,139.50,'2011-11-14','2011-11-14',5,0),
 (69,'Electrogen D+ 20g x 12',0.00,168.00,151.50,'2011-11-14','2011-11-15',5,0),
 (70,'Electrogen D+ 20g (pcs)',0.00,14.00,12.62,'2011-11-14','2011-11-15',5,0),
 (71,'Jectran Premium 100ml',0.00,500.00,450.00,'2011-11-14','2011-11-15',5,0),
 (72,'Jectran Premium 20ml',5.00,260.00,234.00,'2011-11-14','2011-11-15',5,0),
 (73,'Jectran Premium 10ml',10.00,185.00,166.50,'2011-11-14','2011-12-14',5,0),
 (74,'Latigo 1000 SD 5g x 48',9.00,252.00,227.00,'2011-11-14','2011-12-12',5,0),
 (75,'Latigo 1000 SD 5g (pcs)',0.00,6.00,4.75,'2011-11-14','2011-11-15',5,0),
 (76,'Latigo 1000 MD 10g x 24',0.00,744.00,669.60,'2011-11-14','2011-11-15',5,0),
 (77,'Latigo 1000 MD 10g (pcs)',12.00,31.00,27.90,'2011-11-14','2011-12-13',5,0),
 (78,'Major D 20ml x 30',0.00,600.00,540.00,'2011-11-14','2011-11-15',5,0),
 (79,'Major D 20ml (pcs)',0.00,20.00,18.00,'2011-11-14','2011-11-15',5,0),
 (80,'Mammavet 100ml',0.00,430.00,387.00,'2011-11-14','2011-11-15',5,0),
 (81,'Mammavet 10ml',0.00,85.00,76.50,'2011-11-14','2011-11-15',5,0),
 (82,'Sustalin LA 100ml',0.00,500.00,450.00,'2011-11-14','2011-11-15',5,0),
 (83,'Sustalin LA 10ml',0.00,130.00,117.00,'2011-11-14','2011-11-15',5,0),
 (84,'Vetracin Classic 5g x 48 ',-0.50,576.00,518.50,'2011-11-15','2011-12-09',5,0),
 (85,'Vetracin Classic 5g (pcs)',0.00,12.00,11.00,'2011-11-15','2011-11-15',5,0),
 (86,'Vetracin Gold 5g x 48',8.50,960.00,864.00,'2011-11-15','2011-12-13',5,0),
 (87,'Vetracin Gold 5g (pcs)',22.00,22.00,18.00,'2011-11-15','2011-11-15',5,0),
 (88,'Vetracin Gold Capsule',0.00,700.00,630.00,'2011-11-15','2011-11-15',5,0),
 (89,'Vetracin Gold Capsule (pcs)',8.00,7.00,6.30,'2011-11-15','2011-11-15',5,0),
 (90,'Vetracin Premium 5g x 48',-0.50,720.00,648.00,'2011-11-15','2011-12-09',5,0),
 (91,'Vetracin Premium 5g (pcs)',36.00,15.00,13.50,'2011-11-15','2011-12-13',5,0),
 (92,'Viton-500 10ml',0.00,90.00,85.50,'2011-11-15','2011-11-15',10,0),
 (93,'Cecical 200g',37.00,56.00,51.00,'2011-11-15','2011-12-12',9,0),
 (94,'Pidro 2.4g x 50',8.00,300.00,275.00,'2011-11-15','2011-12-07',9,0),
 (95,'Pidro 2.4g (pcs)',26.00,6.00,5.50,'2011-11-15','2011-12-13',9,0),
 (96,'V-22 200g',0.00,54.00,47.00,'2011-11-15','2011-11-15',9,0),
 (97,'V-22 Tablet 100 ',4.00,150.00,135.00,'2011-11-15','2011-11-15',9,0),
 (98,'DCM 50ml',0.00,114.00,103.00,'2011-11-15','2011-11-15',9,0),
 (99,'Redbik 100ml',0.00,467.00,467.00,'2011-11-15','2011-11-15',9,0),
 (100,'Redbik 10ml',0.00,136.00,136.00,'2011-11-15','2011-11-15',9,0),
 (101,'TMPS Pig Doser 120ml',0.00,238.00,238.00,'2011-11-15','2011-11-15',9,0),
 (102,'Amtyl 500 100s',0.00,1400.00,1350.00,'2011-11-15','2011-11-15',11,0),
 (103,'Amtyl 500 (pcs)',68.00,14.00,13.50,'2011-11-15','2011-12-12',11,0),
 (104,'B-50 Forteen 200s',1.00,1000.00,900.00,'2011-11-15','2011-11-15',12,0),
 (105,'B-50 Forteen (pcs)',67.00,5.00,4.50,'2011-11-15','2011-11-15',12,0),
 (106,'Belamyl 100ml',10.00,1145.00,1100.00,'2011-11-15','2011-11-15',5,0),
 (107,'Belamyl 20ml',0.00,299.00,269.00,'2011-11-15','2011-11-15',5,0),
 (108,'Belamyl 10ml',0.00,208.00,200.00,'2011-11-15','2011-11-15',5,0),
 (109,'Belamyl 50ml',0.00,556.00,500.00,'2011-11-15','2011-11-15',5,0),
 (110,'Calcium Lactate ',2.00,720.00,504.00,'2011-11-15','2011-11-15',5,0),
 (111,'Calcium Lactate (pcs)',37.00,15.00,10.50,'2011-11-15','2011-11-29',5,0),
 (112,'Choramphenicol 500g ',0.00,350.00,300.00,'2011-11-15','2011-11-15',5,0),
 (113,'Choramphenicol 500g (pcs)',0.00,3.50,3.00,'2011-11-15','2011-11-15',5,0),
 (114,'Combinex 40g',0.00,125.00,120.00,'2011-11-15','2011-11-15',5,0),
 (115,'Combinex 86g',9.00,179.50,178.00,'2011-11-15','2011-11-15',5,0),
 (116,'Dextrolyte 100ml',0.00,141.00,127.00,'2011-11-15','2011-12-14',10,0),
 (117,'Disposable Syringe 10ml',0.00,7.00,6.00,'2011-11-15','2011-11-15',5,0),
 (118,'Disposable Syringe 5ml',0.00,7.00,6.00,'2011-11-15','2011-11-15',5,0),
 (119,'Disposable Syringe 3ml',0.00,6.00,5.00,'2011-11-15','2011-11-15',5,0),
 (120,'Disposable Syringe 2.5ml',0.00,6.00,5.00,'2011-11-15','2011-11-15',5,0),
 (121,'Disposable Syringe 1ml',0.00,6.00,5.00,'2011-11-15','2011-11-15',5,0),
 (122,'Doxylak Forte 7g x 48',0.00,744.00,720.00,'2011-11-15','2011-11-15',5,0),
 (123,'Doxylak Forte 7g (pcs)',0.00,15.50,15.00,'2011-11-15','2011-11-15',5,0),
 (124,'Electrolyte Proto-lyte 250ml',0.00,83.00,82.00,'2011-11-15','2011-11-15',10,0),
 (125,'Hammer 200s',0.00,1000.00,900.00,'2011-11-15','2011-11-15',5,0),
 (126,'Hammer (pcs)',0.00,5.00,4.50,'2011-11-15','2011-11-15',5,0),
 (127,'LDI-B12 100s',0.00,300.00,300.00,'2011-11-15','2011-11-15',5,0),
 (128,'LDI-B12 (pcs)',0.00,3.50,3.00,'2011-11-15','2011-12-10',5,0),
 (129,'Multivitamins',0.00,720.00,504.00,'2011-11-15','2011-11-15',5,0),
 (130,'Multivitamins (pcs)',44.00,15.00,10.50,'2011-11-15','2011-12-12',5,0),
 (131,'Nutridrench 15ml',3.00,170.00,170.00,'2011-11-15','2011-12-08',5,0),
 (132,'Trisulak 7g x 48',0.00,744.00,720.00,'2011-11-15','2011-11-15',5,0),
 (133,'Trisulak 7g (pcs)',0.00,15.50,15.00,'2011-11-15','2011-11-15',5,0),
 (134,'Viminolak 100s',0.00,450.00,350.00,'2011-11-15','2011-11-15',5,0),
 (135,'Viminolak (pcs)',0.00,4.50,3.50,'2011-11-15','2011-11-15',5,0),
 (136,'B-12 AAFEES',4.00,65.00,55.00,'2011-11-15','2011-11-15',5,0),
 (137,'Wormal 100s',0.00,450.00,400.00,'2011-11-15','2011-11-15',5,0),
 (138,'Wormal (pcs)',70.00,4.50,4.00,'2011-11-15','2011-12-12',5,0),
 (139,'Complexor 3000 10ml',0.00,165.00,160.00,'2011-11-15','2011-11-15',12,0),
 (140,'Pusham 10ml x 30',0.00,375.00,337.50,'2011-11-15','2011-11-15',5,0),
 (141,'Pusham 10ml (pcs)',0.00,12.50,11.25,'2011-11-15','2011-12-13',5,0),
 (142,'Tiki-Tiki',5.00,500.00,500.00,'2011-11-16','2011-12-13',6,0),
 (143,'FCP',1.00,715.00,715.00,'2011-11-18','2011-12-13',4,0),
 (144,'FCC',2.00,665.00,665.00,'2011-11-18','2011-12-13',4,0),
 (145,'KOI',100.00,400.00,400.00,'2011-11-18','2011-11-18',7,0),
 (146,'Fine Corn',1.00,700.00,700.00,'2011-11-18','2011-11-25',6,0),
 (147,'RFG',0.00,500.00,500.00,'2011-11-18','2011-11-18',7,0),
 (148,'FRYBOOSTER',0.00,500.00,500.00,'2011-11-18','2011-11-18',7,0),
 (149,'Slashertone',0.00,500.00,500.00,'2011-11-18','2011-11-18',6,0),
 (150,'Vermex',0.00,350.00,300.00,'2011-11-18','2011-11-18',5,0),
 (151,'Vermex (pcs)',20.00,3.50,3.00,'2011-11-18','2011-12-13',5,0),
 (152,'PEP',4.00,50.00,50.00,'2011-11-21','2011-12-14',4,0),
 (153,'TMP',0.00,500.00,500.00,'2011-11-21','2011-11-25',4,0),
 (154,'Cattle Concentrate',2.00,500.00,500.00,'2011-11-21','2011-11-21',4,0),
 (155,'STF',0.00,745.00,745.00,'2011-11-21','2011-12-06',7,0),
 (156,'Doxylak 100s',0.00,750.00,700.00,'2011-11-23','2011-11-23',5,0),
 (157,'Doxylak ( pcs )',20.00,7.50,7.00,'2011-11-23','2011-12-13',5,0),
 (158,'Clm - Customized',0.00,0.00,0.00,'2011-11-24','2011-12-13',4,0),
 (159,'Texas',0.00,1400.00,1400.00,'2011-11-26','2011-12-13',6,0),
 (160,'Sulpyrine 100ml',0.00,300.00,300.00,'2011-11-28','2011-11-28',5,0),
 (161,'STG',0.00,755.00,755.00,'2011-11-29','2011-11-29',7,0),
 (162,'NLP-KRAFT',0.00,960.00,960.00,'2011-11-29','2011-12-09',4,0),
 (163,'Pitocin 10ml',0.00,130.00,115.00,'2011-11-29','2011-11-29',5,0),
 (164,'SAKO',55.00,5.00,5.00,'2011-11-29','2011-11-29',6,0),
 (165,'Nutri Pro ',13.00,1500.00,1450.00,'2011-11-29','2011-12-13',6,0),
 (166,'HCV',0.00,180.00,180.00,'2011-11-30','2011-11-30',6,0),
 (167,'PPM',0.00,50.00,50.00,'2011-11-30','2011-11-30',4,0),
 (168,'Corn #11',0.00,1140.00,1140.00,'2011-12-01','2011-12-01',6,0),
 (169,'Corn #12',0.00,1160.00,1160.00,'2011-12-01','2011-12-01',6,0),
 (170,'Corn #14',0.00,1160.00,1160.00,'2011-12-02','2011-12-02',6,0),
 (171,'Tahop ( mais )',11.00,700.00,700.00,'2011-12-02','2011-12-02',5,0),
 (172,'FLYMAX 10g x 10',0.00,90.00,90.00,'2011-12-03','2011-12-03',5,0),
 (173,'TIC-TIC',0.00,800.00,800.00,'2011-12-05','2011-12-05',6,0),
 (174,'Voltplex KQ',100.00,13.00,12.65,'2011-12-05','2011-12-13',5,0),
 (175,'Adjustment',1.00,2.50,2.50,'2011-12-05','2011-12-13',6,0),
 (176,'Beef Pro',0.00,1500.00,1450.00,'2011-12-06','2011-12-06',6,0),
 (177,'True Grit ',0.00,550.00,500.00,'2011-12-07','2011-12-12',11,0),
 (178,'Voltplex KQ',1.00,1300.00,1265.00,'2011-12-07','2011-12-07',11,0),
 (179,'Voltplex KQ ',1.00,13.00,12.65,'2011-12-07','2011-12-07',11,0),
 (180,'Respigen 15',2.00,170.00,155.00,'2011-12-07','2011-12-07',11,0),
 (181,'Vitafact 120gm',0.00,51.00,46.00,'2011-12-07','2011-12-12',10,0),
 (182,'Linear Feeder',0.00,28.00,28.00,'2011-12-07','2011-12-07',4,0),
 (183,'Waterer 1gal.',0.00,41.00,41.00,'2011-12-07','2011-12-07',4,0),
 (184,'Nipple Drinker',0.00,200.00,200.00,'2011-12-07','2011-12-07',4,0),
 (185,'Feeder Clay',0.00,6.00,5.00,'2011-12-07','2011-12-07',4,0),
 (186,'Valbazen 30ml',5.00,166.00,165.00,'2011-12-07','2011-12-12',5,0),
 (187,'ADE 10ml',0.00,95.00,95.00,'2011-12-07','2011-12-07',5,0),
 (188,'A.I',7.00,1200.00,1200.00,'2011-12-08','2011-12-13',6,0),
 (189,'Agmectin ( pcs )',0.00,17.50,17.50,'2011-12-08','2011-12-08',5,0),
 (190,'SDP Mega 3000',0.00,645.00,645.00,'2011-12-09','2011-12-09',4,0),
 (191,'Calf Manna',0.00,870.00,870.00,'2011-12-09','2011-12-14',4,0),
 (192,'PGM',0.00,75.00,75.00,'2011-12-09','2011-12-14',4,0),
 (193,'STRESSKAPS',0.00,285.00,285.00,'2011-12-09','2011-12-14',5,0),
 (194,'Copyrine 10ml',0.00,64.00,64.00,'2011-12-09','2011-12-09',5,0),
 (195,'OLD NEWS',90.00,15.00,15.00,'2011-12-12','2011-12-14',6,0),
 (196,'Agmectin 5g ( pcs )',36.00,17.50,17.00,'2011-12-13','2011-12-13',5,0),
 (197,'RBS',19.00,0.00,0.00,'2011-12-13','2011-12-13',7,0),
 (198,'Rubber Pot',0.00,30.00,28.00,'2011-12-13','2011-12-13',4,0);
/*!40000 ALTER TABLE `items` ENABLE KEYS */;


--
-- Definition of table `items_description`
--

DROP TABLE IF EXISTS `items_description`;
CREATE TABLE `items_description` (
  `item_code` varchar(45) NOT NULL,
  `item_name` varchar(50) DEFAULT NULL,
  `item_description` varchar(100) DEFAULT NULL,
  `image` varchar(45) DEFAULT NULL,
  `status` tinyint(1) DEFAULT NULL,
  `unit_of_measure` varchar(45) DEFAULT NULL,
  PRIMARY KEY (`item_code`)
) ENGINE=InnoDB DEFAULT CHARSET=latin1;

--
-- Dumping data for table `items_description`
--

/*!40000 ALTER TABLE `items_description` DISABLE KEYS */;
INSERT INTO `items_description` (`item_code`,`item_name`,`item_description`,`image`,`status`,`unit_of_measure`) VALUES 
 ('7 Kinds','7 Kinds','7 Kinds','',1,'BAG'),
 ('a','a','a','',1,'PIECES'),
 ('A.I','A.I','Artificial Insemination','',1,'service'),
 ('ADE 10ml','ADE 10ml','ADE 10ml','',1,'BOTTLE'),
 ('Adjustment','Adjustment','Adjustment','',1,''),
 ('Agmectin ( pcs )','Agmectin ( pcs )','Agmectin ( pcs )','',1,'PIECES'),
 ('Agmectin 5g ( pcs )','Agmectin 5g ( pcs )','Agmectin 5g ( pcs )','',1,'PIECES'),
 ('Amtyl 500 (pcs)','Amtyl 500 (pcs)','Amtyl 500 (pcs)','',1,'PIECES'),
 ('Amtyl 500 100s','Amtyl 500 100s','Amtyl 500 100s','',1,'BOX'),
 ('Apralyte 6g (pcs)','Apralyte 6g (pcs)','Apralyte 6g (pcs)','',1,'PIECES'),
 ('Apralyte 6g x 48','Apralyte 6g x 48','Apralyte 6g x 48','',1,'BOX'),
 ('B-12 AAFEES','B-12 AAFEES','B-12 AAFEES','',1,'BOTTLE'),
 ('B-50 Forteen (pcs)','B-50 Forteen (pcs)','B-50 Forteen (pcs)','',1,'PIECES'),
 ('B-50 Forteen 200s','B-50 Forteen 200s','B-50 Forteen 200s','',1,'BOX'),
 ('Bacterid 100ml','Bacterid 100ml','Bacterid 100ml','',1,'BOTTLE'),
 ('Bacterid 10ml','Bacterid 10ml','Bacterid 10ml','',1,'BOTTLE'),
 ('Baxidil 7g (pcs)','Baxidil 7g (pcs)','Baxidil 7g (pcs)','',1,'PIECES'),
 ('Baxidil 7g x 48','Baxidil 7g x 48','Baxidil 7g x 48','',1,'BOX'),
 ('Baxidil SE 6g (pcs)','Baxidil SE 6g (pcs)','Baxidil SE 6g (pcs)','',1,'PIECES'),
 ('Baxidil SE 6g x 48','Baxidil SE 6g x 48','Baxidil SE 6g x 48','',1,'BOX'),
 ('Beef Pro','Beef Pro','Beef Pro','',1,'BAG'),
 ('Belamyl 100ml','Belamyl 100ml','Belamyl 100ml','',1,'BOTTLE'),
 ('Belamyl 10ml','Belamyl 10ml','Belamyl 10ml','',1,'BOTTLE'),
 ('Belamyl 20ml','Belamyl 20ml','Belamyl 20ml','',1,'BOTTLE'),
 ('Belamyl 50ml','Belamyl 50ml','Belamyl 50ml','',1,'BOTTLE'),
 ('Bexan SP 100ml','Bexan SP 100ml','Bexan SP 100ml','',1,'BOTTLE'),
 ('Bexan SP 10ml','Bexan SP 10ml','Bexan SP 10ml','',1,'BOTTLE'),
 ('Bexan SP 20ml','Bexan SP 20ml','Bexan SP 20ml','',1,'BOTTLE'),
 ('Bexan XP 100ml','Bexan XP 100ml','Bexan XP 100ml','',1,'BOTTLE'),
 ('Bexan XP 10ml','Bexan XP 10ml','Bexan XP 10ml','',1,'BOTTLE'),
 ('Bexan XP 20ml','Bexan XP 20ml','Bexan XP 20ml','',1,'BOTTLE'),
 ('BFC','Broiler Finisher Crumble 50 kls','Broiler Finisher Crumble 50 kls','',1,'BAG'),
 ('BSC','Broiler Starter Crumble 50 kls','Broiler Starter Crumble 50 kls','',1,'BAG'),
 ('C-Corn','C-Corn','C-Corn','',1,'BAG'),
 ('Calcium Lactate ','Calcium Lactate ','Calcium Lactate ','',1,'BOX'),
 ('Calcium Lactate (pcs)','Calcium Lactate (pcs)','Calcium Lactate (pcs)','',1,'PIECES'),
 ('Calf Manna','Calf Manna','Calf Manna','',1,'BAG'),
 ('Cattle Concentrate','Cattle Concentrate','Cattle Concentrate','',1,'BAG'),
 ('CBM','Chick Booster Mash 25 kls','Chick Booster Mash 25 kls','',1,'BAG'),
 ('Cecical 200g','Cecical 200g','Cecical 200g','',1,'BOX'),
 ('CGM','Chicken Grower Mash 50 kls','Chicken Grower Mash 50 kls','',1,'BAG'),
 ('Choramphenicol 500g ','Choramphenicol 500g ','Choramphenicol 500g ','',1,'BOX'),
 ('Choramphenicol 500g (pcs)','Choramphenicol 500g (pcs)','Choramphenicol 500g (pcs)','',1,'PIECES'),
 ('Christine','Christine','Christine','',1,'BAG'),
 ('CLM','Chicken Layer Mash 50 kls','Chicken Layer Mash 50 kls','',1,'BAG'),
 ('Clm - Customized','Clm - Customized','Clm - Customized','',1,'BAG'),
 ('Combinex 40g','Combinex 40g','Combinex 40g','',1,'BOTTLE'),
 ('Combinex 86g','Combinex 86g','Combinex 86g','',1,'BOTTLE'),
 ('Complexor 3000 10ml','Complexor 3000 10ml','Complexor 3000 10ml','',1,'BOTTLE'),
 ('Copyrine 10ml','Copyrine 10ml','Copyrine 10ml','',1,'BOTTLE'),
 ('Corn #11','Corn #11','Corn #11','',1,'BAG'),
 ('Corn #12','Corn #12','Corn #12','',1,'BAG'),
 ('Corn #14','Corn #14','Corn #14','',1,'BAG'),
 ('CSM','Chick Starter Mash 50 kls','Chick Starter Mash 50 kls','',1,'BAG'),
 ('DCM 50ml','DCM 50ml','DCM 50ml','',1,'BOTTLE'),
 ('Dextrolyte 100ml','Dextrolyte 100ml','Dextrolyte 100ml','',1,'BOTTLE'),
 ('Disposable Syringe 10ml','Disposable Syringe 10ml','Disposable Syringe 10ml','',1,'PIECES'),
 ('Disposable Syringe 1ml','Disposable Syringe 1ml','Disposable Syringe 1ml','',1,'PIECES'),
 ('Disposable Syringe 2.5ml','Disposable Syringe 2.5ml','Disposable Syringe 2.5ml','',1,'PIECES'),
 ('Disposable Syringe 3ml','Disposable Syringe 3ml','Disposable Syringe 3ml','',1,'PIECES'),
 ('Disposable Syringe 5ml','Disposable Syringe 5ml','Disposable Syringe 5ml','',1,'PIECES'),
 ('Doxylak ( pcs )','Doxylak ( pcs )','Doxylak ( pcs )','',1,'PIECES'),
 ('Doxylak 100s','Doxylak 100s','Doxylak 100s','',1,'BOX'),
 ('Doxylak Forte 7g (pcs)','Doxylak Forte 7g (pcs)','Doxylak Forte 7g (pcs)','',1,'PIECES'),
 ('Doxylak Forte 7g x 48','Doxylak Forte 7g x 48','Doxylak Forte 7g x 48','',1,'BOX'),
 ('Electrogen D+ 20g (pcs)','Electrogen D+ 20g (pcs)','Electrogen D+ 20g (pcs)','',1,'PIECES'),
 ('Electrogen D+ 20g x 12','Electrogen D+ 20g x 12','Electrogen D+ 20g x 12','',1,'BOX'),
 ('Electrolyte Proto-lyte 250ml','Electrolyte Proto-lyte 250ml','Electrolyte Proto-lyte 250ml','',1,'BOTTLE'),
 ('FCC','Fighting Cock Concentrate 25kls','Fighting Cock Concentrate 25kls','',1,'BAG'),
 ('FCP','Fighting Cock Pellet','Fighting Cock Pellet','',1,'BAG'),
 ('Feeder Clay','Feeder Clay','Feeder Clay','',1,'PIECES'),
 ('Fine Corn','Fine Corn','Fine Corn','',1,'BAG'),
 ('FLYMAX 10g x 10','FLYMAX 10g x 10','FLYMAX 10g x 10','',1,'PIECES'),
 ('FRYBOOSTER','FRYBOOSTER','FRYBOOSTER','',1,'BAG'),
 ('FRYMASH','FRYMASH','FRYMASH','',1,'BAG'),
 ('Hammer (pcs)','Hammer (pcs)','Hammer (pcs)','',1,'PIECES'),
 ('Hammer 200s','Hammer 200s','Hammer 200s','',1,'BOX'),
 ('HCV','Hog Cholera Vaccine','Hog Cholera Vaccine','',1,'BOTTLE'),
 ('HFP','Hog Finisher Pellet','Hog Finisher Pellet','',1,'BAG'),
 ('HGP','Hog Grower Pellet','Hog Grower Pellet','',1,'BAG'),
 ('Honey ','Honey ','Honey ','',1,'BAG'),
 ('HSC','Hog Starter Crumble','Hog Starter Crumble','',1,'BAG'),
 ('Jectran Premium 100ml','Jectran Premium 100ml','Jectran Premium 100ml','',1,'BOTTLE'),
 ('Jectran Premium 10ml','Jectran Premium 10ml','Jectran Premium 10ml','',1,'BOTTLE'),
 ('Jectran Premium 20ml','Jectran Premium 20ml','Jectran Premium 20ml','',1,'BOTTLE'),
 ('KOI','KOI','KOI','',1,'BAG'),
 ('Latigo 1000 MD 10g (pcs)','Latigo 1000 MD 10g (pcs)','Latigo 1000 MD 10g (pcs)','',1,'PIECES'),
 ('Latigo 1000 MD 10g x 24','Latigo 1000 MD 10g x 24','Latigo 1000 MD 10g x 24','',1,'BOX'),
 ('Latigo 1000 SD 5g (pcs)','Latigo 1000 SD 5g (pcs)','Latigo 1000 SD 5g (pcs)','',1,'PIECES'),
 ('Latigo 1000 SD 5g x 48','Latigo 1000 SD 5g x 48','Latigo 1000 SD 5g x 48','',1,'BOX'),
 ('LDI-B12 (pcs)','LDI-B12 (pcs)','LDI-B12 (pcs)','',1,'PIECES'),
 ('LDI-B12 100s','LDI-B12 100s','LDI-B12 100s','',1,'BOX'),
 ('Linear Feeder','Linear Feeder','Linear Feeder','',1,'PIECES'),
 ('LSP','Litter Saver Pellet','Litter Saver Pellet','',1,'BAG'),
 ('Major D 20ml (pcs)','Major D 20ml (pcs)','Major D 20ml (pcs)','',1,'PIECES'),
 ('Major D 20ml x 30','Major D 20ml x 30','Major D 20ml x 30','',1,'BOX'),
 ('Mammavet 100ml','Mammavet 100ml','Mammavet 100ml','',1,'BOTTLE'),
 ('Mammavet 10ml','Mammavet 10ml','Mammavet 10ml','',1,'BOTTLE'),
 ('Milko Plus','Milko Plus','Milko Plus','',1,'PACK'),
 ('Multivitamins','Multivitamins','Multivitamins','',1,'BOX'),
 ('Multivitamins (pcs)','Multivitamins (pcs)','Multivitamins (pcs)','',1,'PIECES'),
 ('NBP','Nutri Big Pellet','Nutri Big Pellet','',1,'BAG'),
 ('NGP','Nutri Gro Pellet 50 kls','Nutri Gro Pellet 50 kls','',1,'BAG'),
 ('Nipple Drinker','Nipple Drinker','Nipple Drinker','',1,'PIECES'),
 ('NLB','Nutrilac Booster 1kg x 25','Nutrilac Booster 1kg x 25','',1,'BAG'),
 ('NLB-pack','NLB-pack','NLB-pack','',1,'PACK'),
 ('NLP','Nutrilac Pellet 1kg x 25','Nutrilac Pellet 1kg x 25','',1,'BAG'),
 ('NLP-KRAFT','NLP-KRAFT','NLP-KRAFT','',1,'BAG'),
 ('NLP-pack','NLP-pack','NLP-pack','',1,'PACK'),
 ('NSP','Nutri Start Pellet 50 kls','Nutri Start Pellet 50 kls','',1,'BAG'),
 ('Nutri Pro ','Nutri Pro ','Nutri Pro ','',1,'BAG'),
 ('Nutridrench 15ml','Nutridrench 15ml','Nutridrench 15ml','',1,'BOTTLE'),
 ('OLD NEWS','OLD NEWS','OLD NEWS','',1,''),
 ('PBC','Premium Bangus Crumble ','Premium Bangus Crumble ','',1,'BAG'),
 ('PBF','Premium Bangus Finisher','Premium Bangus Finisher','',1,'BAG'),
 ('PBG','Premium Bangus Grower','Premium Bangus Grower','',1,'BAG'),
 ('PBS','Premium Bangus Starter','Premium Bangus Starter','',1,'BAG'),
 ('PDP (o)','Pullet Developer Pellet ( ordinary )','Pullet Developer Pellet ( ordinary )','',1,'BAG'),
 ('PDP (s)','Pullet Developer Pellet (special)','Pullet Developer Pellet (special)','',1,'BAG'),
 ('PEP','Protein Expander Pellet','Protein Expander Pellet','',1,'BOX'),
 ('PGM','Pointing Grain Mix','Pointing Grain Mix','',1,''),
 ('PGP','Pigeon Pellet','Pigeon Pellet','',1,'BAG'),
 ('PGR','Pigeon Pellet Red','Pigeon Pellet Red','',1,'BAG'),
 ('Pidro 2.4g (pcs)','Pidro 2.4g (pcs)','Pidro 2.4g (pcs)','',1,'PIECES'),
 ('Pidro 2.4g x 50','Pidro 2.4g x 50','Pidro 2.4g x 50','',1,'BOX'),
 ('Pitocin 10ml','Pitocin 10ml','Pitocin 10ml','',1,'BOTTLE'),
 ('PPM','PPM','PPM','',1,'BOX'),
 ('PSP','Pregsow Pellet','Pregsow Pellet','',1,'BAG'),
 ('Pusham 10ml (pcs)','Pusham 10ml (pcs)','Pusham 10ml (pcs)','',1,'PIECES'),
 ('Pusham 10ml x 30','Pusham 10ml x 30','Pusham 10ml x 30','',1,'BOX'),
 ('RBS','Rabbit Fish Starter','Rabbit Fish Starter','',1,'BAG'),
 ('RED RICE','Red Rice','Red Rice','',1,'BAG'),
 ('Redbik 100ml','Redbik 100ml','Redbik 100ml','',1,'BOTTLE'),
 ('Redbik 10ml','Redbik 10ml','Redbik 10ml','',1,'BOTTLE'),
 ('Respigen 15','Respigen 15','Respigen 15','',1,'BOTTLE'),
 ('RFG','Rabbit Fish Grower','Rabbit Fish Grower','',1,'BAG'),
 ('Royal Crown','Royal Crown','Royal Crown','',1,'BAG'),
 ('Rubber Pot','Rubber Pot','Rubber Pot','',1,'PIECES'),
 ('SAKO','SAKO','SAKO','',1,'PIECES'),
 ('SBF','Surfer Bangus Finisher','Surfer Bangus Finisher','',1,'BAG'),
 ('SBG','Surfer Bangus Grower','Surfer Bangus Grower','',1,'BAG'),
 ('SBS','Surfer Bangus Starter','Surfer Bangus Starter','',1,'BAG'),
 ('SDP Mega 3000','SDP Mega 3000','SDP Mega 3000','',1,'BAG'),
 ('Slasher','Slasher','Slasher','',1,'BAG'),
 ('Slashertone','Slashertone','Slashertone','',1,'BAG'),
 ('STF','Surfer Tilapia Finisher','Surfer Tilapia Finisher','',1,'BAG'),
 ('STG','Surfer Tilapia Grower','Surfer Tilapia Grower','',1,'BAG'),
 ('STRESSKAPS','STRESSKAPS','STRESSKAPS','',1,'PACK'),
 ('Sulpyrine 100ml','Sulpyrine 100ml','Sulpyrine 100ml','',1,'BOTTLE'),
 ('Sustalin LA 100ml','Sustalin LA 100ml','Sustalin LA 100ml','',1,'BOTTLE'),
 ('Sustalin LA 10ml','Sustalin LA 10ml','Sustalin LA 10ml','',1,'BOTTLE'),
 ('Tahop ( mais )','Tahop ( mais )','Tahop ( mais )','',1,'BAG'),
 ('Texas','Texas','Texas','',1,'BAG'),
 ('THB Booster','THB Booster','THB Booster','',1,'BAG'),
 ('THB Booster-pack','THB Booster-pack','THB Booster-pack','',1,'PACK'),
 ('THB Developer','THB Developer','THB Developer','',1,'BAG'),
 ('THB Developer-pack','THB Developer-pack','THB Developer-pack','',1,'PACK'),
 ('THB Enertone','THB Enertone','THB Enertone','',1,'BAG'),
 ('THB Enertone-pack','THB Enertone-pack','THB Enertone-pack','',1,'PACK'),
 ('THB Hi-Lander','THB Hi-Lander','THB Hi-Lander','',1,'BAG'),
 ('THB Hi-Lander-pack','THB Hi-Lander-pack','THB Hi-Lander-pack','',1,'PACK'),
 ('THB Hi-Protein','THB Hi-Protein','THB Hi-Protein','',1,'BAG'),
 ('THB Hi-Protein-pack','THB Hi-Protein-pack','THB Hi-Protein-pack','',1,'PACK'),
 ('THB Multigrain','THB Multigrain','THB Multigrain','',1,'BAG'),
 ('THB Multigrain-pack','THB Multigrain-pack','THB Multigrain-pack','',1,'PACK'),
 ('THB Platinum','THB Platinum','THB Platinum','',1,'BAG'),
 ('THB Platinum-pack','THB Platinum-pack','THB Platinum-pack','',1,'PACK'),
 ('THB Successor','THB Successor','THB Successor','',1,'BAG'),
 ('THB Successor-pack','THB Successor-pack','THB Successor-pack','',1,'PACK'),
 ('TIC-TIC','TIC-TIC','TIC-TIC','',1,'BAG'),
 ('Tiki-Tiki','Tiki-Tiki','Tiki-Tiki','',1,'BAG'),
 ('TMP','Tuff Maintenance Pellet','Tuff Maintenance Pellet','',1,'BAG'),
 ('TMPS Pig Doser 120ml','TMPS Pig Doser 120ml','TMPS Pig Doser 120ml','',1,'BOX'),
 ('Trisulak 7g (pcs)','Trisulak 7g (pcs)','Trisulak 7g (pcs)','',1,'PIECES'),
 ('Trisulak 7g x 48','Trisulak 7g x 48','Trisulak 7g x 48','',1,'BOX'),
 ('True Grit ','True Grit','True Grit','',1,'BOX'),
 ('ubing','ubings','ubing','',1,'BAG'),
 ('V-22 200g','V-22 200g','V-22 200g','',1,'BOX'),
 ('V-22 Tablet 100 ','V-22 Tablet 100 ','V-22 Tablet 100 ','',1,'BOTTLE'),
 ('Valbazen 30ml','Valbazen 30ml','Valbazen 30ml','',1,'BOTTLE'),
 ('Vermex','Vermex','Vermex','',1,'BOX'),
 ('Vermex (pcs)','Vermex (pcs)','Vermex (pcs)','',1,'PIECES'),
 ('Vetracin Classic 5g (pcs)','Vetracin Classic 5g (pcs)','Vetracin Classic 5g (pcs)','',1,'PIECES'),
 ('Vetracin Classic 5g x 48 ','Vetracin Classic 5g x 48 ','Vetracin Classic 5g x 48 ','',1,'BOX'),
 ('Vetracin Gold 5g (pcs)','Vetracin Gold 5g (pcs)','Vetracin Gold 5g (pcs)','',1,'PIECES'),
 ('Vetracin Gold 5g x 48','Vetracin Gold 5g x 48','Vetracin Gold 5g x 48','',1,'BOX'),
 ('Vetracin Gold Capsule','Vetracin Gold Capsule','Vetracin Gold Capsule','',1,'BOX'),
 ('Vetracin Gold Capsule (pcs)','Vetracin Gold Capsule (pcs)','Vetracin Gold Capsule (pcs)','',1,'PIECES'),
 ('Vetracin Premium 5g (pcs)','Vetracin Premium 5g (pcs)','Vetracin Premium 5g (pcs)','',1,'PIECES'),
 ('Vetracin Premium 5g x 48','Vetracin Premium 5g x 48','Vetracin Premium 5g x 48','',1,'BOX'),
 ('Viminolak (pcs)','Viminolak (pcs)','Viminolak (pcs)','',1,'PIECES'),
 ('Viminolak 100s','Viminolak 100s','Viminolak 100s','',1,'BOX'),
 ('Vitafact 120gm','Vitafact 120gm','Vitafact 120gm','',1,'PACK'),
 ('Viton-500 10ml','Viton-500 10ml','Viton-500 10ml','',1,'BOTTLE'),
 ('Voltplex KQ','Voltplex KQ','Voltplex KQ','',1,'PIECES'),
 ('Waterer 1gal.','Waterer 1gal.','Waterer 1gal.','',1,'PIECES'),
 ('Wormal (pcs)','Wormal (pcs)','Wormal (pcs)','',1,'PIECES'),
 ('Wormal 100s','Wormal 100s','Wormal 100s','',1,'BOX');
/*!40000 ALTER TABLE `items_description` ENABLE KEYS */;


--
-- Definition of table `last_inventory`
--

DROP TABLE IF EXISTS `last_inventory`;
CREATE TABLE `last_inventory` (
  `item_id` int(10) unsigned DEFAULT NULL,
  `item_code` varchar(45) DEFAULT NULL,
  `beginning_balance` double(10,2) DEFAULT NULL,
  `ending_balance` double(10,2) DEFAULT NULL,
  `date` datetime DEFAULT NULL
) ENGINE=InnoDB DEFAULT CHARSET=latin1;

--
-- Dumping data for table `last_inventory`
--

/*!40000 ALTER TABLE `last_inventory` DISABLE KEYS */;
INSERT INTO `last_inventory` (`item_id`,`item_code`,`beginning_balance`,`ending_balance`,`date`) VALUES 
 (1,'CBM',5.00,6.00,'2011-12-13 15:57:39'),
 (2,'CSM',0.00,5.00,'2011-12-13 15:57:39'),
 (3,'CGM',8.00,5.00,'2011-12-13 15:57:39'),
 (4,'CLM',151.00,87.50,'2011-12-13 15:57:39'),
 (5,'BSC',15.00,14.00,'2011-12-13 15:57:39'),
 (6,'BFC',13.00,12.00,'2011-12-13 15:57:39'),
 (7,'Milko Plus',24.00,24.00,'2011-12-13 15:57:39'),
 (8,'NSP',102.00,99.50,'2011-12-13 15:57:39'),
 (9,'NGP',28.00,329.50,'2011-12-13 15:57:39'),
 (10,'NBP',394.00,368.00,'2011-12-13 15:57:39'),
 (11,'PSP',147.00,138.50,'2011-12-13 15:57:39'),
 (12,'LSP',195.00,163.50,'2011-12-13 15:57:39'),
 (13,'PGP',0.00,0.00,'2011-12-13 15:57:39'),
 (14,'PGR',5.00,4.00,'2011-12-13 15:57:39'),
 (15,'NLB',8.00,7.00,'2011-12-13 15:57:39'),
 (16,'NLB-pack',0.00,19.00,'2011-12-13 15:57:39'),
 (17,'NLP',63.00,47.00,'2011-12-13 15:57:39'),
 (18,'NLP-pack',0.00,-8.00,'2011-12-13 15:57:39'),
 (19,'HSC',2.00,1.00,'2011-12-13 15:57:39'),
 (20,'HGP',59.00,1.50,'2011-12-13 15:57:39'),
 (21,'HFP',14.00,-2.00,'2011-12-13 15:57:39'),
 (22,'PDP (s)',12.00,15.00,'2011-12-13 15:57:39'),
 (23,'PDP (o)',40.00,30.00,'2011-12-13 15:57:39'),
 (24,'7 Kinds',16.00,13.00,'2011-12-13 15:57:39'),
 (25,'Slasher',11.00,6.00,'2011-12-13 15:57:39'),
 (26,'C-Corn',57.00,42.00,'2011-12-13 15:57:39'),
 (27,'Christine',20.50,87.00,'2011-12-13 15:57:39'),
 (28,'RED RICE',19.00,19.50,'2011-12-13 15:57:39'),
 (29,'Royal Crown',141.50,131.50,'2011-12-13 15:57:39'),
 (30,'Honey ',585.00,549.50,'2011-12-13 15:57:39'),
 (31,'THB Booster',10.00,8.00,'2011-12-13 15:57:39'),
 (32,'THB Booster-pack',13.00,7.00,'2011-12-13 15:57:39'),
 (33,'THB Developer',10.00,7.00,'2011-12-13 15:57:39'),
 (34,'THB Developer-pack',12.00,3.00,'2011-12-13 15:57:39'),
 (35,'THB Enertone',12.00,19.00,'2011-12-13 15:57:39'),
 (36,'THB Enertone-pack',0.00,2.00,'2011-12-13 15:57:39'),
 (37,'THB Platinum',3.00,3.50,'2011-12-13 15:57:39'),
 (38,'THB Platinum-pack',0.00,9.00,'2011-12-13 15:57:39'),
 (39,'THB Hi-Protein',0.00,1.00,'2011-12-13 15:57:39'),
 (40,'THB Hi-Protein-pack',0.00,0.00,'2011-12-13 15:57:39'),
 (41,'THB Successor',0.00,0.00,'2011-12-13 15:57:39'),
 (42,'THB Successor-pack',0.00,16.00,'2011-12-13 15:57:39'),
 (43,'THB Multigrain',1.00,1.00,'2011-12-13 15:57:39'),
 (44,'THB Multigrain-pack',0.00,0.00,'2011-12-13 15:57:39'),
 (45,'THB Hi-Lander',0.00,0.00,'2011-12-13 15:57:39'),
 (46,'THB Hi-Lander-pack',0.00,0.00,'2011-12-13 15:57:39'),
 (47,'FRYMASH',9.00,9.00,'2011-12-13 15:57:39'),
 (48,'PBC',1.00,21.00,'2011-12-13 15:57:39'),
 (49,'PBS',0.00,9.00,'2011-12-13 15:57:39'),
 (50,'PBG',4.00,0.00,'2011-12-13 15:57:39'),
 (51,'PBF',4.00,4.00,'2011-12-13 15:57:39'),
 (52,'SBS',0.00,43.00,'2011-12-13 15:57:39'),
 (53,'SBG',0.00,2.00,'2011-12-13 15:57:39'),
 (54,'SBF',1.00,31.00,'2011-12-13 15:57:39'),
 (55,'Apralyte 6g x 48',0.00,13.50,'2011-12-13 15:57:39'),
 (56,'Apralyte 6g (pcs)',0.00,12.00,'2011-12-13 15:57:39'),
 (57,'Bacterid 100ml',0.00,0.00,'2011-12-13 15:57:39'),
 (58,'Bacterid 10ml',0.00,0.00,'2011-12-13 15:57:39'),
 (59,'Baxidil SE 6g x 48',0.00,0.00,'2011-12-13 15:57:39'),
 (60,'Baxidil SE 6g (pcs)',0.00,0.00,'2011-12-13 15:57:39'),
 (61,'Baxidil 7g x 48',0.00,0.00,'2011-12-13 15:57:39'),
 (62,'Baxidil 7g (pcs)',0.00,0.00,'2011-12-13 15:57:39'),
 (63,'Bexan SP 100ml',0.00,0.00,'2011-12-13 15:57:39'),
 (64,'Bexan SP 10ml',0.00,0.00,'2011-12-13 15:57:39'),
 (65,'Bexan SP 20ml',0.00,0.00,'2011-12-13 15:57:39'),
 (66,'Bexan XP 100ml',0.00,0.00,'2011-12-13 15:57:39'),
 (67,'Bexan XP 20ml',0.00,0.00,'2011-12-13 15:57:39'),
 (68,'Bexan XP 10ml',0.00,0.00,'2011-12-13 15:57:39'),
 (69,'Electrogen D+ 20g x 12',0.00,0.00,'2011-12-13 15:57:39'),
 (70,'Electrogen D+ 20g (pcs)',0.00,0.00,'2011-12-13 15:57:39'),
 (71,'Jectran Premium 100ml',0.00,0.00,'2011-12-13 15:57:39'),
 (72,'Jectran Premium 20ml',0.00,5.00,'2011-12-13 15:57:39'),
 (73,'Jectran Premium 10ml',8.00,5.00,'2011-12-13 15:57:39'),
 (74,'Latigo 1000 SD 5g x 48',0.00,13.00,'2011-12-13 15:57:39'),
 (75,'Latigo 1000 SD 5g (pcs)',0.00,0.00,'2011-12-13 15:57:39'),
 (76,'Latigo 1000 MD 10g x 24',0.00,0.00,'2011-12-13 15:57:39'),
 (77,'Latigo 1000 MD 10g (pcs)',0.00,12.00,'2011-12-13 15:57:39'),
 (78,'Major D 20ml x 30',0.00,0.00,'2011-12-13 15:57:39'),
 (79,'Major D 20ml (pcs)',0.00,0.00,'2011-12-13 15:57:39'),
 (80,'Mammavet 100ml',0.00,0.00,'2011-12-13 15:57:39'),
 (81,'Mammavet 10ml',0.00,0.00,'2011-12-13 15:57:39'),
 (82,'Sustalin LA 100ml',0.00,0.00,'2011-12-13 15:57:39'),
 (83,'Sustalin LA 10ml',0.00,0.00,'2011-12-13 15:57:39'),
 (84,'Vetracin Classic 5g x 48 ',0.00,-0.50,'2011-12-13 15:57:39'),
 (85,'Vetracin Classic 5g (pcs)',0.00,0.00,'2011-12-13 15:57:39'),
 (86,'Vetracin Gold 5g x 48',0.00,12.50,'2011-12-13 15:57:39'),
 (87,'Vetracin Gold 5g (pcs)',46.00,22.00,'2011-12-13 15:57:39'),
 (88,'Vetracin Gold Capsule',0.00,0.00,'2011-12-13 15:57:39'),
 (89,'Vetracin Gold Capsule (pcs)',8.00,8.00,'2011-12-13 15:57:39'),
 (90,'Vetracin Premium 5g x 48',0.00,-0.50,'2011-12-13 15:57:39'),
 (91,'Vetracin Premium 5g (pcs)',0.00,36.00,'2011-12-13 15:57:39'),
 (92,'Viton-500 10ml',0.00,0.00,'2011-12-13 15:57:39'),
 (93,'Cecical 200g',2.00,57.00,'2011-12-13 15:57:39'),
 (94,'Pidro 2.4g x 50',3.00,8.00,'2011-12-13 15:57:39'),
 (95,'Pidro 2.4g (pcs)',0.00,26.00,'2011-12-13 15:57:39'),
 (96,'V-22 200g',0.00,0.00,'2011-12-13 15:57:39'),
 (97,'V-22 Tablet 100 ',0.00,10.00,'2011-12-13 15:57:39'),
 (98,'DCM 50ml',0.00,0.00,'2011-12-13 15:57:39'),
 (99,'Redbik 100ml',0.00,0.00,'2011-12-13 15:57:39'),
 (100,'Redbik 10ml',0.00,0.00,'2011-12-13 15:57:39'),
 (101,'TMPS Pig Doser 120ml',0.00,0.00,'2011-12-13 15:57:39'),
 (102,'Amtyl 500 100s',0.00,0.00,'2011-12-13 15:57:39'),
 (103,'Amtyl 500 (pcs)',0.00,69.00,'2011-12-13 15:57:39'),
 (104,'B-50 Forteen 200s',1.00,3.00,'2011-12-13 15:57:39'),
 (105,'B-50 Forteen (pcs)',128.00,67.00,'2011-12-13 15:57:39'),
 (106,'Belamyl 100ml',0.00,10.00,'2011-12-13 15:57:39'),
 (107,'Belamyl 20ml',0.00,0.00,'2011-12-13 15:57:39'),
 (108,'Belamyl 10ml',0.00,0.00,'2011-12-13 15:57:39'),
 (109,'Belamyl 50ml',0.00,0.00,'2011-12-13 15:57:39'),
 (110,'Calcium Lactate ',3.00,2.00,'2011-12-13 15:57:39'),
 (111,'Calcium Lactate (pcs)',43.00,37.00,'2011-12-13 15:57:39'),
 (112,'Choramphenicol 500g ',0.00,0.00,'2011-12-13 15:57:39'),
 (113,'Choramphenicol 500g (pcs)',0.00,0.00,'2011-12-13 15:57:39'),
 (114,'Combinex 40g',0.00,0.00,'2011-12-13 15:57:39'),
 (115,'Combinex 86g',9.00,9.00,'2011-12-13 15:57:39'),
 (116,'Dextrolyte 100ml',0.00,0.00,'2011-12-13 15:57:39'),
 (117,'Disposable Syringe 10ml',0.00,0.00,'2011-12-13 15:57:39'),
 (118,'Disposable Syringe 5ml',0.00,0.00,'2011-12-13 15:57:39'),
 (119,'Disposable Syringe 3ml',0.00,0.00,'2011-12-13 15:57:39'),
 (120,'Disposable Syringe 2.5ml',0.00,0.00,'2011-12-13 15:57:39'),
 (121,'Disposable Syringe 1ml',0.00,0.00,'2011-12-13 15:57:39'),
 (122,'Doxylak Forte 7g x 48',0.00,0.00,'2011-12-13 15:57:39'),
 (123,'Doxylak Forte 7g (pcs)',0.00,0.00,'2011-12-13 15:57:39'),
 (124,'Electrolyte Proto-lyte 250ml',0.00,0.00,'2011-12-13 15:57:39'),
 (125,'Hammer 200s',0.00,0.00,'2011-12-13 15:57:39'),
 (126,'Hammer (pcs)',0.00,0.00,'2011-12-13 15:57:39'),
 (127,'LDI-B12 100s',0.00,0.00,'2011-12-13 15:57:39'),
 (128,'LDI-B12 (pcs)',0.00,0.00,'2011-12-13 15:57:39'),
 (129,'Multivitamins',1.00,0.00,'2011-12-13 15:57:39'),
 (130,'Multivitamins (pcs)',0.00,44.00,'2011-12-13 15:57:39'),
 (131,'Nutridrench 15ml',3.00,3.00,'2011-12-13 15:57:39'),
 (132,'Trisulak 7g x 48',0.00,0.00,'2011-12-13 15:57:39'),
 (133,'Trisulak 7g (pcs)',0.00,0.00,'2011-12-13 15:57:39'),
 (134,'Viminolak 100s',0.00,2.00,'2011-12-13 15:57:39'),
 (135,'Viminolak (pcs)',0.00,0.00,'2011-12-13 15:57:39'),
 (136,'B-12 AAFEES',4.00,14.00,'2011-12-13 15:57:39'),
 (137,'Wormal 100s',0.00,0.00,'2011-12-13 15:57:39'),
 (138,'Wormal (pcs)',0.00,70.00,'2011-12-13 15:57:39'),
 (139,'Complexor 3000 10ml',0.00,0.00,'2011-12-13 15:57:39'),
 (140,'Pusham 10ml x 30',0.00,0.00,'2011-12-13 15:57:39'),
 (141,'Pusham 10ml (pcs)',0.00,0.00,'2011-12-13 15:57:39'),
 (142,'Tiki-Tiki',14.00,15.00,'2011-12-13 15:57:39'),
 (143,'FCP',0.00,2.00,'2011-12-13 15:57:39'),
 (144,'FCC',2.00,2.00,'2011-12-13 15:57:39'),
 (145,'KOI',0.00,100.00,'2011-12-13 15:57:39'),
 (146,'Fine Corn',1.00,1.00,'2011-12-13 15:57:39'),
 (147,'RFG',0.00,0.00,'2011-12-13 15:57:39'),
 (148,'FRYBOOSTER',0.00,0.00,'2011-12-13 15:57:39'),
 (149,'Slashertone',0.00,0.00,'2011-12-13 15:57:39'),
 (150,'Vermex',0.00,0.00,'2011-12-13 15:57:39'),
 (151,'Vermex (pcs)',0.00,20.00,'2011-12-13 15:57:39'),
 (152,'PEP',0.00,44.00,'2011-12-13 15:57:39'),
 (153,'TMP',0.00,0.00,'2011-12-13 15:57:39'),
 (154,'Cattle Concentrate',2.00,2.00,'2011-12-13 15:57:39'),
 (155,'STF',0.00,0.00,'2011-12-13 15:57:39');
/*!40000 ALTER TABLE `last_inventory` ENABLE KEYS */;


--
-- Definition of table `manufacturers`
--

DROP TABLE IF EXISTS `manufacturers`;
CREATE TABLE `manufacturers` (
  `manufacturers_id` int(10) unsigned NOT NULL AUTO_INCREMENT,
  `manufacturers_name` varchar(45) NOT NULL,
  `manufacturers_add` varchar(45) NOT NULL,
  `manufacturers_number` varchar(45) NOT NULL,
  PRIMARY KEY (`manufacturers_id`) USING BTREE
) ENGINE=InnoDB AUTO_INCREMENT=13 DEFAULT CHARSET=latin1;

--
-- Dumping data for table `manufacturers`
--

/*!40000 ALTER TABLE `manufacturers` DISABLE KEYS */;
INSERT INTO `manufacturers` (`manufacturers_id`,`manufacturers_name`,`manufacturers_add`,`manufacturers_number`) VALUES 
 (4,'UNIFEEDS','CEBU',''),
 (5,'UNIVET','Mandaluyong City, Philippines',''),
 (6,'STG','',''),
 (7,'TATHE','',''),
 (8,'THB','',''),
 (9,'BELMAN','',''),
 (10,'TRYCO','',''),
 (11,'EXCELLENCE','',''),
 (12,'SAGUPAAN','','');
/*!40000 ALTER TABLE `manufacturers` ENABLE KEYS */;


--
-- Definition of table `municipal_agent`
--

DROP TABLE IF EXISTS `municipal_agent`;
CREATE TABLE `municipal_agent` (
  `agent_id` int(10) unsigned DEFAULT NULL,
  `municipal_id` varchar(45) DEFAULT NULL
) ENGINE=InnoDB DEFAULT CHARSET=latin1;

--
-- Dumping data for table `municipal_agent`
--

/*!40000 ALTER TABLE `municipal_agent` DISABLE KEYS */;
INSERT INTO `municipal_agent` (`agent_id`,`municipal_id`) VALUES 
 (3,'9'),
 (3,'10'),
 (3,'11'),
 (3,'12'),
 (5,'6'),
 (2,'5'),
 (2,'7'),
 (2,'8'),
 (2,'14'),
 (4,'13'),
 (4,'15'),
 (4,'16'),
 (4,'17'),
 (5,'21'),
 (5,'20'),
 (5,'22'),
 (1,'3'),
 (1,'4'),
 (1,'1'),
 (1,'2');
/*!40000 ALTER TABLE `municipal_agent` ENABLE KEYS */;


--
-- Definition of table `municipalities`
--

DROP TABLE IF EXISTS `municipalities`;
CREATE TABLE `municipalities` (
  `municipal_id` int(10) unsigned NOT NULL AUTO_INCREMENT,
  `municipal_name` varchar(45) NOT NULL,
  PRIMARY KEY (`municipal_id`) USING BTREE
) ENGINE=InnoDB AUTO_INCREMENT=23 DEFAULT CHARSET=latin1;

--
-- Dumping data for table `municipalities`
--

/*!40000 ALTER TABLE `municipalities` DISABLE KEYS */;
INSERT INTO `municipalities` (`municipal_id`,`municipal_name`) VALUES 
 (1,'CALAPE'),
 (2,'TUBIGON'),
 (3,'CLARIN'),
 (4,'LOON'),
 (5,'UBAY'),
 (6,'SAGBAYAN'),
 (7,'BIEN UNIDO'),
 (8,'TRINIDAD'),
 (9,'TALIBON'),
 (10,'INABANGGA'),
 (11,'BUENAVISTA'),
 (12,'JETAFE'),
 (13,'CARMEN'),
 (14,'SAN MIGUEL'),
 (15,'BILAR'),
 (16,'BATUAN'),
 (17,'DAGOHOY'),
 (18,'S-BULLONES'),
 (19,'SAN ISIDRO'),
 (20,'DANAO'),
 (21,'CATIGBI-AN'),
 (22,'BALILIHAN');
/*!40000 ALTER TABLE `municipalities` ENABLE KEYS */;


--
-- Definition of table `payment`
--

DROP TABLE IF EXISTS `payment`;
CREATE TABLE `payment` (
  `payment_id` int(10) unsigned NOT NULL AUTO_INCREMENT,
  `customer_id` int(10) unsigned DEFAULT NULL,
  `amount` double(2,2) NOT NULL,
  `date_of_payment` datetime NOT NULL,
  `remarks` varchar(45) NOT NULL,
  PRIMARY KEY (`payment_id`)
) ENGINE=InnoDB DEFAULT CHARSET=latin1;

--
-- Dumping data for table `payment`
--

/*!40000 ALTER TABLE `payment` DISABLE KEYS */;
/*!40000 ALTER TABLE `payment` ENABLE KEYS */;


--
-- Definition of table `payment_records`
--

DROP TABLE IF EXISTS `payment_records`;
CREATE TABLE `payment_records` (
  `id` int(10) unsigned NOT NULL AUTO_INCREMENT,
  `sales_order_no` varchar(45) DEFAULT NULL,
  `amount` double(10,2) DEFAULT NULL,
  `balance` double(10,2) DEFAULT NULL,
  `payment_date` datetime DEFAULT NULL,
  `remarks` varchar(45) DEFAULT NULL,
  PRIMARY KEY (`id`)
) ENGINE=InnoDB AUTO_INCREMENT=284 DEFAULT CHARSET=latin1;

--
-- Dumping data for table `payment_records`
--

/*!40000 ALTER TABLE `payment_records` DISABLE KEYS */;
INSERT INTO `payment_records` (`id`,`sales_order_no`,`amount`,`balance`,`payment_date`,`remarks`) VALUES 
 (1,'SO-000003',0.00,1450.00,'2011-11-22 00:00:00',''),
 (2,'SO-0000049',2270.00,3455.00,'2011-11-26 00:00:00',''),
 (3,'SO-00000226',3540.00,0.00,'2011-12-01 00:00:00','fully paid'),
 (4,'SO-0000055',18151.95,0.00,'2011-12-01 00:00:00','fully paid'),
 (5,'SO-0000063',51430.00,0.00,'2011-12-02 00:00:00','fully paid'),
 (6,'SO-00000219',3285.00,0.00,'2011-12-02 00:00:00','fully paid'),
 (7,'SO-0000048',51785.00,0.00,'2011-12-02 00:00:00','fully paid'),
 (8,'SO-0000050',990.00,0.00,'2011-12-02 00:00:00','fully paid'),
 (9,'SO-0000051',4495.00,0.00,'2011-12-02 00:00:00','fully paid'),
 (10,'SO-0000052',0.00,5660.00,'2011-12-02 00:00:00',''),
 (11,'SO-0000052',5660.00,0.00,'2011-12-02 00:00:00','fully paid'),
 (12,'SO-0000054',3750.00,202.80,'2011-12-02 00:00:00',''),
 (13,'SO-0000057',4540.00,0.00,'2011-12-02 00:00:00','fully paid'),
 (14,'SO-0000054',202.80,3750.00,'2011-12-02 00:00:00','fully paid'),
 (15,'SO-0000046',2200.00,0.00,'2011-12-02 00:00:00','fully paid'),
 (16,'SO-0000047',6030.00,0.00,'2011-12-02 00:00:00','fully paid'),
 (17,'SO-0000059',3225.00,0.00,'2011-12-02 00:00:00','fully paid'),
 (18,'SO-0000061',3300.00,0.00,'2011-12-02 00:00:00','fully paid'),
 (19,'SO-0000060',4420.00,0.00,'2011-12-02 00:00:00','fully paid'),
 (20,'SO-000001',3465.00,0.00,'2011-12-02 00:00:00','fully paid'),
 (21,'SO-000007',1470.00,0.00,'2011-12-02 00:00:00','fully paid'),
 (22,'SO-0000032',3270.00,0.00,'2011-12-02 00:00:00','fully paid'),
 (23,'SO-0000014',2250.00,0.00,'2011-12-02 00:00:00','fully paid'),
 (24,'SO-0000028',6505.00,0.00,'2011-12-02 00:00:00','fully paid'),
 (25,'SO-000005',1450.00,0.00,'2011-12-02 00:00:00',''),
 (26,'SO-0000043',5927.00,0.00,'2011-12-02 00:00:00',''),
 (27,'SO-0000019',3525.00,0.00,'2011-12-02 00:00:00',''),
 (28,'SO-0000024',4600.00,0.00,'2011-12-02 00:00:00',''),
 (29,'SO-0000012',10160.00,0.00,'2011-12-02 00:00:00',''),
 (30,'SO-0000010',2140.00,0.00,'2011-12-02 00:00:00',''),
 (31,'SO-0000023',6900.00,0.00,'2011-12-02 00:00:00',''),
 (32,'SO-0000062',4410.00,0.00,'2011-12-02 00:00:00',''),
 (33,'SO-0000072',2230.00,0.00,'2011-12-02 00:00:00',''),
 (34,'SO-0000071',2940.00,0.00,'2011-12-02 00:00:00',''),
 (35,'SO-0000066',1470.00,0.00,'2011-12-02 00:00:00',''),
 (36,'SO-000006',12445.00,0.00,'2011-12-02 00:00:00',''),
 (37,'SO-0000064',2615.00,0.00,'2011-12-02 00:00:00',''),
 (38,'SO-0000065',2210.00,0.00,'2011-12-02 00:00:00',''),
 (39,'SO-0000039',1520.00,0.00,'2011-12-02 00:00:00',''),
 (40,'SO-0000038',5220.00,0.00,'2011-12-02 00:00:00',''),
 (41,'SO-0000037',1470.00,0.00,'2011-12-02 00:00:00',''),
 (42,'SO-0000036',2940.00,0.00,'2011-12-02 00:00:00',''),
 (43,'SO-0000035',3420.00,0.00,'2011-12-02 00:00:00',''),
 (44,'SO-00000220',1470.00,0.00,'2011-12-02 00:00:00',''),
 (45,'SO-00000223',1470.00,0.00,'2011-12-02 00:00:00',''),
 (46,'SO-00000174',13150.00,0.00,'2011-12-02 00:00:00',''),
 (47,'SO-00000218',3465.00,0.00,'2011-12-02 00:00:00',''),
 (48,'SO-00000158',4850.00,0.00,'2011-12-02 00:00:00',''),
 (49,'SO-00000160',4735.00,0.00,'2011-12-02 00:00:00',''),
 (50,'SO-00000161',2330.00,0.00,'2011-12-02 00:00:00',''),
 (51,'SO-00000163',3040.00,0.00,'2011-12-02 00:00:00',''),
 (52,'SO-00000164',2545.00,0.00,'2011-12-02 00:00:00',''),
 (53,'SO-00000165',6600.00,0.00,'2011-12-02 00:00:00',''),
 (54,'SO-00000166',5375.00,0.00,'2011-12-02 00:00:00',''),
 (55,'SO-00000167',2940.00,0.00,'2011-12-02 00:00:00',''),
 (56,'SO-00000214',5475.00,0.00,'2011-12-02 00:00:00',''),
 (57,'SO-00000141',6447.00,0.00,'2011-12-02 00:00:00',''),
 (58,'SO-00000140',2180.00,0.00,'2011-12-02 00:00:00',''),
 (59,'SO-00000173',24740.00,0.00,'2011-12-03 00:00:00',''),
 (60,'SO-00000105',30210.00,0.00,'2011-12-03 00:00:00','fully paid'),
 (61,'SO-0000033',29170.00,0.00,'2011-12-03 00:00:00','fully paid'),
 (62,'SO-00000147',7875.00,0.00,'2011-12-03 00:00:00','wrong entry. .'),
 (63,'SO-00000170',7875.00,0.00,'2011-12-03 00:00:00',''),
 (64,'SO-00000175',2240.00,0.00,'2011-12-03 00:00:00',''),
 (65,'SO-0000026',5999.00,0.00,'2011-12-03 00:00:00',''),
 (66,'SO-0000016',13930.00,0.00,'2011-12-03 00:00:00',''),
 (67,'SO-00000137',8464.00,0.00,'2011-12-03 00:00:00','LESS 3 FRYMASH 960 = 7504'),
 (68,'SO-00000106',2245.00,0.00,'2011-12-05 00:00:00',''),
 (69,'SO-0000034',13900.00,0.00,'2011-12-05 00:00:00',''),
 (70,'SO-00000114',6630.00,0.00,'2011-12-05 00:00:00',''),
 (71,'SO-0000076',29370.00,0.00,'2011-12-05 00:00:00',''),
 (72,'SO-00000298',8820.00,0.00,'2011-12-05 00:00:00',''),
 (73,'SO-00000346',27160.00,0.00,'2011-12-05 00:00:00',''),
 (74,'SO-00000268',13300.00,0.00,'2011-12-05 00:00:00',''),
 (75,'SO-00000155',8760.00,0.00,'2011-12-05 00:00:00',''),
 (76,'SO-00000447',1155.00,0.00,'2011-12-05 00:00:00','wrong order dapat gro. .'),
 (77,'SO-00000435',10180.00,0.00,'2011-12-06 00:00:00',''),
 (78,'SO-00000436',2210.00,0.00,'2011-12-06 00:00:00',''),
 (79,'SO-00000446',3729.00,0.00,'2011-12-06 00:00:00',''),
 (80,'SO-00000438',7230.00,0.00,'2011-12-06 00:00:00',''),
 (81,'SO-00000439',5170.00,0.00,'2011-12-06 00:00:00',''),
 (82,'SO-00000440',5475.00,0.00,'2011-12-06 00:00:00',''),
 (83,'SO-00000441',7695.00,0.00,'2011-12-06 00:00:00',''),
 (84,'SO-00000442',3680.00,0.00,'2011-12-06 00:00:00',''),
 (85,'SO-00000443',2940.00,0.00,'2011-12-06 00:00:00',''),
 (86,'SO-00000271',1145.00,0.00,'2011-12-06 00:00:00',''),
 (87,'SO-0000072',0.00,2230.00,'2011-12-06 00:00:00',''),
 (88,'SO-00000167',0.00,2940.00,'2011-12-06 00:00:00',''),
 (89,'SO-0000022',5525.00,0.00,'2011-12-06 00:00:00',''),
 (90,'SO-00000160',0.00,4735.00,'2011-12-06 00:00:00',''),
 (91,'SO-00000348',2200.00,0.00,'2011-12-06 00:00:00',''),
 (92,'SO-0000031',4390.00,0.00,'2011-12-06 00:00:00',''),
 (93,'SO-00000162',8840.00,0.00,'2011-12-06 00:00:00',''),
 (94,'SO-0000071',0.00,2940.00,'2011-12-06 00:00:00',''),
 (95,'SO-0000043',0.00,5927.00,'2011-12-06 00:00:00',''),
 (96,'SO-00000165',0.00,6600.00,'2011-12-06 00:00:00',''),
 (97,'SO-0000046',0.00,2200.00,'2011-12-06 00:00:00',''),
 (98,'SO-00000289',4355.00,0.00,'2011-12-06 00:00:00',''),
 (99,'SO-00000218',0.00,3465.00,'2011-12-06 00:00:00',''),
 (100,'SO-000001',0.00,3465.00,'2011-12-06 00:00:00',''),
 (101,'SO-00000435',0.00,10180.00,'2011-12-06 00:00:00',''),
 (102,'SO-00000164',0.00,2545.00,'2011-12-06 00:00:00',''),
 (103,'SO-00000448',1125.00,0.00,'2011-12-06 00:00:00',''),
 (104,'SO-00000387',15370.00,0.00,'2011-12-06 00:00:00',''),
 (105,'SO-00000152',15250.00,0.00,'2011-12-06 00:00:00',''),
 (106,'SO-00000477',14175.00,0.00,'2011-12-06 00:00:00',''),
 (107,'SO-00000349',2940.00,0.00,'2011-12-06 00:00:00',''),
 (108,'SO-00000144',7080.00,0.00,'2011-12-06 00:00:00',''),
 (109,'SO-00000146',15602.80,0.00,'2011-12-06 00:00:00',''),
 (110,'SO-00000213',13995.00,0.00,'2011-12-06 00:00:00',''),
 (111,'SO-00000145',9960.00,0.00,'2011-12-06 00:00:00',''),
 (112,'SO-00000353',23890.00,0.00,'2011-12-07 00:00:00',''),
 (113,'SO-00000501',4460.00,0.00,'2011-12-07 00:00:00',''),
 (114,'SO-00000502',2940.00,0.00,'2011-12-07 00:00:00',''),
 (115,'SO-00000503',5410.00,0.00,'2011-12-07 00:00:00',''),
 (116,'SO-00000504',6650.00,0.00,'2011-12-07 00:00:00',''),
 (117,'SO-00000505',1470.00,0.00,'2011-12-07 00:00:00',''),
 (118,'SO-00000104',1470.00,0.00,'2011-12-07 00:00:00',''),
 (119,'SO-0000037',0.00,1470.00,'2011-12-07 00:00:00',''),
 (120,'SO-00000104',0.00,1470.00,'2011-12-07 00:00:00',''),
 (121,'SO-0000039',0.00,1520.00,'2011-12-07 00:00:00',''),
 (122,'SO-0000097',2940.00,0.00,'2011-12-07 00:00:00',''),
 (123,'SO-0000036',0.00,2940.00,'2011-12-07 00:00:00',''),
 (124,'SO-0000099',1140.00,2280.00,'2011-12-07 00:00:00',''),
 (125,'SO-0000099',2280.00,1140.00,'2011-12-07 00:00:00',''),
 (126,'SO-0000033',0.00,29170.00,'2011-12-07 00:00:00',''),
 (127,'SO-00000105',0.00,30210.00,'2011-12-07 00:00:00',''),
 (128,'SO-00000296',17970.00,0.00,'2011-12-07 00:00:00',''),
 (129,'SO-00000388',97370.00,0.00,'2011-12-07 00:00:00',''),
 (130,'SO-00000156',90090.00,0.00,'2011-12-07 00:00:00',''),
 (131,'SO-00000101',7170.00,0.00,'2011-12-07 00:00:00',''),
 (132,'SO-00000101',0.00,7170.00,'2011-12-07 00:00:00',''),
 (133,'SO-00000270',6630.00,0.00,'2011-12-07 00:00:00',''),
 (134,'SO-00000168',11705.00,0.00,'2011-12-07 00:00:00',''),
 (135,'SO-00000217',1135.00,0.00,'2011-12-07 00:00:00',''),
 (136,'SO-00000212',4155.00,8000.00,'2011-12-07 00:00:00',''),
 (137,'SO-00000157',21255.00,0.00,'2011-12-07 00:00:00',''),
 (138,'SO-0000067',2055.00,2000.00,'2011-12-07 00:00:00',''),
 (139,'SO-0000067',2000.00,2055.00,'2011-12-07 00:00:00',''),
 (140,'SO-0000069',24015.00,0.00,'2011-12-07 00:00:00',''),
 (141,'SO-0000077',119145.00,0.00,'2011-12-07 00:00:00',''),
 (142,'SO-00000507',4454.00,0.00,'2011-12-07 00:00:00',''),
 (143,'SO-00000269',42490.00,0.00,'2011-12-07 00:00:00',''),
 (144,'SO-00000513',5725.00,0.00,'2011-12-07 00:00:00',''),
 (145,'SO-00000514',2400.00,0.00,'2011-12-07 00:00:00',''),
 (146,'SO-00000512',4359.00,0.00,'2011-12-07 00:00:00',''),
 (147,'SO-00000134',17400.00,0.00,'2011-12-07 00:00:00',''),
 (148,'SO-00000158',0.00,4850.00,'2011-12-07 00:00:00',''),
 (149,'SO-0000047',0.00,6030.00,'2011-12-07 00:00:00',''),
 (150,'SO-00000479',6690.00,0.00,'2011-12-07 00:00:00',''),
 (151,'SO-00000480',2150.00,0.00,'2011-12-07 00:00:00',''),
 (152,'SO-00000481',1145.00,0.00,'2011-12-07 00:00:00',''),
 (153,'SO-0000064',0.00,2615.00,'2011-12-07 00:00:00',''),
 (154,'SO-00000220',0.00,1470.00,'2011-12-07 00:00:00',''),
 (155,'SO-00000506',2235.00,0.00,'2011-12-07 00:00:00',''),
 (156,'SO-00000495',3315.00,0.00,'2011-12-07 00:00:00',''),
 (157,'SO-00000508',2230.00,0.00,'2011-12-07 00:00:00',''),
 (158,'SO-00000214',0.00,5475.00,'2011-12-07 00:00:00',''),
 (159,'SO-0000014',0.00,2250.00,'2011-12-07 00:00:00',''),
 (160,'SO-00000510',1450.00,0.00,'2011-12-07 00:00:00',''),
 (161,'SO-000005',0.00,1450.00,'2011-12-07 00:00:00',''),
 (162,'SO-00000514',0.00,2400.00,'2011-12-07 00:00:00',''),
 (163,'SO-00000445',24150.00,0.00,'2011-12-07 00:00:00',''),
 (164,'SO-0000063',0.00,51430.00,'2011-12-07 00:00:00',''),
 (165,'SO-0000042',2210.00,0.00,'2011-12-07 00:00:00',''),
 (166,'SO-0000041',11810.00,0.00,'2011-12-07 00:00:00',''),
 (167,'SO-00000139',10380.00,0.00,'2011-12-07 00:00:00',''),
 (168,'SO-00000159',28.00,5709.80,'2011-12-07 00:00:00',''),
 (169,'SO-0000028',0.00,6505.00,'2011-12-07 00:00:00',''),
 (170,'SO-00000141',0.00,6447.00,'2011-12-07 00:00:00',''),
 (171,'SO-00000141',0.00,6447.00,'2011-12-07 00:00:00',''),
 (172,'SO-00000141',6447.00,0.00,'2011-12-07 00:00:00',''),
 (173,'SO-0000059',0.00,3225.00,'2011-12-07 00:00:00',''),
 (174,'SO-0000059',0.00,3225.00,'2011-12-07 00:00:00',''),
 (175,'SO-00000528',3465.00,0.00,'2011-12-08 00:00:00',''),
 (176,'SO-0000065',0.00,2210.00,'2011-12-08 00:00:00',''),
 (177,'SO-00000161',0.00,2330.00,'2011-12-08 00:00:00',''),
 (178,'SO-00000534',3335.00,0.00,'2011-12-08 00:00:00',''),
 (179,'SO-00000527',2940.00,0.00,'2011-12-08 00:00:00',''),
 (180,'SO-0000066',0.00,1470.00,'2011-12-08 00:00:00',''),
 (181,'SO-000007',0.00,1470.00,'2011-12-08 00:00:00',''),
 (182,'SO-0000066',0.00,1470.00,'2011-12-08 00:00:00',''),
 (183,'SO-00000535',2210.00,0.00,'2011-12-08 00:00:00',''),
 (184,'SO-00000535',0.00,2210.00,'2011-12-08 00:00:00',''),
 (185,'SO-000007',0.00,1470.00,'2011-12-08 00:00:00',''),
 (186,'SO-0000066',0.00,1470.00,'2011-12-08 00:00:00',''),
 (187,'SO-0000066',0.00,1470.00,'2011-12-08 00:00:00',''),
 (188,'SO-00000297',2940.00,0.00,'2011-12-08 00:00:00',''),
 (189,'SO-0000066',0.00,1470.00,'2011-12-08 00:00:00',''),
 (190,'SO-00000300',17250.00,0.00,'2011-12-08 00:00:00',''),
 (191,'SO-0000055',0.00,18151.95,'2011-12-08 00:00:00',''),
 (192,'SO-00000274',2002.50,0.00,'2011-12-09 00:00:00',''),
 (193,'SO-0000030',17400.00,0.00,'2011-12-09 00:00:00',''),
 (194,'SO-00000153',3000.00,0.00,'2011-12-10 00:00:00',''),
 (195,'SO-00000386',2605.00,0.00,'2011-12-10 00:00:00',''),
 (196,'SO-00000433',25563.90,0.00,'2011-12-10 00:00:00',''),
 (197,'SO-00000451',4693.40,0.00,'2011-12-10 00:00:00',''),
 (198,'SO-0000074',30905.00,0.00,'2011-12-10 00:00:00',''),
 (199,'SO-0000073',2270.00,0.00,'2011-12-10 00:00:00',''),
 (200,'SO-00000148',9165.00,0.00,'2011-12-10 00:00:00',''),
 (201,'SO-0000017',6138.98,0.00,'2011-12-10 00:00:00',''),
 (202,'SO-00000135',30725.00,0.00,'2011-12-10 00:00:00',''),
 (203,'SO-00000522',36360.00,0.00,'2011-12-10 00:00:00',''),
 (204,'SO-0000010',0.00,2140.00,'2011-12-10 00:00:00',''),
 (205,'SO-00000151',6445.00,7000.00,'2011-12-10 00:00:00',''),
 (206,'SO-0000027',13722.50,0.00,'2011-12-10 00:00:00',''),
 (207,'SO-00000523',8900.00,0.00,'2011-12-10 00:00:00',''),
 (208,'SO-0000023',0.00,6900.00,'2011-12-10 00:00:00',''),
 (209,'SO-00000485',12490.00,0.00,'2011-12-10 00:00:00',''),
 (210,'SO-00000174',0.00,13150.00,'2011-12-10 00:00:00',''),
 (211,'SO-0000012',0.00,10160.00,'2011-12-10 00:00:00',''),
 (212,'SO-00000487',3275.00,0.00,'2011-12-10 00:00:00',''),
 (213,'SO-0000019',0.00,3525.00,'2011-12-10 00:00:00',''),
 (214,'SO-00000488',12395.00,0.00,'2011-12-10 00:00:00',''),
 (215,'SO-00000173',0.00,24740.00,'2011-12-10 00:00:00',''),
 (216,'SO-00000532',3330.00,0.00,'2011-12-10 00:00:00',''),
 (217,'SO-00000175',0.00,2240.00,'2011-12-10 00:00:00',''),
 (218,'SO-0000024',0.00,4600.00,'2011-12-10 00:00:00',''),
 (219,'SO-00000137',0.00,8464.00,'2011-12-10 00:00:00',''),
 (220,'SO-00000492',290.00,12545.50,'2011-12-10 00:00:00',''),
 (221,'SO-0000018',5684.00,0.00,'2011-12-10 00:00:00',''),
 (222,'SO-00000497',25050.00,0.00,'2011-12-10 00:00:00',''),
 (223,'SO-00000498',11195.00,0.00,'2011-12-10 00:00:00',''),
 (224,'SO-00000498',0.00,11195.00,'2011-12-10 00:00:00',''),
 (225,'SO-000006',0.00,12445.00,'2011-12-10 00:00:00',''),
 (226,'SO-000006',0.00,12445.00,'2011-12-10 00:00:00',''),
 (227,'SO-00000138',4465.00,0.00,'2011-12-10 00:00:00',''),
 (228,'SO-0000016',0.00,13930.00,'2011-12-10 00:00:00',''),
 (229,'SO-00000142',4400.00,0.00,'2011-12-10 00:00:00',''),
 (230,'SO-0000026',0.00,5999.00,'2011-12-10 00:00:00',''),
 (231,'SO-00000171',2085.00,0.00,'2011-12-10 00:00:00',''),
 (232,'SO-0000015',42195.00,0.00,'2011-12-10 00:00:00',''),
 (233,'SO-00000147',0.00,7875.00,'2011-12-10 00:00:00',''),
 (234,'SO-00000147',0.00,7875.00,'2011-12-10 00:00:00',''),
 (235,'SO-00000147',7875.00,0.00,'2011-12-10 00:00:00',''),
 (236,'SO-00000592',3700.00,0.00,'2011-12-10 00:00:00',''),
 (237,'SO-00000590',5395.25,0.00,'2011-12-10 00:00:00',''),
 (238,'SO-00000593',5830.00,0.00,'2011-12-10 00:00:00',''),
 (239,'SO-00000594',1015.00,0.00,'2011-12-10 00:00:00',''),
 (240,'SO-00000595',5495.00,0.00,'2011-12-10 00:00:00',''),
 (241,'SO-00000596',1470.00,0.00,'2011-12-10 00:00:00',''),
 (242,'SO-00000597',0.00,1520.00,'2011-12-10 00:00:00',''),
 (243,'SO-00000588',2130.00,0.00,'2011-12-10 00:00:00',''),
 (244,'SO-0000059',0.00,3225.00,'2011-12-10 00:00:00',''),
 (245,'SO-00000603',2240.00,0.00,'2011-12-10 00:00:00',''),
 (246,'SO-000009',13550.00,0.00,'2011-12-10 00:00:00',''),
 (247,'SO-0000059',0.00,3225.00,'2011-12-10 00:00:00',''),
 (248,'SO-0000059',3325.00,-100.00,'2011-12-10 00:00:00',''),
 (249,'SO-0000040',63327.00,0.00,'2011-12-10 00:00:00',''),
 (250,'SO-00000449',24900.00,0.00,'2011-12-10 00:00:00',''),
 (251,'SO-00000585',990.75,0.00,'2011-12-12 00:00:00',''),
 (252,'SO-00000587',2783.10,0.00,'2011-12-12 00:00:00',''),
 (253,'SO-00000578',10885.00,0.00,'2011-12-12 00:00:00',''),
 (254,'SO-0000054',0.00,3952.80,'2011-12-12 00:00:00',''),
 (255,'SO-0000050',0.00,990.00,'2011-12-12 00:00:00',''),
 (256,'SO-00000583',1980.00,0.00,'2011-12-12 00:00:00',''),
 (257,'SO-0000050',990.00,0.00,'2011-12-12 00:00:00',''),
 (258,'SO-00000582',4132.80,0.00,'2011-12-12 00:00:00',''),
 (259,'SO-0000051',0.00,4495.00,'2011-12-12 00:00:00',''),
 (260,'SO-0000051',4495.00,0.00,'2011-12-12 00:00:00',''),
 (261,'SO-00000580',8900.00,0.00,'2011-12-12 00:00:00',''),
 (262,'SO-0000052',0.00,5660.00,'2011-12-12 00:00:00',''),
 (263,'SO-00000642',2250.00,0.00,'2011-12-13 00:00:00',''),
 (264,'SO-00000639',5690.00,0.00,'2011-12-13 00:00:00',''),
 (265,'SO-00000636',6415.00,0.00,'2011-12-13 00:00:00',''),
 (266,'SO-00000640',16060.00,0.00,'2011-12-13 00:00:00',''),
 (267,'SO-00000630',2470.00,0.00,'2011-12-13 00:00:00',''),
 (268,'SO-00000632',3190.00,0.00,'2011-12-13 00:00:00',''),
 (269,'SO-0000061',0.00,3300.00,'2011-12-13 00:00:00',''),
 (270,'SO-00000631',4820.00,0.00,'2011-12-13 00:00:00',''),
 (271,'SO-00000643',6265.00,0.00,'2011-12-13 00:00:00',''),
 (272,'SO-00000352',19480.00,0.00,'2011-12-13 00:00:00',''),
 (273,'SO-00000500',48992.50,0.00,'2011-12-13 00:00:00',''),
 (274,'SO-00000159',5709.80,28.00,'2011-12-13 00:00:00',''),
 (275,'SO-00000651',2610.00,0.00,'2011-12-13 00:00:00',''),
 (276,'SO-0000035',0.00,3420.00,'2011-12-13 00:00:00',''),
 (277,'SO-00000226',3540.00,0.00,'2011-12-13 00:00:00',''),
 (278,'SO-00000650',1520.00,0.00,'2011-12-13 00:00:00',''),
 (279,'SO-00000652',4820.00,0.00,'2011-12-13 00:00:00',''),
 (280,'SO-00000226',3540.00,0.00,'2011-12-13 00:00:00',''),
 (281,'SO-00000103',1470.00,0.00,'2011-12-13 00:00:00',''),
 (282,'SO-0000035',0.00,3420.00,'2011-12-13 00:00:00',''),
 (283,'SO-0000035',0.00,3420.00,'2011-12-13 00:00:00','');
/*!40000 ALTER TABLE `payment_records` ENABLE KEYS */;


--
-- Definition of table `salesorder_responsible`
--

DROP TABLE IF EXISTS `salesorder_responsible`;
CREATE TABLE `salesorder_responsible` (
  `SaleOrder_Responsible_Id` int(10) unsigned NOT NULL AUTO_INCREMENT,
  `Prepared_by` varchar(100) DEFAULT NULL,
  `Checked_by` varchar(100) DEFAULT NULL,
  `Posted_by` varchar(100) DEFAULT NULL,
  `Delivered_by` varchar(100) DEFAULT NULL,
  PRIMARY KEY (`SaleOrder_Responsible_Id`)
) ENGINE=InnoDB AUTO_INCREMENT=8 DEFAULT CHARSET=latin1;

--
-- Dumping data for table `salesorder_responsible`
--

/*!40000 ALTER TABLE `salesorder_responsible` DISABLE KEYS */;
INSERT INTO `salesorder_responsible` (`SaleOrder_Responsible_Id`,`Prepared_by`,`Checked_by`,`Posted_by`,`Delivered_by`) VALUES 
 (7,'Beng','Aris/Arlene','Beng','');
/*!40000 ALTER TABLE `salesorder_responsible` ENABLE KEYS */;


--
-- Definition of table `stock_in`
--

DROP TABLE IF EXISTS `stock_in`;
CREATE TABLE `stock_in` (
  `stockin_id` int(10) unsigned NOT NULL AUTO_INCREMENT,
  `item_id` varchar(45) NOT NULL,
  `qty_in` int(10) unsigned NOT NULL,
  PRIMARY KEY (`stockin_id`)
) ENGINE=InnoDB AUTO_INCREMENT=248 DEFAULT CHARSET=latin1;

--
-- Dumping data for table `stock_in`
--

/*!40000 ALTER TABLE `stock_in` DISABLE KEYS */;
INSERT INTO `stock_in` (`stockin_id`,`item_id`,`qty_in`) VALUES 
 (1,'22',30),
 (2,'1',7),
 (3,'2',7),
 (4,'3',28),
 (5,'4',137),
 (6,'5',39),
 (7,'6',20),
 (8,'143',1),
 (9,'25',6),
 (10,'24',11),
 (11,'14',15),
 (12,'13',1),
 (13,'26',42),
 (14,'19',7),
 (15,'20',44),
 (16,'21',14),
 (17,'144',3),
 (18,'145',15),
 (19,'146',6),
 (20,'31',7),
 (21,'33',9),
 (22,'43',1),
 (23,'41',1),
 (24,'39',1),
 (25,'52',22),
 (26,'53',2),
 (27,'54',2),
 (28,'51',5),
 (29,'48',5),
 (30,'142',15),
 (31,'47',8),
 (32,'37',6),
 (33,'149',2),
 (34,'28',12),
 (35,'23',32),
 (36,'11',111),
 (37,'9',723),
 (38,'8',173),
 (39,'17',85),
 (40,'15',16),
 (41,'7',10),
 (42,'27',31),
 (43,'10',549),
 (44,'12',134),
 (45,'30',13),
 (46,'29',19),
 (47,'16',25),
 (48,'18',25),
 (49,'77',24),
 (50,'136',10),
 (51,'86',5),
 (52,'33',24),
 (53,'75',48),
 (54,'34',24),
 (55,'91',48),
 (56,'12',58),
 (57,'38',24),
 (58,'30',10),
 (59,'106',5),
 (60,'74',5),
 (61,'87',24),
 (62,'42',24),
 (63,'18',25),
 (64,'36',24),
 (65,'35',30),
 (66,'105',200),
 (67,'135',100),
 (68,'136',10),
 (69,'87',48),
 (70,'85',48),
 (71,'73',10),
 (72,'30',20),
 (73,'55',10),
 (74,'28',10),
 (75,'94',5),
 (76,'130',48),
 (77,'142',20),
 (78,'18',25),
 (79,'56',48),
 (80,'87',48),
 (81,'111',48),
 (82,'20',20),
 (83,'0',0),
 (84,'36',30),
 (85,'30',20),
 (86,'32',25),
 (87,'16',25),
 (88,'20',20),
 (89,'51',20),
 (90,'68',20),
 (91,'93',20),
 (92,'76',10),
 (93,'30',20),
 (94,'98',20),
 (95,'0',0),
 (96,'162',5),
 (97,'110',5),
 (98,'75',5),
 (99,'74',5),
 (100,'8',50),
 (101,'25',20),
 (102,'144',5),
 (103,'41',3),
 (104,'28',100),
 (105,'27',100),
 (106,'11',50),
 (107,'15',50),
 (108,'41',1),
 (109,'35',10),
 (110,'33',0),
 (111,'33',5),
 (112,'31',5),
 (113,'37',5),
 (114,'159',50),
 (115,'8',50),
 (116,'56',48),
 (117,'27',100),
 (118,'50',50),
 (119,'142',50),
 (120,'111',48),
 (121,'130',48),
 (122,'0',0),
 (123,'10',100),
 (124,'79',60),
 (125,'30',50),
 (126,'58',20),
 (127,'9',50),
 (128,'83',10),
 (129,'51',10),
 (130,'93',100),
 (131,'9',100),
 (132,'162',4),
 (133,'63',5),
 (134,'18',25),
 (135,'22',26),
 (136,'1',6),
 (137,'2',3),
 (138,'3',10),
 (139,'4',170),
 (140,'5',45),
 (141,'6',14),
 (142,'25',14),
 (143,'24',10),
 (144,'14',5),
 (145,'26',34),
 (146,'19',2),
 (147,'20',64),
 (148,'21',14),
 (149,'144',2),
 (150,'171',11),
 (151,'146',1),
 (152,'31',11),
 (153,'33',12),
 (154,'35',14),
 (155,'43',1),
 (156,'54',1),
 (157,'49',5),
 (158,'50',4),
 (159,'51',10),
 (160,'48',5),
 (161,'142',12),
 (162,'47',9),
 (163,'37',7),
 (164,'165',6),
 (165,'168',2),
 (166,'169',5),
 (167,'154',2),
 (168,'28',16),
 (169,'27',29),
 (170,'12',139),
 (171,'11',60),
 (172,'1',0),
 (173,'1',0),
 (174,'1',0),
 (175,'1',0),
 (176,'1',0),
 (177,'1',0),
 (178,'11',100),
 (179,'10',385),
 (180,'23',53),
 (181,'9',379),
 (182,'8',120),
 (183,'17',62),
 (184,'15',12),
 (185,'159',21),
 (186,'162',1),
 (187,'29',25),
 (188,'18',11),
 (189,'12',1),
 (190,'115',11),
 (191,'110',3),
 (192,'111',48),
 (193,'129',1),
 (194,'130',4),
 (195,'104',1),
 (196,'105',138),
 (197,'16',19),
 (198,'30',50),
 (199,'27',50),
 (200,'164',100),
 (201,'136',5),
 (202,'87',48),
 (203,'32',10),
 (204,'73',5),
 (205,'74',1),
 (206,'89',20),
 (207,'34',24),
 (208,'36',24),
 (209,'103',24),
 (210,'75',12),
 (211,'138',24),
 (212,'89',20),
 (213,'32',24),
 (214,'163',3),
 (215,'174',1),
 (216,'36',24),
 (217,'37',5),
 (218,'41',1),
 (219,'39',1),
 (220,'35',5),
 (221,'144',2),
 (222,'22',5),
 (223,'72',5),
 (224,'193',5),
 (225,'94',5),
 (226,'42',24),
 (227,'54',30),
 (228,'52',20),
 (229,'145',100),
 (230,'197',19),
 (231,'53',2),
 (232,'93',50),
 (233,'74',10),
 (234,'55',10),
 (235,'136',0),
 (236,'136',10),
 (237,'106',10),
 (238,'152',20),
 (239,'86',10),
 (240,'48',20),
 (241,'20',10),
 (242,'21',10),
 (243,'35',10),
 (244,'97',10),
 (245,'134',2),
 (246,'104',2),
 (247,'198',20);
/*!40000 ALTER TABLE `stock_in` ENABLE KEYS */;


--
-- Definition of table `stock_in_reference`
--

DROP TABLE IF EXISTS `stock_in_reference`;
CREATE TABLE `stock_in_reference` (
  `reference_no` varchar(45) DEFAULT NULL
) ENGINE=InnoDB DEFAULT CHARSET=latin1;

--
-- Dumping data for table `stock_in_reference`
--

/*!40000 ALTER TABLE `stock_in_reference` DISABLE KEYS */;
INSERT INTO `stock_in_reference` (`reference_no`) VALUES 
 ('88');
/*!40000 ALTER TABLE `stock_in_reference` ENABLE KEYS */;


--
-- Definition of table `stock_in_transaction`
--

DROP TABLE IF EXISTS `stock_in_transaction`;
CREATE TABLE `stock_in_transaction` (
  `stock_in_transaction_id` int(10) unsigned NOT NULL AUTO_INCREMENT,
  `reference_no` varchar(45) NOT NULL,
  `stocked_in_to` varchar(45) DEFAULT NULL,
  `from_supplier` int(10) unsigned DEFAULT NULL,
  `remarks` text,
  `stock_in_date` date DEFAULT NULL,
  `total_number_of_items` int(10) unsigned DEFAULT NULL,
  `total_qty` int(10) unsigned DEFAULT NULL,
  `prepared_by` varchar(45) DEFAULT NULL,
  `approved_by` varchar(45) DEFAULT NULL,
  `received_by` varchar(45) DEFAULT NULL,
  PRIMARY KEY (`stock_in_transaction_id`)
) ENGINE=InnoDB AUTO_INCREMENT=88 DEFAULT CHARSET=latin1;

--
-- Dumping data for table `stock_in_transaction`
--

/*!40000 ALTER TABLE `stock_in_transaction` DISABLE KEYS */;
INSERT INTO `stock_in_transaction` (`stock_in_transaction_id`,`reference_no`,`stocked_in_to`,`from_supplier`,`remarks`,`stock_in_date`,`total_number_of_items`,`total_qty`,`prepared_by`,`approved_by`,`received_by`) VALUES 
 (1,'SI-000000','WH-02 STOCKROOM(BODEGA)',4,'forwarded inventory','2011-11-21',41,1681,'','',''),
 (2,'SI-000001','WH-02 STOCKROOM(BODEGA)',4,'','2011-11-22',5,746,'','',''),
 (3,'SI-000002','WH-02 STOCKROOM(BODEGA)',4,'','2011-11-22',4,84,'','',''),
 (4,'SI-000003','WH-02 STOCKROOM(BODEGA)',4,'','2011-11-22',1,5,'','',''),
 (5,'SI-000004','WH-02 STOCKROOM(BODEGA)',4,'','2011-11-22',2,72,'','',''),
 (6,'SI-000005','WH-02 STOCKROOM(BODEGA)',4,'','2011-11-22',1,24,'','',''),
 (7,'SI-000006','WH-02 STOCKROOM(BODEGA)',4,'','2011-11-22',1,48,'','',''),
 (8,'SI-000007','WH-02 STOCKROOM(BODEGA)',4,'','2011-11-22',1,58,'','',''),
 (9,'SI-000008','WH-02 STOCKROOM(BODEGA)',4,'','2011-11-22',1,24,'','',''),
 (10,'SI-000009','WH-02 STOCKROOM(BODEGA)',4,'','2011-11-23',1,10,'','',''),
 (11,'SI-0000010','WH-02 STOCKROOM(BODEGA)',4,'','2011-11-23',1,5,'','',''),
 (12,'SI-0000011','WH-02 STOCKROOM(BODEGA)',4,'','2011-11-23',1,5,'','',''),
 (13,'SI-0000012','WH-02 STOCKROOM(BODEGA)',4,'','2011-11-23',1,24,'','',''),
 (14,'SI-0000013','WH-02 STOCKROOM(BODEGA)',4,'','2011-11-24',1,24,'','',''),
 (15,'SI-0000014','WH-02 STOCKROOM(BODEGA)',4,'','2011-11-24',1,25,'','',''),
 (16,'SI-0000015','WH-02 STOCKROOM(BODEGA)',4,'','2011-11-24',1,24,'','',''),
 (17,'SI-0000016','WH-02 STOCKROOM(BODEGA)',4,'','2011-11-24',4,340,'','',''),
 (18,'SI-0000017','WH-02 STOCKROOM(BODEGA)',4,'','2011-11-24',2,96,'','',''),
 (19,'SI-0000018','WH-02 STOCKROOM(BODEGA)',4,'','2011-11-24',1,10,'','',''),
 (20,'SI-0000019','WH-02 STOCKROOM(BODEGA)',4,'','2011-11-26',1,20,'','',''),
 (21,'SI-0000021','WH-02 STOCKROOM(BODEGA)',4,'','2011-11-28',1,10,'','',''),
 (22,'SI-0000022','WH-02 STOCKROOM(BODEGA)',4,'','2011-11-28',1,5,'','',''),
 (23,'SI-0000023','WH-02 STOCKROOM(BODEGA)',4,'','2011-11-28',1,48,'','',''),
 (24,'SI-0000024','WH-02 STOCKROOM(BODEGA)',4,'','2011-11-28',1,20,'','',''),
 (25,'SI-0000025','WH-02 STOCKROOM(BODEGA)',4,'','2011-11-29',3,121,'','',''),
 (26,'SI-0000026','WH-02 STOCKROOM(BODEGA)',4,'','2011-11-29',1,48,'','',''),
 (27,'SI-0000027','WH-02 STOCKROOM(BODEGA)',4,'','2011-11-29',2,20,'','',''),
 (28,'SI-0000028','WH-02 STOCKROOM(BODEGA)',4,'','2011-11-29',1,30,'','',''),
 (29,'SI-0000029','WH-02 STOCKROOM(BODEGA)',4,'','2011-11-29',1,20,'','',''),
 (30,'SI-0000030','WH-02 STOCKROOM(BODEGA)',4,'','2011-11-29',1,25,'','',''),
 (31,'SI-0000031','WH-02 STOCKROOM(BODEGA)',4,'','2011-11-29',1,25,'','',''),
 (32,'SI-0000032','WH-02 STOCKROOM(BODEGA)',4,'','2011-11-29',1,20,'','',''),
 (33,'SI-0000033','WH-02 STOCKROOM(BODEGA)',4,'','2011-11-29',1,20,'','',''),
 (34,'SI-0000034','WH-02 STOCKROOM(BODEGA)',4,'','2011-11-29',1,20,'','',''),
 (35,'SI-0000035','WH-02 STOCKROOM(BODEGA)',4,'','2011-11-29',2,30,'','',''),
 (36,'SI-0000036','WH-02 STOCKROOM(BODEGA)',4,'','2011-11-29',1,20,'','',''),
 (37,'SI-0000037','WH-02 STOCKROOM(BODEGA)',4,'','2011-11-29',2,20,'','',''),
 (38,'SI-0000038','WH-02 STOCKROOM(BODEGA)',4,'','2011-11-30',2,10,'','',''),
 (39,'SI-0000039','WH-02 STOCKROOM(BODEGA)',4,'','2011-11-30',1,5,'','',''),
 (40,'SI-0000040','WH-02 STOCKROOM(BODEGA)',4,'','2011-11-30',1,5,'','',''),
 (41,'SI-0000041','WH-02 STOCKROOM(BODEGA)',4,'','2011-11-30',1,50,'','',''),
 (42,'SI-0000042','WH-02 STOCKROOM(BODEGA)',4,'','2011-11-30',1,20,'','',''),
 (43,'SI-0000043','WH-02 STOCKROOM(BODEGA)',4,'','2011-11-30',1,5,'','',''),
 (44,'SI-0000044','WH-02 STOCKROOM(BODEGA)',4,'','2011-11-30',1,3,'','',''),
 (45,'SI-0000045','WH-02 STOCKROOM(BODEGA)',4,'','2011-11-30',2,200,'','',''),
 (46,'SI-0000046','WH-02 STOCKROOM(BODEGA)',4,'','2011-12-01',1,50,'','',''),
 (47,'SI-0000047','WH-02 STOCKROOM(BODEGA)',4,'','2011-12-01',1,50,'','',''),
 (48,'SI-0000048','WH-02 STOCKROOM(BODEGA)',4,'from tagb nutrimart','2011-12-01',7,76,'ahoc','','rambo'),
 (49,'SI-0000049','WH-02 STOCKROOM(BODEGA)',4,'','2011-12-01',2,98,'','',''),
 (50,'SI-0000050','WH-02 STOCKROOM(BODEGA)',4,'','2011-12-01',1,100,'','',''),
 (51,'SI-0000051','WH-02 STOCKROOM(BODEGA)',4,'','2011-12-01',1,50,'','',''),
 (52,'SI-0000052','WH-02 STOCKROOM(BODEGA)',4,'','2011-12-01',1,50,'','',''),
 (53,'SI-0000053','WH-02 STOCKROOM(BODEGA)',4,'','2011-12-01',3,96,'','',''),
 (54,'SI-0000054','WH-02 STOCKROOM(BODEGA)',4,'','2011-12-01',1,100,'','',''),
 (55,'SI-0000055','WH-02 STOCKROOM(BODEGA)',4,'','2011-12-01',1,60,'','',''),
 (56,'SI-0000056','WH-02 STOCKROOM(BODEGA)',4,'','2011-12-01',1,50,'','',''),
 (57,'SI-0000057','WH-02 STOCKROOM(BODEGA)',4,'','2011-12-01',1,20,'','',''),
 (58,'SI-0000058','WH-02 STOCKROOM(BODEGA)',4,'','2011-12-02',1,50,'','',''),
 (59,'SI-0000059','WH-02 STOCKROOM(BODEGA)',4,'','2011-12-02',1,10,'','',''),
 (60,'SI-0000060','WH-02 STOCKROOM(BODEGA)',4,'','2011-12-02',1,10,'','',''),
 (61,'SI-0000061','WH-02 STOCKROOM(BODEGA)',4,'','2011-12-02',1,100,'','',''),
 (62,'SI-0000062','WH-02 STOCKROOM(BODEGA)',4,'','2011-12-03',1,100,'','',''),
 (63,'SI-0000063','WH-02 STOCKROOM(BODEGA)',4,'','2011-12-04',1,4,'','',''),
 (64,'SI-0000064','WH-02 STOCKROOM(BODEGA)',4,'','2011-12-04',1,5,'','',''),
 (65,'SI-0000065','WH-02 STOCKROOM(BODEGA)',4,'','2011-12-04',1,25,'','',''),
 (66,'SI-0000066','WH-02 STOCKROOM(BODEGA)',4,'forwarded inventory','2011-12-04',53,1939,'','',''),
 (67,'SI-0000067','WH-02 STOCKROOM(BODEGA)',4,'','2011-12-05',1,11,'','',''),
 (68,'SI-0000068','WH-02 STOCKROOM(BODEGA)',4,'gikan ni tig-tig','2011-12-05',1,1,'','',''),
 (69,'SI-0000069','WH-02 STOCKROOM(BODEGA)',4,'','2011-12-05',7,206,'','',''),
 (70,'SI-0000070','WH-02 STOCKROOM(BODEGA)',4,'','2011-12-05',1,19,'','',''),
 (71,'SI-0000071','WH-02 STOCKROOM(BODEGA)',4,'','2011-12-05',0,0,'','',''),
 (72,'SI-0000072','WH-02 STOCKROOM(BODEGA)',4,'','2011-12-05',1,50,'','',''),
 (73,'SI-0000073','WH-02 STOCKROOM(BODEGA)',4,'','2011-12-05',1,50,'','',''),
 (74,'SI-0000074','WH-02 STOCKROOM(BODEGA)',4,'','2011-12-05',1,100,'','',''),
 (75,'SI-0000075','WH-02 STOCKROOM(BODEGA)',4,'','2011-12-05',1,5,'','',''),
 (76,'SI-0000076','WH-02 STOCKROOM(BODEGA)',4,'','2011-12-05',1,48,'','',''),
 (77,'SI-0000077','WH-02 STOCKROOM(BODEGA)',4,'','2011-12-06',1,10,'','',''),
 (78,'SI-0000078','WH-02 STOCKROOM(BODEGA)',4,'','2011-12-06',1,5,'','',''),
 (79,'SI-0000079','WH-02 STOCKROOM(BODEGA)',4,'','2011-12-06',1,1,'','',''),
 (80,'SI-0000080','WH-02 STOCKROOM(BODEGA)',4,'','2011-12-06',1,20,'','',''),
 (81,'SI-0000081','WH-02 STOCKROOM(BODEGA)',4,'','2011-12-06',6,128,'','',''),
 (82,'SI-0000082','WH-02 STOCKROOM(BODEGA)',4,'','2011-12-06',1,24,'','',''),
 (83,'SI-0000083','WH-02 STOCKROOM(BODEGA)',4,'','2011-12-06',2,4,'','',''),
 (84,'SI-0000084','WH-02 STOCKROOM(BODEGA)',4,'from AHOC / RETAIL','2011-12-09',1,24,'','',''),
 (85,'SI-0000085','WH-02 STOCKROOM(BODEGA)',4,'from NUTRIMART TAGBILARAN','2011-12-09',9,34,'','',''),
 (86,'SI-0000086','WH-02 STOCKROOM(BODEGA)',4,'from AHOC / RETAIL','2011-12-09',1,24,'','',''),
 (87,'SI-0000087','WH-02 STOCKROOM(BODEGA)',4,'From Nutrimart Tagbilaran','2011-12-13',21,375,'beng','sir ahoc','ramboo');
/*!40000 ALTER TABLE `stock_in_transaction` ENABLE KEYS */;


--
-- Definition of table `stock_in_transaction_to_stock_in_items`
--

DROP TABLE IF EXISTS `stock_in_transaction_to_stock_in_items`;
CREATE TABLE `stock_in_transaction_to_stock_in_items` (
  `stock_in_transaction_id` int(10) unsigned DEFAULT NULL,
  `stock_id` int(10) unsigned DEFAULT NULL
) ENGINE=InnoDB DEFAULT CHARSET=latin1;

--
-- Dumping data for table `stock_in_transaction_to_stock_in_items`
--

/*!40000 ALTER TABLE `stock_in_transaction_to_stock_in_items` DISABLE KEYS */;
INSERT INTO `stock_in_transaction_to_stock_in_items` (`stock_in_transaction_id`,`stock_id`) VALUES 
 (1,1),
 (1,2),
 (1,3),
 (1,4),
 (1,5),
 (1,6),
 (1,7),
 (1,8),
 (1,9),
 (1,10),
 (1,11),
 (1,12),
 (1,13),
 (1,14),
 (1,15),
 (1,16),
 (1,17),
 (1,18),
 (1,19),
 (1,20),
 (1,21),
 (1,22),
 (1,23),
 (1,24),
 (1,25),
 (1,26),
 (1,27),
 (1,28),
 (1,29),
 (1,30),
 (1,31),
 (1,32),
 (1,33),
 (1,34),
 (1,35),
 (1,36),
 (1,37),
 (1,38),
 (1,39),
 (1,40),
 (1,41),
 (2,42),
 (2,43),
 (2,44),
 (2,45),
 (2,46),
 (3,47),
 (3,48),
 (3,49),
 (3,50),
 (4,51),
 (5,52),
 (5,53),
 (6,54),
 (7,55),
 (8,56),
 (9,57),
 (10,58),
 (11,59),
 (12,60),
 (13,61),
 (14,62),
 (15,63),
 (16,64),
 (17,65),
 (17,66),
 (17,67),
 (17,68),
 (18,69),
 (18,70),
 (19,71),
 (20,72),
 (0,73),
 (21,74),
 (22,75),
 (23,76),
 (24,77),
 (25,78),
 (25,79),
 (25,80),
 (26,81),
 (27,82),
 (27,83),
 (28,84),
 (29,85),
 (30,86),
 (31,87),
 (32,88),
 (33,89),
 (34,90),
 (35,91),
 (35,92),
 (36,93),
 (37,94),
 (37,95),
 (38,96),
 (38,97),
 (39,98),
 (40,99),
 (41,100),
 (42,101),
 (43,102),
 (44,103),
 (45,104),
 (45,105),
 (46,106),
 (47,107),
 (48,108),
 (48,109),
 (48,110),
 (48,111),
 (48,112),
 (48,113),
 (48,114),
 (49,115),
 (49,116),
 (50,117),
 (51,118),
 (52,119),
 (53,120),
 (53,121),
 (53,122),
 (54,123),
 (55,124),
 (56,125),
 (57,126),
 (58,127),
 (59,128),
 (60,129),
 (61,130),
 (62,131),
 (63,132),
 (64,133),
 (65,134),
 (66,135),
 (66,136),
 (66,137),
 (66,138),
 (66,139),
 (66,140),
 (66,141),
 (66,142),
 (66,143),
 (66,144),
 (66,145),
 (66,146),
 (66,147),
 (66,148),
 (66,149),
 (66,150),
 (66,151),
 (66,152),
 (66,153),
 (66,154),
 (66,155),
 (66,156),
 (66,157),
 (66,158),
 (66,159),
 (66,160),
 (66,161),
 (66,162),
 (66,163),
 (66,164),
 (66,165),
 (66,166),
 (66,167),
 (66,168),
 (66,169),
 (66,170),
 (66,171),
 (66,172),
 (66,173),
 (66,174),
 (66,175),
 (66,176),
 (66,177),
 (66,178),
 (66,179),
 (66,180),
 (66,181),
 (66,182),
 (66,183),
 (66,184),
 (66,185),
 (66,186),
 (66,187),
 (67,188),
 (68,189),
 (69,190),
 (69,191),
 (69,192),
 (69,193),
 (69,194),
 (69,195),
 (69,196),
 (70,197),
 (72,198),
 (73,199),
 (74,200),
 (75,201),
 (76,202),
 (77,203),
 (78,204),
 (79,205),
 (80,206),
 (81,207),
 (81,208),
 (81,209),
 (81,210),
 (81,211),
 (81,212),
 (82,213),
 (83,214),
 (83,215),
 (84,216),
 (85,217),
 (85,218),
 (85,219),
 (85,220),
 (85,221),
 (85,222),
 (85,223),
 (85,224),
 (85,225),
 (86,226),
 (87,227),
 (87,228),
 (87,229),
 (87,230),
 (87,231),
 (87,232),
 (87,233),
 (87,234),
 (87,235),
 (87,236),
 (87,237),
 (87,238),
 (87,239),
 (87,240),
 (87,241),
 (87,242),
 (87,243),
 (87,244),
 (87,245),
 (87,246),
 (87,247);
/*!40000 ALTER TABLE `stock_in_transaction_to_stock_in_items` ENABLE KEYS */;


--
-- Definition of table `stock_out`
--

DROP TABLE IF EXISTS `stock_out`;
CREATE TABLE `stock_out` (
  `stockout_id` int(10) unsigned NOT NULL AUTO_INCREMENT,
  `item_id` varchar(45) DEFAULT NULL,
  `qty_out` double(10,2) DEFAULT NULL,
  `amount` double(10,2) DEFAULT NULL,
  `discount` double(10,2) DEFAULT NULL,
  `tracking_price` double(10,2) DEFAULT NULL,
  PRIMARY KEY (`stockout_id`)
) ENGINE=InnoDB AUTO_INCREMENT=2001 DEFAULT CHARSET=latin1;

--
-- Dumping data for table `stock_out`
--

/*!40000 ALTER TABLE `stock_out` DISABLE KEYS */;
INSERT INTO `stock_out` (`stockout_id`,`item_id`,`qty_out`,`amount`,`discount`,`tracking_price`) VALUES 
 (1,'10',1.00,1095.00,0.00,0.00),
 (2,'11',1.00,1085.00,0.00,0.00),
 (3,'8',1.00,1275.00,0.00,0.00),
 (4,'10',1.00,1095.00,0.00,0.00),
 (5,'9',1.00,1155.00,0.00,0.00),
 (6,'30',3.00,4350.00,0.00,0.00),
 (7,'27',2.00,2940.00,0.00,0.00),
 (8,'5',1.00,1260.00,0.00,0.00),
 (9,'22',1.00,880.00,0.00,0.00),
 (10,'11',1.00,1085.00,0.00,0.00),
 (12,'9',10.00,11400.00,15.00,0.00),
 (13,'30',1.00,1450.00,0.00,0.00),
 (14,'8',2.00,2550.00,0.00,0.00),
 (15,'9',3.00,3465.00,0.00,0.00),
 (16,'11',2.00,2170.00,0.00,0.00),
 (17,'12',2.00,2370.00,0.00,0.00),
 (18,'19',2.00,2110.00,0.00,0.00),
 (19,'27',1.00,1470.00,0.00,0.00),
 (20,'10',1.00,1095.00,0.00,0.00),
 (21,'8',1.00,1275.00,0.00,0.00),
 (22,'9',10.00,11450.00,10.00,0.00),
 (23,'11',1.00,1075.00,10.00,0.00),
 (24,'8',1.00,1265.00,10.00,0.00),
 (25,'11',2.00,2180.00,0.00,5.00),
 (26,'10',3.00,3315.00,0.00,10.00),
 (27,'9',2.00,2330.00,0.00,10.00),
 (28,'9',6.00,6780.00,25.00,0.00),
 (29,'10',2.00,2140.00,25.00,0.00),
 (30,'26',2.00,1400.00,0.00,0.00),
 (31,'9',6.00,6780.00,25.00,0.00),
 (32,'10',2.00,2140.00,25.00,0.00),
 (33,'26',2.00,3560.00,0.00,1080.00),
 (34,'8',1.00,1285.00,0.00,10.00),
 (35,'17',1.00,985.00,0.00,0.00),
 (36,'17',1.00,985.00,0.00,0.00),
 (37,'8',7.00,9170.00,0.00,35.00),
 (38,'9',5.00,5950.00,0.00,35.00),
 (39,'10',3.00,3390.00,0.00,35.00),
 (40,'20',5.00,5225.00,0.00,35.00),
 (41,'24',1.00,655.00,0.00,0.00),
 (42,'25',2.00,1490.00,0.00,0.00),
 (43,'30',5.00,7300.00,0.00,10.00),
 (44,'27',5.00,7400.00,0.00,10.00),
 (45,'14',1.00,1050.00,0.00,35.00),
 (46,'17',2.00,1970.00,0.00,0.00),
 (47,'8',3.00,3900.00,0.00,25.00),
 (48,'9',4.00,4720.00,0.00,25.00),
 (49,'10',1.00,1120.00,0.00,25.00),
 (50,'12',2.00,2420.00,0.00,25.00),
 (51,'16',6.00,384.00,0.00,0.00),
 (52,'18',12.00,480.00,0.00,0.00),
 (53,'8',1.00,1295.00,0.00,20.00),
 (54,'9',1.00,1175.00,0.00,20.00),
 (55,'11',1.00,1105.00,0.00,20.00),
 (56,'77',12.00,372.00,0.00,0.00),
 (57,'136',6.00,1497.18,0.00,184.53),
 (58,'8',2.00,2570.00,0.00,10.00),
 (59,'9',2.00,2330.00,0.00,10.00),
 (60,'86',1.00,960.00,0.00,0.00),
 (61,'22',1.00,900.00,0.00,20.00),
 (62,'12',1.00,1205.00,0.00,20.00),
 (63,'30',1.00,1460.00,0.00,10.00),
 (64,'20',20.00,20200.00,0.00,0.00),
 (65,'9',5.00,5525.00,50.00,0.00),
 (66,'91',24.00,360.00,0.00,0.00),
 (67,'10',3.00,3285.00,0.00,0.00),
 (68,'9',3.00,3465.00,0.00,0.00),
 (69,'34',8.00,280.00,0.00,0.00),
 (70,'18',8.00,320.00,0.00,0.00),
 (71,'9',1.00,1155.00,0.00,0.00),
 (72,'30',1.00,1450.00,0.00,0.00),
 (73,'27',2.00,2940.00,0.00,0.00),
 (74,'9',6.00,7020.00,0.00,15.00),
 (75,'10',2.00,2220.00,0.00,15.00),
 (76,'9',1.00,1170.00,0.00,15.00),
 (77,'8',1.00,1290.00,0.00,15.00),
 (78,'27',5.00,7350.00,0.00,0.00),
 (79,'10',2.00,2200.00,0.00,5.00),
 (80,'9',2.00,2320.00,0.00,5.00),
 (81,'10',4.00,4420.00,0.00,10.00),
 (82,'8',1.00,1285.00,0.00,10.00),
 (83,'18',10.00,400.00,0.00,0.00),
 (84,'30',5.00,7300.00,0.00,10.00),
 (85,'20',5.00,5100.00,0.00,10.00),
 (86,'9',1.00,1165.00,0.00,10.00),
 (87,'38',6.00,288.00,0.00,0.00),
 (88,'9',4.00,4660.00,0.00,10.00),
 (89,'10',1.00,1105.00,0.00,10.00),
 (90,'23',1.00,860.00,0.00,10.00),
 (91,'17',1.00,985.00,0.00,0.00),
 (92,'15',1.00,1580.00,0.00,0.00),
 (93,'4',15.00,17400.00,0.00,15.00),
 (94,'12',1.00,1165.00,0.00,0.00),
 (95,'10',3.00,3225.00,0.00,0.00),
 (96,'10',3.00,3270.00,0.00,15.00),
 (97,'157',15.00,105.00,0.00,0.00),
 (98,'11',5.00,5350.00,0.00,5.00),
 (99,'10',2.00,2160.00,0.00,5.00),
 (100,'8',2.00,2520.00,0.00,5.00),
 (101,'9',15.00,17100.00,0.00,5.00),
 (102,'23',1.00,835.00,0.00,5.00),
 (103,'106',1.00,1100.00,0.00,0.00),
 (104,'9',10.00,11400.00,0.00,5.00),
 (105,'142',5.00,2500.00,0.00,0.00),
 (106,'9',3.00,3420.00,0.00,5.00),
 (107,'27',2.00,2940.00,0.00,0.00),
 (108,'27',1.00,1470.00,0.00,0.00),
 (109,'9',2.00,2280.00,0.00,5.00),
 (110,'27',2.00,2940.00,0.00,0.00),
 (111,'28',1.00,1520.00,0.00,0.00),
 (112,'9',10.00,11200.00,15.00,0.00),
 (113,'10',25.00,26500.00,15.00,0.00),
 (114,'8',10.00,12400.00,15.00,0.00),
 (115,'11',8.00,8400.00,15.00,0.00),
 (116,'12',4.00,4600.00,15.00,0.00),
 (117,'74',1.00,227.00,0.00,0.00),
 (118,'27',5.00,7350.00,0.00,0.00),
 (119,'10',2.00,2170.00,0.00,10.00),
 (120,'9',2.00,2290.00,0.00,10.00),
 (121,'9',1.00,1135.00,0.00,0.00),
 (122,'10',1.00,1075.00,0.00,0.00),
 (123,'10',3.00,3225.00,0.00,0.00),
 (124,'9',2.00,2270.00,0.00,0.00),
 (125,'87',24.00,432.00,0.00,0.00),
 (126,'30',3.00,4350.00,0.00,0.00),
 (127,'27',2.00,2940.00,0.00,0.00),
 (128,'5',1.00,1240.00,0.00,0.00),
 (129,'22',1.00,860.00,0.00,0.00),
 (130,'11',1.00,1065.00,0.00,0.00),
 (131,'11',1.00,1075.00,0.00,10.00),
 (132,'9',1.00,1145.00,0.00,10.00),
 (133,'11',1.00,1065.00,0.00,0.00),
 (134,'9',1.00,1135.00,0.00,0.00),
 (135,'12',1.00,1165.00,0.00,0.00),
 (136,'15',1.00,1580.00,0.00,0.00),
 (137,'9',1.00,1135.00,0.00,0.00),
 (138,'10',2.00,2150.00,0.00,0.00),
 (139,'10',15.00,16350.00,0.00,15.00),
 (140,'9',10.00,11500.00,0.00,15.00),
 (141,'17',3.00,2955.00,0.00,0.00),
 (142,'15',3.00,4740.00,0.00,0.00),
 (143,'12',3.00,3540.00,0.00,15.00),
 (144,'8',10.00,12700.00,0.00,15.00),
 (145,'9',5.00,5725.00,0.00,10.00),
 (146,'20',1.00,990.00,0.00,0.00),
 (147,'17',1.00,985.00,0.00,0.00),
 (148,'9',1.00,1150.00,0.00,15.00),
 (149,'10',1.00,1090.00,0.00,15.00),
 (150,'8',1.00,1270.00,0.00,15.00),
 (151,'9',2.00,2300.00,0.00,15.00),
 (152,'10',2.00,2180.00,0.00,15.00),
 (153,'12',1.00,1180.00,0.00,15.00),
 (154,'158',32.00,0.00,0.00,0.00),
 (155,'8',1.00,1240.00,15.00,0.00),
 (156,'18',12.00,472.80,0.00,0.00),
 (157,'9',2.00,2240.00,15.00,0.00),
 (158,'27',3.00,4410.00,0.00,0.00),
 (159,'28',1.00,1520.00,0.00,0.00),
 (160,'30',8.00,11600.00,0.00,0.00),
 (161,'11',0.50,537.50,0.00,10.00),
 (162,'36',3.00,84.39,0.00,0.00),
 (163,'8',4.00,5080.00,0.00,15.00),
 (164,'9',2.00,2300.00,0.00,15.00),
 (165,'17',1.00,985.00,0.00,0.00),
 (166,'16',12.00,758.40,0.00,0.00),
 (167,'142',6.00,3000.00,0.00,0.00),
 (168,'31',1.00,835.00,0.00,0.00),
 (169,'42',6.00,184.80,0.00,0.00),
 (170,'33',2.00,1620.00,0.00,0.00),
 (171,'35',3.00,2025.00,0.00,0.00),
 (172,'37',1.00,1110.00,0.00,0.00),
 (173,'105',60.00,270.00,0.00,0.00),
 (174,'87',24.00,432.00,0.00,0.00),
 (175,'85',24.00,264.00,0.00,0.00),
 (176,'135',50.00,175.00,0.00,0.00),
 (177,'136',5.00,275.00,0.00,0.00),
 (178,'73',4.00,666.00,0.00,0.00),
 (179,'9',4.00,4540.00,0.00,0.00),
 (180,'27',110.00,0.00,0.00,0.00),
 (181,'28',15.00,0.00,0.00,0.00),
 (182,'2',2.00,0.00,0.00,0.00),
 (183,'15',4.00,0.00,0.00,0.00),
 (184,'146',5.00,0.00,0.00,0.00),
 (185,'20',15.00,0.00,0.00,0.00),
 (186,'21',5.00,0.00,0.00,0.00),
 (187,'153',3.00,0.00,0.00,0.00),
 (188,'10',3.00,3225.00,0.00,0.00),
 (189,'10',2.00,2150.00,0.00,0.00),
 (190,'9',2.00,2270.00,0.00,0.00),
 (191,'29',2.00,3300.00,0.00,0.00),
 (192,'27',3.00,4410.00,0.00,0.00),
 (193,'8',5.00,6150.00,25.00,0.00),
 (194,'9',20.00,22200.00,25.00,0.00),
 (195,'10',20.00,21000.00,25.00,0.00),
 (196,'11',2.00,2080.00,25.00,0.00),
 (197,'27',1.00,1470.00,0.00,0.00),
 (198,'9',1.00,1145.00,0.00,10.00),
 (199,'9',1.00,1135.00,0.00,0.00),
 (200,'10',1.00,1075.00,0.00,0.00),
 (201,'27',1.00,1470.00,0.00,0.00),
 (202,'27',1.00,1470.00,0.00,0.00),
 (203,'30',1.00,1450.00,0.00,0.00),
 (204,'9',1.00,1135.00,0.00,0.00),
 (205,'10',3.00,3225.00,0.00,0.00),
 (206,'9',10.00,11350.00,0.00,0.00),
 (207,'30',8.00,11600.00,0.00,0.00),
 (208,'11',1.00,1065.00,0.00,0.00),
 (209,'9',3.00,3465.00,0.00,0.00),
 (210,'11',3.00,3255.00,0.00,0.00),
 (211,'12',1.00,1185.00,0.00,0.00),
 (212,'8',1.00,1275.00,0.00,0.00),
 (213,'27',2.00,2940.00,0.00,0.00),
 (214,'9',1.00,1145.00,0.00,10.00),
 (215,'10',1.00,1085.00,0.00,10.00),
 (216,'9',2.00,2270.00,0.00,0.00),
 (217,'9',10.00,11250.00,10.00,0.00),
 (218,'10',10.00,10650.00,10.00,0.00),
 (219,'11',2.00,2110.00,10.00,0.00),
 (220,'159',2.00,2800.00,0.00,0.00),
 (221,'27',2.00,2940.00,0.00,0.00),
 (222,'12',1.00,1155.00,10.00,0.00),
 (223,'9',15.00,16875.00,10.00,0.00),
 (224,'10',2.00,2130.00,10.00,0.00),
 (225,'8',3.00,3735.00,10.00,0.00),
 (226,'17',1.00,985.00,0.00,0.00),
 (227,'27',5.00,7350.00,0.00,0.00),
 (228,'9',8.00,9000.00,10.00,0.00),
 (229,'10',6.00,6390.00,10.00,0.00),
 (230,'11',3.00,3165.00,10.00,0.00),
 (231,'12',3.00,3465.00,10.00,0.00),
 (232,'15',1.00,1580.00,0.00,0.00),
 (233,'17',3.00,2955.00,0.00,0.00),
 (234,'8',10.00,12350.00,20.00,0.00),
 (235,'9',35.00,39025.00,20.00,0.00),
 (236,'10',35.00,36925.00,20.00,0.00),
 (237,'11',5.00,5225.00,20.00,0.00),
 (238,'12',5.00,5725.00,20.00,0.00),
 (239,'26',10.00,7000.00,0.00,0.00),
 (240,'37',2.00,2220.00,0.00,0.00),
 (241,'35',8.00,5400.00,0.00,0.00),
 (242,'41',1.00,740.00,0.00,0.00),
 (243,'4',60.00,69000.00,10.00,15.00),
 (244,'10',60.00,64800.00,10.00,15.00),
 (245,'9',60.00,68400.00,10.00,15.00),
 (246,'8',30.00,37800.00,10.00,15.00),
 (247,'11',12.00,12840.00,10.00,15.00),
 (248,'12',12.00,14040.00,10.00,15.00),
 (249,'6',2.00,2360.00,10.00,15.00),
 (250,'5',2.00,2490.00,10.00,15.00),
 (251,'17',1.00,985.00,0.00,0.00),
 (252,'26',2.00,1400.00,0.00,0.00),
 (253,'159',15.00,21000.00,0.00,0.00),
 (254,'28',1.00,1530.00,0.00,10.00),
 (255,'94',2.00,550.00,0.00,0.00),
 (256,'31',1.00,835.00,0.00,0.00),
 (257,'144',2.00,1330.00,0.00,0.00),
 (258,'27',1.00,1470.00,0.00,0.00),
 (259,'27',1.00,1470.00,0.00,0.00),
 (260,'35',1.00,675.00,0.00,0.00),
 (261,'33',1.00,810.00,0.00,0.00),
 (262,'18',10.00,394.00,0.00,0.00),
 (263,'27',1.00,1470.00,0.00,0.00),
 (264,'52',1.00,635.00,0.00,0.00),
 (265,'54',1.00,745.00,0.00,0.00),
 (266,'27',0.50,735.00,0.00,0.00),
 (267,'9',1.00,1135.00,0.00,0.00),
 (268,'9',0.50,567.50,20.00,0.00),
 (269,'10',0.50,537.50,20.00,0.00),
 (270,'27',1.00,1470.00,0.00,0.00),
 (271,'10',1.00,1085.00,10.00,0.00),
 (272,'27',0.50,740.00,0.00,10.00),
 (273,'11',1.00,1085.00,0.00,0.00),
 (274,'27',0.50,740.00,0.00,10.00),
 (275,'9',0.50,585.00,5.00,20.00),
 (276,'142',1.00,500.00,0.00,0.00),
 (277,'27',1.00,1470.00,0.00,0.00),
 (278,'4',1.00,1165.00,0.00,0.00),
 (279,'10',1.00,1095.00,0.00,0.00),
 (280,'27',2.00,2940.00,0.00,0.00),
 (281,'27',2.00,2940.00,0.00,0.00),
 (282,'9',1.00,1140.00,0.00,5.00),
 (283,'130',10.00,105.00,0.00,0.00),
 (284,'9',3.00,3420.00,0.00,5.00),
 (285,'8',1.00,1260.00,0.00,5.00),
 (286,'17',1.00,990.00,0.00,5.00),
 (287,'142',2.00,1000.00,0.00,0.00),
 (288,'27',2.00,2940.00,0.00,0.00),
 (289,'10',2.00,2160.00,0.00,5.00),
 (290,'11',1.00,1070.00,0.00,5.00),
 (291,'9',2.00,2280.00,0.00,5.00),
 (292,'27',2.00,2940.00,0.00,0.00),
 (293,'27',1.00,1470.00,0.00,0.00),
 (294,'27',1.00,1470.00,0.00,0.00),
 (295,'28',2.00,3040.00,0.00,0.00),
 (296,'142',5.00,2500.00,0.00,0.00),
 (297,'9',10.00,11300.00,10.00,5.00),
 (298,'10',5.00,5350.00,10.00,5.00),
 (299,'11',2.00,2120.00,10.00,5.00),
 (300,'12',2.00,2320.00,10.00,5.00),
 (301,'8',2.00,2500.00,10.00,5.00),
 (302,'157',15.00,105.00,0.00,0.00),
 (303,'35',1.00,675.00,0.00,0.00),
 (304,'160',1.00,300.00,0.00,0.00),
 (305,'8',1.00,1260.00,0.00,5.00),
 (306,'17',1.00,985.00,0.00,0.00),
 (307,'9',1.00,1155.00,0.00,0.00),
 (308,'27',1.00,1470.00,0.00,0.00),
 (309,'27',1.00,1470.00,0.00,0.00),
 (310,'9',1.00,1155.00,0.00,0.00),
 (311,'27',1.00,1470.00,0.00,0.00),
 (312,'27',1.00,1470.00,0.00,0.00),
 (313,'155',8.00,5960.00,0.00,0.00),
 (314,'27',1.00,1470.00,0.00,0.00),
 (315,'9',4.00,4500.00,10.00,0.00),
 (316,'10',2.00,2130.00,10.00,0.00),
 (317,'142',1.00,500.00,0.00,0.00),
 (318,'10',1.00,1095.00,0.00,0.00),
 (319,'27',0.50,735.00,0.00,0.00),
 (320,'28',0.50,760.00,0.00,0.00),
 (321,'9',0.50,570.00,20.00,5.00),
 (322,'142',2.00,1000.00,0.00,0.00),
 (323,'27',1.00,1470.00,0.00,0.00),
 (324,'11',1.00,1065.00,20.00,0.00),
 (325,'11',0.50,532.50,20.00,0.00),
 (326,'8',0.50,630.00,20.00,5.00),
 (327,'9',1.00,1155.00,0.00,0.00),
 (328,'27',1.00,1470.00,0.00,0.00),
 (329,'159',0.50,700.00,0.00,0.00),
 (330,'29',0.50,825.00,0.00,0.00),
 (331,'12',1.00,1165.00,20.00,0.00),
 (332,'25',1.00,745.00,0.00,0.00),
 (333,'36',12.00,337.50,0.88,0.00),
 (334,'10',3.00,3225.00,20.00,0.00),
 (335,'27',1.00,1470.00,0.00,0.00),
 (336,'27',1.00,1470.00,0.00,0.00),
 (337,'11',1.00,1085.00,0.00,0.00),
 (338,'9',1.00,1155.00,0.00,0.00),
 (339,'12',1.00,1175.00,10.00,0.00),
 (340,'11',0.50,545.00,0.00,5.00),
 (341,'27',0.50,735.00,0.00,0.00),
 (342,'159',0.50,705.00,0.00,10.00),
 (343,'27',1.00,1470.00,0.00,0.00),
 (344,'9',1.00,1155.00,0.00,0.00),
 (345,'27',1.00,1470.00,0.00,0.00),
 (346,'27',1.00,1470.00,0.00,0.00),
 (347,'27',1.00,1470.00,0.00,0.00),
 (348,'4',15.00,17400.00,0.00,15.00),
 (349,'15',1.00,1580.00,0.00,0.00),
 (350,'17',1.00,985.00,0.00,0.00),
 (351,'8',6.00,7500.00,10.00,5.00),
 (352,'10',12.00,12840.00,10.00,5.00),
 (353,'11',2.00,2120.00,10.00,5.00),
 (354,'4',5.00,5700.00,10.00,5.00),
 (355,'8',1.00,1275.00,0.00,20.00),
 (356,'9',1.00,1155.00,0.00,20.00),
 (357,'18',6.00,236.40,0.00,0.00),
 (358,'56',12.00,210.00,0.00,0.00),
 (359,'87',12.00,216.00,0.00,0.00),
 (360,'16',10.00,632.00,0.00,0.00),
 (361,'17',1.00,985.00,0.00,0.00),
 (362,'9',3.00,3435.00,0.00,10.00),
 (363,'35',4.00,2700.00,0.00,0.00),
 (364,'74',1.00,227.00,0.00,0.00),
 (365,'136',5.00,275.00,0.00,0.00),
 (366,'111',10.00,105.00,0.00,0.00),
 (367,'130',10.00,105.00,0.00,0.00),
 (368,'17',1.00,985.00,0.00,0.00),
 (369,'9',3.00,3480.00,0.00,25.00),
 (370,'10',2.00,2170.00,0.00,10.00),
 (371,'9',2.00,2290.00,0.00,10.00),
 (372,'27',4.00,5920.00,0.00,10.00),
 (373,'10',2.00,2180.00,0.00,15.00),
 (374,'8',1.00,1265.00,0.00,10.00),
 (375,'10',1.00,1085.00,0.00,10.00),
 (376,'9',1.00,1145.00,0.00,10.00),
 (377,'11',1.00,1075.00,0.00,10.00),
 (378,'23',2.00,1680.00,0.00,10.00),
 (379,'18',5.00,197.00,0.00,0.00),
 (380,'10',3.00,3255.00,0.00,10.00),
 (381,'9',1.00,1145.00,0.00,10.00),
 (382,'9',6.00,7020.00,0.00,35.00),
 (383,'10',6.00,6660.00,0.00,35.00),
 (384,'20',6.00,6150.00,0.00,35.00),
 (385,'30',5.00,7300.00,0.00,10.00),
 (386,'36',12.00,337.80,0.00,0.00),
 (387,'34',6.00,202.50,0.00,0.00),
 (388,'56',24.00,420.00,0.00,0.00),
 (389,'74',1.00,227.00,0.00,0.00),
 (390,'86',1.00,864.00,0.00,0.00),
 (391,'9',3.00,3450.00,0.00,15.00),
 (392,'8',1.00,1270.00,0.00,15.00),
 (393,'12',2.00,2360.00,0.00,15.00),
 (394,'9',7.00,7840.00,15.00,0.00),
 (395,'10',2.00,2120.00,15.00,0.00),
 (396,'9',3.00,3450.00,0.00,15.00),
 (397,'10',3.00,3270.00,0.00,15.00),
 (398,'8',2.00,2540.00,0.00,15.00),
 (399,'11',1.00,1080.00,0.00,15.00),
 (400,'12',2.00,2360.00,0.00,15.00),
 (401,'17',1.00,985.00,0.00,0.00),
 (402,'36',12.00,337.80,0.00,0.00),
 (403,'15',1.00,1580.00,0.00,0.00),
 (404,'5',1.00,1255.00,0.00,15.00),
 (405,'9',1.00,1150.00,0.00,15.00),
 (406,'10',1.00,1090.00,0.00,15.00),
 (407,'30',3.00,4380.00,0.00,10.00),
 (408,'8',1.00,1275.00,0.00,20.00),
 (409,'9',2.00,2310.00,0.00,20.00),
 (410,'10',1.00,1095.00,0.00,20.00),
 (411,'11',1.00,1085.00,0.00,20.00),
 (412,'30',2.00,2920.00,0.00,10.00),
 (413,'34',6.00,202.50,0.00,0.00),
 (414,'38',6.00,277.50,0.00,0.00),
 (415,'8',15.00,18975.00,10.00,20.00),
 (416,'9',23.00,26335.00,10.00,20.00),
 (417,'10',4.00,4340.00,10.00,20.00),
 (418,'11',4.00,4300.00,10.00,20.00),
 (419,'12',4.00,4700.00,10.00,20.00),
 (420,'20',10.00,10100.00,0.00,20.00),
 (421,'21',5.00,4925.00,0.00,20.00),
 (422,'19',2.00,2110.00,0.00,20.00),
 (423,'17',4.00,3940.00,0.00,0.00),
 (424,'23',2.00,1660.00,0.00,0.00),
 (425,'29',4.00,6640.00,0.00,10.00),
 (426,'27',4.00,5920.00,0.00,10.00),
 (427,'30',3.00,4380.00,0.00,10.00),
 (428,'35',1.00,675.00,0.00,0.00),
 (429,'32',15.00,540.00,0.00,0.00),
 (430,'34',15.00,506.25,0.00,0.00),
 (431,'16',10.00,632.00,0.00,0.00),
 (432,'27',3.00,4410.00,0.00,0.00),
 (433,'29',3.00,4950.00,0.00,0.00),
 (434,'30',2.00,2900.00,0.00,0.00),
 (435,'10',8.00,8680.00,0.00,10.00),
 (436,'9',5.00,5725.00,0.00,10.00),
 (437,'11',6.00,6450.00,0.00,10.00),
 (438,'12',2.00,2350.00,0.00,10.00),
 (439,'30',5.00,7300.00,0.00,10.00),
 (440,'20',5.00,5000.00,0.00,10.00),
 (441,'9',1.00,1145.00,0.00,10.00),
 (442,'9',6.00,6750.00,10.00,0.00),
 (443,'10',6.00,6390.00,10.00,0.00),
 (444,'11',2.00,2110.00,10.00,0.00),
 (445,'20',3.00,3000.00,0.00,10.00),
 (446,'10',10.00,10750.00,0.00,0.00),
 (447,'11',1.00,1065.00,0.00,0.00),
 (448,'9',4.00,4500.00,10.00,0.00),
 (449,'10',4.00,4260.00,10.00,0.00),
 (450,'9',40.00,44600.00,20.00,0.00),
 (451,'10',40.00,42200.00,20.00,0.00),
 (452,'31',2.00,1670.00,0.00,0.00),
 (453,'33',2.00,1620.00,0.00,0.00),
 (454,'9',6.00,6750.00,10.00,0.00),
 (455,'10',4.00,4260.00,10.00,0.00),
 (456,'11',3.00,3165.00,10.00,0.00),
 (457,'12',4.00,4620.00,10.00,0.00),
 (458,'37',1.00,1110.00,0.00,0.00),
 (459,'35',2.00,1350.00,0.00,0.00),
 (460,'10',2.00,2150.00,0.00,0.00),
 (461,'142',1.00,500.00,0.00,0.00),
 (462,'11',1.00,1065.00,0.00,0.00),
 (463,'9',1.00,1135.00,0.00,0.00),
 (464,'10',4.00,4340.00,0.00,10.00),
 (465,'9',1.00,1145.00,0.00,10.00),
 (466,'16',4.00,252.80,0.00,0.00),
 (467,'9',1.00,1135.00,0.00,0.00),
 (468,'10',2.00,2150.00,0.00,0.00),
 (469,'30',1.00,1450.00,0.00,0.00),
 (470,'8',1.00,1255.00,0.00,0.00),
 (471,'10',1.00,1075.00,0.00,0.00),
 (472,'9',4.00,4540.00,0.00,0.00),
 (473,'10',4.00,4300.00,0.00,0.00),
 (474,'23',1.00,830.00,0.00,0.00),
 (475,'9',1.00,1135.00,0.00,0.00),
 (476,'10',1.00,1075.00,0.00,0.00),
 (477,'10',1.00,1075.00,0.00,0.00),
 (478,'27',1.00,1470.00,0.00,0.00),
 (479,'10',3.00,3195.00,10.00,0.00),
 (480,'9',2.00,2250.00,10.00,0.00),
 (481,'12',1.00,1155.00,10.00,0.00),
 (482,'10',5.00,5375.00,0.00,0.00),
 (483,'27',2.00,2940.00,0.00,0.00),
 (484,'10',10.00,10650.00,10.00,0.00),
 (485,'11',1.00,1055.00,10.00,0.00),
 (486,'27',4.00,5880.00,0.00,0.00),
 (487,'5',1.00,1255.00,0.00,15.00),
 (488,'9',1.00,1150.00,0.00,15.00),
 (489,'10',1.00,1090.00,0.00,15.00),
 (490,'30',3.00,4380.00,0.00,10.00),
 (491,'22',1.00,885.00,0.00,25.00),
 (492,'6',1.00,1200.00,0.00,25.00),
 (493,'51',10.00,7050.00,0.00,0.00),
 (494,'10',6.00,6570.00,0.00,20.00),
 (495,'9',4.00,4620.00,0.00,20.00),
 (496,'8',2.00,2550.00,0.00,20.00),
 (497,'23',5.00,4250.00,0.00,20.00),
 (498,'4',2.00,2330.00,0.00,20.00),
 (499,'3',4.00,4420.00,0.00,20.00),
 (500,'10',6.00,6300.00,25.00,0.00),
 (501,'9',3.00,3330.00,25.00,0.00),
 (502,'14',2.00,1940.00,25.00,0.00),
 (503,'15',1.00,1580.00,0.00,0.00),
 (504,'9',1.00,1150.00,0.00,15.00),
 (505,'10',1.00,1090.00,0.00,15.00),
 (506,'161',1.00,755.00,0.00,0.00),
 (507,'9',1.00,1145.00,0.00,10.00),
 (508,'12',1.00,1175.00,0.00,10.00),
 (509,'27',5.00,7400.00,0.00,10.00),
 (510,'30',5.00,7300.00,0.00,10.00),
 (511,'36',12.00,337.80,0.00,0.00),
 (512,'74',1.00,227.00,0.00,0.00),
 (513,'15',1.00,1580.00,0.00,0.00),
 (514,'162',5.00,4800.00,0.00,0.00),
 (515,'8',30.00,37950.00,0.00,10.00),
 (516,'9',40.00,45800.00,0.00,10.00),
 (517,'10',20.00,21700.00,0.00,10.00),
 (518,'11',3.00,3225.00,0.00,10.00),
 (519,'12',7.00,8225.00,0.00,10.00),
 (520,'22',1.00,870.00,0.00,10.00),
 (521,'23',4.00,3360.00,0.00,10.00),
 (522,'5',10.00,12500.00,0.00,10.00),
 (523,'24',2.00,1310.00,0.00,0.00),
 (524,'25',1.00,745.00,0.00,0.00),
 (525,'111',48.00,504.00,0.00,0.00),
 (526,'74',2.00,454.00,0.00,0.00),
 (527,'55',1.00,819.00,0.00,0.00),
 (528,'163',2.00,230.00,0.00,0.00),
 (529,'68',3.00,418.50,0.00,0.00),
 (530,'93',10.00,510.00,0.00,0.00),
 (531,'76',1.00,669.60,0.00,0.00),
 (532,'17',3.00,2955.00,0.00,0.00),
 (533,'10',1.00,1095.00,0.00,0.00),
 (534,'27',2.00,2940.00,0.00,0.00),
 (535,'27',1.00,1470.00,0.00,0.00),
 (536,'142',1.00,500.00,0.00,0.00),
 (537,'27',0.50,740.00,0.00,10.00),
 (538,'27',1.00,1470.00,0.00,0.00),
 (539,'28',0.50,760.00,0.00,0.00),
 (540,'27',1.00,1470.00,0.00,0.00),
 (541,'27',1.00,1470.00,0.00,0.00),
 (542,'10',3.00,3195.00,10.00,0.00),
 (543,'30',1.00,1450.00,0.00,0.00),
 (544,'27',2.00,2940.00,0.00,0.00),
 (545,'28',1.00,1520.00,0.00,0.00),
 (546,'10',1.00,1095.00,0.00,0.00),
 (547,'27',1.00,1470.00,0.00,0.00),
 (548,'27',1.00,1470.00,0.00,0.00),
 (549,'27',3.00,4410.00,0.00,0.00),
 (550,'27',2.00,2940.00,0.00,0.00),
 (551,'9',2.00,2280.00,15.00,0.00),
 (552,'27',1.00,1470.00,0.00,0.00),
 (553,'12',1.00,1165.00,20.00,0.00),
 (554,'27',1.00,1470.00,0.00,0.00),
 (555,'27',1.00,1470.00,0.00,0.00),
 (556,'29',1.00,1650.00,0.00,0.00),
 (557,'27',0.50,735.00,0.00,0.00),
 (558,'164',1.00,5.00,0.00,0.00),
 (559,'9',0.50,580.00,0.00,5.00),
 (560,'27',0.50,740.00,0.00,10.00),
 (561,'10',1.00,1075.00,0.00,0.00),
 (562,'165',1.00,1450.00,50.00,0.00),
 (563,'27',1.00,1470.00,0.00,0.00),
 (564,'9',1.00,1155.00,0.00,0.00),
 (565,'27',1.00,1470.00,0.00,0.00),
 (566,'27',1.00,1470.00,0.00,0.00),
 (567,'142',1.00,500.00,0.00,0.00),
 (568,'27',1.00,1470.00,0.00,0.00),
 (569,'27',0.50,740.00,0.00,10.00),
 (570,'163',1.00,130.00,0.00,0.00),
 (571,'98',1.00,114.00,0.00,0.00),
 (572,'9',3.00,3375.00,10.00,0.00),
 (573,'10',5.00,5325.00,10.00,0.00),
 (574,'12',1.00,1155.00,10.00,0.00),
 (575,'8',1.00,1245.00,10.00,0.00),
 (576,'11',1.00,1055.00,10.00,0.00),
 (577,'35',1.00,675.00,0.00,0.00),
 (578,'25',1.00,745.00,0.00,0.00),
 (579,'143',1.00,715.00,0.00,0.00),
 (580,'1',1.00,660.00,0.00,0.00),
 (581,'9',10.00,11200.00,15.00,0.00),
 (582,'10',3.00,3255.00,0.00,10.00),
 (583,'11',1.00,1075.00,0.00,10.00),
 (584,'9',1.00,1145.00,0.00,10.00),
 (585,'10',2.00,2150.00,0.00,0.00),
 (586,'30',1.00,1450.00,0.00,0.00),
 (587,'9',1.00,1135.00,0.00,0.00),
 (588,'8',1.00,1255.00,0.00,0.00),
 (589,'10',1.00,1075.00,0.00,0.00),
 (590,'9',1.00,1135.00,0.00,0.00),
 (591,'10',2.00,2150.00,0.00,0.00),
 (592,'9',1.00,1135.00,0.00,0.00),
 (593,'27',1.00,1470.00,0.00,0.00),
 (594,'15',1.00,1580.00,0.00,0.00),
 (595,'162',5.00,4800.00,0.00,0.00),
 (596,'8',30.00,37950.00,0.00,10.00),
 (597,'9',40.00,45800.00,0.00,10.00),
 (598,'10',20.00,21700.00,0.00,10.00),
 (599,'11',3.00,3225.00,0.00,10.00),
 (600,'12',7.00,8225.00,0.00,10.00),
 (601,'22',1.00,870.00,0.00,10.00),
 (602,'23',4.00,3360.00,0.00,10.00),
 (603,'5',10.00,12500.00,0.00,10.00),
 (604,'24',2.00,1310.00,0.00,0.00),
 (605,'25',1.00,745.00,0.00,0.00),
 (606,'110',1.00,504.00,0.00,0.00),
 (607,'74',2.00,454.00,0.00,0.00),
 (608,'55',1.00,819.00,0.00,0.00),
 (609,'163',2.00,230.00,0.00,0.00),
 (610,'68',3.00,418.50,0.00,0.00),
 (611,'93',10.00,510.00,0.00,0.00),
 (612,'76',1.00,669.60,0.00,0.00),
 (613,'17',3.00,2955.00,0.00,0.00),
 (614,'166',5.00,900.00,0.00,0.00),
 (615,'167',20.00,1000.00,0.00,0.00),
 (616,'4',1.00,1155.00,0.00,10.00),
 (617,'7',3.00,270.00,0.00,0.00),
 (618,'12',5.00,5900.00,0.00,15.00),
 (619,'9',10.00,11500.00,0.00,15.00),
 (620,'10',10.00,10900.00,0.00,15.00),
 (621,'8',2.00,2540.00,0.00,15.00),
 (622,'25',2.00,1490.00,0.00,0.00),
 (623,'144',2.00,1330.00,0.00,0.00),
 (624,'24',2.00,1310.00,0.00,0.00),
 (625,'23',5.00,4225.00,0.00,15.00),
 (626,'27',1.00,1470.00,0.00,0.00),
 (627,'15',1.00,1580.00,0.00,0.00),
 (628,'9',2.00,2270.00,0.00,0.00),
 (629,'11',2.00,2130.00,0.00,0.00),
 (630,'12',1.00,1165.00,0.00,0.00),
 (631,'11',12.00,14292.00,0.00,126.00),
 (632,'12',1.00,1298.00,0.00,133.00),
 (633,'8',1.00,1394.00,0.00,139.00),
 (634,'8',1.00,1260.00,0.00,5.00),
 (635,'9',2.00,2280.00,0.00,5.00),
 (636,'1',2.00,1340.00,0.00,0.00),
 (637,'14',7.00,7105.00,0.00,0.00),
 (638,'144',3.00,1995.00,0.00,0.00),
 (639,'41',1.00,740.00,0.00,0.00),
 (640,'28',50.00,76000.00,0.00,0.00),
 (641,'27',90.00,132300.00,0.00,0.00),
 (642,'13',1.00,955.00,0.00,0.00),
 (643,'9',1.00,1155.00,0.00,0.00),
 (644,'77',2.00,62.00,0.00,0.00),
 (645,'27',1.00,1470.00,0.00,0.00),
 (646,'12',1.00,1165.00,20.00,0.00),
 (647,'9',1.00,1135.00,20.00,0.00),
 (648,'2',2.00,2380.00,0.00,0.00),
 (649,'4',1.00,1165.00,0.00,0.00),
 (650,'27',1.00,1470.00,0.00,0.00),
 (651,'27',1.00,1470.00,0.00,0.00),
 (652,'9',0.50,580.00,0.00,5.00),
 (653,'28',0.50,760.00,0.00,0.00),
 (654,'164',1.00,5.00,0.00,0.00),
 (655,'27',1.00,1470.00,0.00,0.00),
 (656,'30',0.50,725.00,0.00,0.00),
 (657,'164',1.00,5.00,0.00,0.00),
 (658,'30',1.00,1450.00,0.00,0.00),
 (659,'30',1.00,1450.00,0.00,0.00),
 (660,'27',1.00,1470.00,0.00,0.00),
 (661,'27',1.00,1470.00,0.00,0.00),
 (662,'27',0.50,735.00,0.00,0.00),
 (663,'10',1.00,1075.00,20.00,0.00),
 (664,'11',1.00,1085.00,0.00,0.00),
 (665,'12',1.00,1185.00,0.00,0.00),
 (666,'18',10.00,400.00,0.00,0.00),
 (667,'27',0.50,735.00,0.00,0.00),
 (668,'164',1.00,5.00,0.00,0.00),
 (669,'27',1.00,1470.00,0.00,0.00),
 (670,'27',0.50,735.00,0.00,0.00),
 (671,'27',1.00,1470.00,0.00,0.00),
 (672,'28',0.50,760.00,0.00,0.00),
 (673,'27',1.00,1470.00,0.00,0.00),
 (674,'28',1.00,1520.00,0.00,0.00),
 (675,'27',1.00,1470.00,0.00,0.00),
 (676,'30',0.50,725.00,0.00,0.00),
 (677,'164',1.00,5.00,0.00,0.00),
 (678,'142',1.00,500.00,0.00,0.00),
 (679,'29',0.50,825.00,0.00,0.00),
 (680,'4',0.50,585.00,0.00,5.00),
 (681,'27',1.00,1470.00,0.00,0.00),
 (682,'29',1.00,1650.00,0.00,0.00),
 (683,'30',1.00,1450.00,0.00,0.00),
 (684,'27',0.50,735.00,0.00,0.00),
 (685,'164',1.00,5.00,0.00,0.00),
 (686,'10',1.00,1095.00,0.00,0.00),
 (687,'27',0.50,735.00,0.00,0.00),
 (688,'30',1.00,1450.00,0.00,0.00),
 (689,'142',1.00,500.00,0.00,0.00),
 (690,'30',1.00,1450.00,0.00,0.00),
 (691,'27',0.50,735.00,0.00,0.00),
 (692,'164',1.00,5.00,0.00,0.00),
 (693,'37',1.00,1110.00,0.00,0.00),
 (694,'18',10.00,394.00,0.00,0.00),
 (695,'8',2.00,2490.00,10.00,0.00),
 (696,'9',8.00,9000.00,10.00,0.00),
 (697,'10',8.00,8520.00,10.00,0.00),
 (698,'11',2.00,2110.00,10.00,0.00),
 (699,'12',2.00,2310.00,10.00,0.00),
 (700,'9',6.00,6750.00,10.00,0.00),
 (701,'10',2.00,2130.00,10.00,0.00),
 (702,'11',2.00,2110.00,10.00,0.00),
 (703,'12',2.00,2310.00,10.00,0.00),
 (704,'8',2.00,2460.00,25.00,0.00),
 (705,'9',20.00,22200.00,25.00,0.00),
 (706,'10',15.00,15750.00,25.00,0.00),
 (707,'11',2.00,2080.00,25.00,0.00),
 (708,'10',3.00,3225.00,0.00,0.00),
 (709,'9',3.00,3405.00,0.00,0.00),
 (710,'9',1.00,1145.00,0.00,10.00),
 (711,'10',4.00,4380.00,0.00,0.00),
 (712,'12',14.00,15820.00,35.00,0.00),
 (713,'11',8.00,8224.00,37.00,0.00),
 (714,'9',28.00,30800.00,35.00,0.00),
 (715,'8',28.00,34160.00,35.00,0.00),
 (716,'10',5.00,5185.00,38.00,0.00),
 (717,'15',1.00,1580.00,0.00,0.00),
 (718,'1',3.00,2002.50,0.00,7.50),
 (719,'8',0.50,640.00,0.00,5.00),
 (720,'164',1.00,5.00,0.00,0.00),
 (721,'56',10.00,190.00,0.00,0.00),
 (722,'27',1.00,1470.00,0.00,0.00),
 (723,'20',1.00,1010.00,0.00,0.00),
 (724,'29',0.50,825.00,0.00,0.00),
 (725,'29',1.00,1650.00,0.00,0.00),
 (726,'27',1.00,1470.00,0.00,0.00),
 (727,'27',1.00,1470.00,0.00,0.00),
 (728,'9',1.00,1135.00,0.00,0.00),
 (729,'28',1.00,1520.00,0.00,0.00),
 (730,'159',1.00,1400.00,0.00,0.00),
 (731,'9',2.00,2280.00,15.00,0.00),
 (732,'27',1.00,1470.00,0.00,0.00),
 (733,'50',6.00,4260.00,0.00,0.00),
 (734,'28',1.00,1520.00,0.00,0.00),
 (735,'9',0.50,580.00,0.00,5.00),
 (736,'164',1.00,5.00,0.00,0.00),
 (737,'9',1.00,1135.00,0.00,0.00),
 (738,'12',1.00,1165.00,0.00,0.00),
 (739,'20',1.00,990.00,0.00,0.00),
 (740,'11',1.00,1065.00,0.00,0.00),
 (741,'10',2.00,2180.00,0.00,15.00),
 (742,'9',1.00,1150.00,0.00,15.00),
 (743,'142',5.00,2500.00,0.00,0.00),
 (744,'4',36.00,41940.00,0.00,0.00),
 (745,'9',4.00,4620.00,0.00,0.00),
 (746,'11',2.00,2170.00,0.00,0.00),
 (747,'142',3.00,1500.00,0.00,0.00),
 (748,'9',3.00,3360.00,15.00,0.00),
 (749,'10',3.00,3180.00,15.00,0.00),
 (750,'9',1.00,1150.00,0.00,15.00),
 (751,'10',1.00,1090.00,0.00,15.00),
 (752,'36',12.00,337.80,0.00,0.00),
 (753,'159',20.00,28000.00,0.00,0.00),
 (754,'10',10.00,10900.00,0.00,15.00),
 (755,'9',10.00,11500.00,0.00,15.00),
 (756,'12',3.00,3540.00,0.00,15.00),
 (757,'17',5.00,4925.00,0.00,0.00),
 (758,'15',2.00,3160.00,0.00,0.00),
 (759,'9',10.00,11350.00,0.00,0.00),
 (760,'10',4.00,4300.00,0.00,0.00),
 (761,'8',1.00,1255.00,0.00,0.00),
 (762,'11',1.00,1065.00,0.00,0.00),
 (763,'27',2.00,2940.00,0.00,0.00),
 (764,'27',6.00,8820.00,0.00,0.00),
 (765,'30',6.00,8700.00,0.00,0.00),
 (766,'28',5.00,7600.00,0.00,0.00),
 (767,'27',5.00,7350.00,0.00,0.00),
 (768,'169',1.00,1160.00,0.00,0.00),
 (769,'168',1.00,1140.00,0.00,0.00),
 (770,'27',1.00,1470.00,0.00,0.00),
 (771,'142',10.00,5000.00,0.00,0.00),
 (772,'73',2.00,333.00,0.00,0.00),
 (773,'111',24.00,252.00,0.00,0.00),
 (774,'130',24.00,252.00,0.00,0.00),
 (775,'8',2.00,2530.00,10.00,0.00),
 (776,'27',0.50,735.00,0.00,0.00),
 (777,'164',1.00,5.00,0.00,0.00),
 (778,'168',1.00,1140.00,0.00,0.00),
 (779,'28',1.00,1520.00,0.00,0.00),
 (780,'27',0.50,735.00,0.00,0.00),
 (781,'164',1.00,5.00,0.00,0.00),
 (782,'27',1.00,1470.00,0.00,0.00),
 (783,'9',0.50,580.00,0.00,5.00),
 (784,'164',1.00,5.00,0.00,0.00),
 (785,'27',1.00,1470.00,0.00,0.00),
 (786,'27',1.00,1470.00,0.00,0.00),
 (787,'30',1.00,1450.00,0.00,0.00),
 (788,'28',1.00,1520.00,0.00,0.00),
 (789,'159',2.00,2800.00,0.00,0.00),
 (790,'30',2.00,2900.00,0.00,0.00),
 (791,'168',1.00,1140.00,0.00,0.00),
 (792,'27',1.00,1470.00,0.00,0.00),
 (793,'9',1.00,1135.00,0.00,0.00),
 (794,'10',1.00,1075.00,0.00,0.00),
 (795,'8',1.00,1255.00,0.00,0.00),
 (796,'27',1.00,1470.00,0.00,0.00),
 (797,'159',0.50,700.00,0.00,0.00),
 (798,'164',1.00,5.00,0.00,0.00),
 (799,'27',2.00,2940.00,0.00,0.00),
 (800,'27',1.00,1470.00,0.00,0.00),
 (801,'9',1.00,1140.00,15.00,0.00),
 (802,'27',1.00,1470.00,0.00,0.00),
 (803,'27',0.50,735.00,0.00,0.00),
 (804,'164',1.00,5.00,0.00,0.00),
 (805,'27',1.00,1470.00,0.00,0.00),
 (806,'27',0.50,735.00,0.00,0.00),
 (807,'164',1.00,5.00,0.00,0.00),
 (808,'10',0.50,550.00,0.00,5.00),
 (809,'1',1.00,670.00,0.00,0.00),
 (810,'24',1.00,655.00,0.00,0.00),
 (811,'27',0.50,735.00,0.00,0.00),
 (812,'164',1.00,5.00,0.00,0.00),
 (813,'27',0.50,735.00,0.00,0.00),
 (814,'164',1.00,5.00,0.00,0.00),
 (815,'28',0.50,760.00,0.00,0.00),
 (816,'164',1.00,5.00,0.00,0.00),
 (817,'27',0.50,735.00,0.00,0.00),
 (818,'164',1.00,5.00,0.00,0.00),
 (819,'27',1.00,1470.00,0.00,0.00),
 (820,'27',2.00,2940.00,0.00,0.00),
 (821,'9',1.00,1135.00,20.00,0.00),
 (822,'27',1.00,1470.00,0.00,0.00),
 (823,'10',1.00,1095.00,0.00,0.00),
 (824,'9',4.00,4620.00,0.00,0.00),
 (825,'17',2.00,1970.00,0.00,0.00),
 (826,'56',2.00,38.00,0.00,0.00),
 (827,'75',12.00,57.00,1.25,0.00),
 (828,'79',2.00,40.00,0.00,0.00),
 (829,'9',1.00,1155.00,0.00,0.00),
 (830,'27',1.50,2205.00,0.00,0.00),
 (831,'164',1.00,5.00,0.00,0.00),
 (832,'27',1.00,1470.00,0.00,0.00),
 (833,'27',3.00,4410.00,0.00,0.00),
 (834,'27',1.00,1470.00,0.00,0.00),
 (835,'9',1.00,1135.00,20.00,0.00),
 (836,'10',1.00,1075.00,20.00,0.00),
 (837,'27',0.50,735.00,0.00,0.00),
 (838,'164',1.00,5.00,0.00,0.00),
 (839,'29',2.00,3300.00,0.00,0.00),
 (840,'30',1.00,1450.00,0.00,0.00),
 (841,'12',1.00,1185.00,0.00,0.00),
 (842,'27',1.00,1470.00,0.00,0.00),
 (843,'58',1.00,170.00,0.00,0.00),
 (844,'159',1.00,1400.00,0.00,0.00),
 (845,'27',1.00,1470.00,0.00,0.00),
 (846,'28',2.00,3040.00,0.00,0.00),
 (847,'27',5.00,7350.00,0.00,0.00),
 (848,'9',8.00,9000.00,10.00,0.00),
 (849,'10',6.00,6390.00,10.00,0.00),
 (850,'11',2.00,2110.00,10.00,0.00),
 (851,'12',2.00,2310.00,10.00,0.00),
 (852,'9',10.00,11250.00,10.00,0.00),
 (853,'10',10.00,10650.00,10.00,0.00),
 (854,'8',3.00,3735.00,10.00,0.00),
 (855,'27',5.00,7350.00,0.00,0.00),
 (856,'159',5.00,7000.00,0.00,0.00),
 (857,'11',1.00,1065.00,0.00,0.00),
 (858,'9',1.00,1135.00,0.00,0.00),
 (859,'27',2.00,2940.00,0.00,0.00),
 (860,'9',3.00,3375.00,10.00,0.00),
 (861,'169',5.00,5800.00,0.00,0.00),
 (862,'170',1.00,1160.00,0.00,0.00),
 (863,'171',3.00,2100.00,0.00,0.00),
 (864,'28',5.00,7600.00,0.00,0.00),
 (865,'10',2.00,2160.00,0.00,5.00),
 (866,'9',2.00,2280.00,0.00,5.00),
 (867,'9',13.00,14820.00,0.00,5.00),
 (868,'10',2.00,2160.00,0.00,5.00),
 (869,'142',5.00,2500.00,0.00,0.00),
 (870,'27',5.00,7350.00,0.00,0.00),
 (871,'28',4.00,6080.00,0.00,0.00),
 (872,'6',1.00,1180.00,0.00,5.00),
 (873,'170',1.00,1160.00,0.00,0.00),
 (874,'169',7.00,8120.00,0.00,0.00),
 (875,'9',1.00,1135.00,20.00,0.00),
 (876,'83',1.00,117.00,0.00,0.00),
 (877,'28',1.00,1520.00,0.00,0.00),
 (878,'27',0.50,735.00,0.00,0.00),
 (879,'27',0.50,735.00,0.00,0.00),
 (880,'164',1.00,5.00,0.00,0.00),
 (881,'11',0.50,545.00,0.00,5.00),
 (882,'10',0.50,550.00,0.00,5.00),
 (883,'164',2.00,10.00,0.00,0.00),
 (884,'27',1.00,1470.00,0.00,0.00),
 (885,'159',1.00,1400.00,0.00,0.00),
 (886,'28',1.00,1520.00,0.00,0.00),
 (887,'27',0.50,735.00,0.00,0.00),
 (888,'164',1.00,5.00,0.00,0.00),
 (889,'29',1.00,1650.00,0.00,0.00),
 (890,'26',1.00,700.00,0.00,0.00),
 (891,'50',5.00,3550.00,0.00,0.00),
 (892,'51',5.00,3525.00,0.00,0.00),
 (893,'12',1.00,1175.00,10.00,0.00),
 (894,'30',0.50,725.00,0.00,0.00),
 (895,'164',1.00,5.00,0.00,0.00),
 (896,'11',1.00,1055.00,10.00,0.00),
 (897,'16',10.00,632.00,0.00,0.00),
 (898,'159',0.50,700.00,0.00,0.00),
 (899,'164',1.00,5.00,0.00,0.00),
 (900,'27',1.00,1470.00,0.00,0.00),
 (901,'27',0.50,735.00,0.00,0.00),
 (902,'27',1.00,1470.00,0.00,0.00),
 (903,'27',0.50,735.00,0.00,0.00),
 (904,'27',1.00,1470.00,0.00,0.00),
 (905,'27',0.50,735.00,0.00,0.00),
 (906,'164',1.00,5.00,0.00,0.00),
 (907,'27',0.50,735.00,0.00,0.00),
 (908,'164',1.00,5.00,0.00,0.00),
 (909,'29',1.00,1650.00,0.00,0.00),
 (910,'27',1.00,1470.00,0.00,0.00),
 (911,'27',0.50,735.00,0.00,0.00),
 (912,'164',1.00,5.00,0.00,0.00),
 (913,'9',1.00,1155.00,0.00,0.00),
 (914,'9',1.00,1135.00,0.00,0.00),
 (915,'10',1.00,1075.00,0.00,0.00),
 (916,'27',1.00,1470.00,0.00,0.00),
 (917,'27',1.00,1470.00,0.00,0.00),
 (918,'93',1.00,56.00,0.00,0.00),
 (919,'28',0.50,760.00,0.00,0.00),
 (920,'27',1.00,1470.00,0.00,0.00),
 (921,'9',1.00,1135.00,0.00,0.00),
 (922,'10',5.00,5325.00,10.00,0.00),
 (923,'9',5.00,5625.00,10.00,0.00),
 (924,'12',2.00,2310.00,10.00,0.00),
 (925,'11',2.00,2110.00,10.00,0.00),
 (926,'8',10.00,12350.00,20.00,0.00),
 (927,'9',30.00,33450.00,20.00,0.00),
 (928,'10',30.00,31650.00,20.00,0.00),
 (929,'11',5.00,5225.00,20.00,0.00),
 (930,'12',5.00,5725.00,20.00,0.00),
 (931,'26',10.00,7000.00,0.00,0.00),
 (932,'17',2.00,1970.00,0.00,0.00),
 (933,'27',1.00,1470.00,0.00,0.00),
 (934,'27',1.00,1470.00,0.00,0.00),
 (935,'11',0.50,550.00,0.00,15.00),
 (936,'8',1.00,1275.00,0.00,0.00),
 (937,'27',1.00,1470.00,0.00,0.00),
 (938,'27',1.00,1470.00,0.00,0.00),
 (939,'9',0.50,570.00,20.00,5.00),
 (940,'27',1.00,1470.00,0.00,0.00),
 (941,'9',1.00,1155.00,0.00,0.00),
 (942,'27',1.00,1470.00,0.00,0.00),
 (943,'170',0.50,580.00,0.00,0.00),
 (944,'164',1.00,5.00,0.00,0.00),
 (945,'27',1.00,1470.00,0.00,0.00),
 (946,'27',0.50,735.00,0.00,0.00),
 (947,'164',1.00,5.00,0.00,0.00),
 (948,'27',1.50,2205.00,0.00,0.00),
 (949,'28',0.50,760.00,0.00,0.00),
 (950,'9',1.00,1155.00,0.00,0.00),
 (951,'27',1.00,1470.00,0.00,0.00),
 (952,'10',4.00,4300.00,20.00,0.00),
 (953,'26',1.00,700.00,0.00,0.00),
 (954,'9',3.00,3375.00,30.00,0.00),
 (955,'10',1.00,1095.00,0.00,0.00),
 (956,'9',1.00,1155.00,0.00,0.00),
 (957,'27',1.00,1470.00,0.00,0.00),
 (958,'27',0.50,735.00,0.00,0.00),
 (959,'10',1.00,1065.00,30.00,0.00),
 (960,'30',1.00,1450.00,0.00,0.00),
 (961,'27',1.00,1470.00,0.00,0.00),
 (962,'27',1.00,1470.00,0.00,0.00),
 (963,'2',2.00,2380.00,0.00,0.00),
 (964,'159',0.50,700.00,0.00,0.00),
 (965,'164',1.00,5.00,0.00,0.00),
 (966,'27',1.00,1470.00,0.00,0.00),
 (967,'9',0.50,580.00,0.00,5.00),
 (968,'27',1.00,1470.00,0.00,0.00),
 (969,'27',0.50,735.00,0.00,0.00),
 (970,'27',1.00,1470.00,0.00,0.00),
 (971,'9',2.00,2270.00,20.00,0.00),
 (972,'10',1.00,1095.00,0.00,0.00),
 (973,'27',1.00,1470.00,0.00,0.00),
 (974,'172',2.00,180.00,0.00,0.00),
 (975,'168',0.50,570.00,0.00,0.00),
 (976,'164',1.00,5.00,0.00,0.00),
 (977,'27',3.00,4410.00,0.00,0.00),
 (978,'10',1.00,1075.00,20.00,0.00),
 (979,'27',0.50,735.00,0.00,0.00),
 (980,'164',1.00,5.00,0.00,0.00),
 (981,'27',1.00,1470.00,0.00,0.00),
 (982,'28',0.50,760.00,0.00,0.00),
 (983,'9',1.00,1140.00,15.00,0.00),
 (984,'11',1.00,1065.00,20.00,0.00),
 (985,'9',1.00,1135.00,20.00,0.00),
 (986,'28',0.50,760.00,0.00,0.00),
 (987,'27',0.50,735.00,0.00,0.00),
 (988,'8',1.00,1275.00,0.00,0.00),
 (989,'162',4.00,3840.00,0.00,0.00),
 (990,'3',10.00,11050.00,0.00,0.00),
 (991,'8',1.00,1245.00,10.00,0.00),
 (992,'10',8.00,8520.00,10.00,0.00),
 (993,'11',2.00,2110.00,10.00,0.00),
 (994,'12',2.00,2310.00,10.00,0.00),
 (995,'38',6.00,277.50,0.00,0.00),
 (996,'63',1.00,594.00,0.00,0.00),
 (997,'93',6.00,306.00,0.00,0.00),
 (998,'18',6.00,236.40,0.00,0.00),
 (999,'10',10.00,10650.00,10.00,0.00),
 (1000,'9',12.00,13500.00,10.00,0.00),
 (1001,'8',1.00,1245.00,10.00,0.00),
 (1002,'9',10.00,11250.00,10.00,0.00),
 (1003,'10',5.00,5325.00,10.00,0.00),
 (1004,'11',2.00,2110.00,10.00,0.00),
 (1005,'10',4.00,4300.00,0.00,0.00),
 (1006,'27',4.00,5880.00,0.00,0.00),
 (1007,'9',1.00,1135.00,0.00,0.00),
 (1008,'10',1.00,1075.00,0.00,0.00),
 (1009,'173',1.00,800.00,0.00,0.00),
 (1010,'169',3.00,3480.00,0.00,0.00),
 (1011,'9',3.00,3405.00,0.00,0.00),
 (1012,'10',1.00,1075.00,0.00,0.00),
 (1013,'159',2.00,2800.00,0.00,0.00),
 (1014,'9',2.00,2250.00,10.00,0.00),
 (1015,'10',3.00,3195.00,10.00,0.00),
 (1016,'35',1.00,675.00,0.00,0.00),
 (1017,'37',1.00,1110.00,0.00,0.00),
 (1018,'9',1.00,1145.00,0.00,10.00),
 (1019,'10',1.00,1085.00,0.00,10.00),
 (1020,'27',2.00,2940.00,0.00,0.00),
 (1021,'27',2.00,2940.00,0.00,0.00),
 (1022,'9',1.00,1135.00,0.00,0.00),
 (1023,'159',1.00,1400.00,0.00,0.00),
 (1024,'9',3.00,3405.00,0.00,0.00),
 (1025,'10',3.00,3225.00,0.00,0.00),
 (1026,'11',1.00,1065.00,0.00,0.00),
 (1027,'9',1.00,1135.00,0.00,0.00),
 (1028,'10',1.00,1075.00,0.00,0.00),
 (1029,'27',1.00,1470.00,0.00,0.00),
 (1030,'27',2.00,2940.00,0.00,0.00),
 (1031,'9',4.00,4620.00,0.00,0.00),
 (1032,'11',4.00,4340.00,0.00,0.00),
 (1033,'8',1.00,1275.00,0.00,0.00),
 (1034,'17',1.00,985.00,0.00,0.00),
 (1035,'9',10.00,11250.00,10.00,0.00),
 (1036,'10',8.00,8520.00,10.00,0.00),
 (1037,'12',1.00,1155.00,10.00,0.00),
 (1038,'11',1.00,1055.00,10.00,0.00),
 (1039,'27',1.00,1470.00,0.00,0.00),
 (1040,'26',1.00,700.00,0.00,0.00),
 (1041,'9',2.00,2270.00,0.00,0.00),
 (1042,'11',1.00,1065.00,0.00,0.00),
 (1043,'18',10.00,394.00,0.00,0.00),
 (1044,'12',1.00,1155.00,10.00,0.00),
 (1045,'9',1.00,1125.00,10.00,0.00),
 (1046,'10',7.00,7350.00,25.00,0.00),
 (1047,'9',13.00,14430.00,25.00,0.00),
 (1048,'11',3.00,3120.00,25.00,0.00),
 (1049,'9',1.00,1125.00,10.00,0.00),
 (1050,'10',1.00,1065.00,10.00,0.00),
 (1051,'8',1.00,1245.00,10.00,0.00),
 (1052,'11',1.00,1055.00,10.00,0.00),
 (1053,'27',1.00,1470.00,0.00,0.00),
 (1054,'28',2.00,3040.00,0.00,0.00),
 (1055,'159',1.00,1400.00,0.00,0.00),
 (1056,'4',1.00,1145.00,0.00,0.00),
 (1057,'159',2.00,2800.00,0.00,0.00),
 (1058,'115',2.00,356.00,0.00,0.00),
 (1059,'111',5.00,52.50,0.00,0.00),
 (1060,'130',4.00,42.00,0.00,0.00),
 (1061,'174',10.00,126.50,0.00,0.00),
 (1062,'105',10.00,45.00,0.00,0.00),
 (1063,'16',2.00,126.40,0.00,0.00),
 (1064,'9',3.00,3375.00,10.00,0.00),
 (1065,'10',3.00,3195.00,10.00,0.00),
 (1066,'12',3.00,3465.00,10.00,0.00),
 (1067,'23',5.00,4150.00,0.00,0.00),
 (1068,'8',1.00,1245.00,10.00,0.00),
 (1069,'11',2.00,2110.00,10.00,0.00),
 (1070,'27',20.00,29400.00,0.00,0.00),
 (1071,'28',4.00,6080.00,0.00,0.00),
 (1072,'29',10.00,16500.00,0.00,0.00),
 (1073,'30',10.00,14500.00,0.00,0.00),
 (1074,'159',5.00,7000.00,0.00,0.00),
 (1075,'169',1.00,1160.00,0.00,0.00),
 (1076,'168',1.00,1140.00,0.00,0.00),
 (1077,'27',25.00,36750.00,0.00,0.00),
 (1078,'164',5.00,25.00,0.00,0.00),
 (1079,'9',2.00,2290.00,10.00,0.00),
 (1080,'142',2.00,1000.00,0.00,0.00),
 (1081,'12',1.00,1175.00,10.00,0.00),
 (1082,'136',1.00,65.00,0.00,0.00),
 (1083,'9',0.50,580.00,0.00,5.00),
 (1084,'164',1.00,5.00,0.00,0.00),
 (1085,'9',2.00,2270.00,20.00,0.00),
 (1086,'12',1.00,1165.00,20.00,0.00),
 (1087,'142',2.00,1000.00,0.00,0.00),
 (1088,'28',1.00,1520.00,0.00,0.00),
 (1089,'9',1.00,1155.00,0.00,0.00),
 (1090,'28',0.50,760.00,0.00,0.00),
 (1091,'9',0.50,570.00,20.00,5.00),
 (1092,'9',1.00,1150.00,5.00,0.00),
 (1093,'87',2.00,44.00,0.00,0.00),
 (1094,'30',1.00,1450.00,0.00,0.00),
 (1095,'9',2.00,2280.00,15.00,0.00),
 (1096,'9',1.00,1135.00,20.00,0.00),
 (1097,'22',1.00,880.00,0.00,0.00),
 (1098,'12',1.00,1180.00,5.00,0.00),
 (1099,'10',1.00,1090.00,5.00,0.00),
 (1100,'159',0.50,700.00,0.00,0.00),
 (1101,'164',1.00,5.00,0.00,0.00),
 (1102,'9',1.00,1135.00,0.00,0.00),
 (1103,'165',1.00,1450.00,50.00,0.00),
 (1104,'159',1.00,1400.00,0.00,0.00),
 (1105,'142',1.00,500.00,0.00,0.00),
 (1106,'8',1.00,1265.00,10.00,0.00),
 (1107,'10',1.00,1085.00,10.00,0.00),
 (1108,'9',1.00,1145.00,10.00,0.00),
 (1109,'10',0.50,550.00,0.00,5.00),
 (1110,'164',1.00,5.00,0.00,0.00),
 (1111,'10',3.00,3195.00,10.00,0.00),
 (1112,'10',1.00,1090.00,5.00,0.00),
 (1113,'4',1.50,1755.00,0.00,5.00),
 (1114,'165',1.00,1450.00,50.00,0.00),
 (1115,'11',1.00,1065.00,20.00,0.00),
 (1116,'175',1.00,180.00,0.00,0.00),
 (1117,'9',6.00,6750.00,10.00,0.00),
 (1118,'10',4.00,4260.00,10.00,0.00),
 (1119,'11',3.00,3165.00,10.00,0.00),
 (1120,'27',4.00,5880.00,0.00,0.00),
 (1121,'12',1.00,1165.00,0.00,0.00),
 (1122,'17',1.00,985.00,0.00,0.00),
 (1123,'9',1.00,1135.00,0.00,0.00),
 (1124,'8',1.00,1255.00,0.00,0.00),
 (1125,'10',2.00,2150.00,0.00,0.00),
 (1126,'10',2.00,2150.00,0.00,0.00),
 (1127,'9',1.00,1145.00,0.00,10.00),
 (1128,'9',30.00,33300.00,25.00,0.00),
 (1129,'10',30.00,31500.00,25.00,0.00),
 (1130,'8',5.00,6150.00,25.00,0.00),
 (1131,'11',3.00,3120.00,25.00,0.00),
 (1132,'12',2.00,2280.00,25.00,0.00),
 (1133,'9',1.00,1135.00,0.00,0.00),
 (1134,'10',1.00,1075.00,0.00,0.00),
 (1135,'23',1.00,830.00,0.00,0.00),
 (1136,'9',1.00,1135.00,0.00,0.00),
 (1137,'30',1.00,1450.00,0.00,0.00),
 (1138,'10',5.00,5250.00,25.00,0.00),
 (1139,'9',3.00,3330.00,25.00,0.00),
 (1140,'37',1.00,1110.00,0.00,0.00),
 (1141,'26',4.00,2800.00,0.00,0.00),
 (1142,'159',3.00,4260.00,0.00,20.00),
 (1143,'30',1.00,1470.00,0.00,20.00),
 (1144,'27',3.00,4470.00,0.00,20.00),
 (1145,'28',1.00,1540.00,0.00,20.00),
 (1146,'22',1.00,880.00,0.00,20.00),
 (1147,'17',1.00,985.00,0.00,0.00),
 (1148,'159',1.00,1410.00,0.00,10.00),
 (1149,'10',8.00,8760.00,0.00,20.00),
 (1150,'23',3.00,2550.00,0.00,20.00),
 (1151,'11',1.00,1085.00,0.00,20.00),
 (1152,'17',3.00,2955.00,0.00,0.00),
 (1153,'8',10.00,12200.00,35.00,0.00),
 (1154,'9',6.00,6600.00,35.00,0.00),
 (1155,'10',8.00,8320.00,35.00,0.00),
 (1156,'11',6.00,6180.00,35.00,0.00),
 (1157,'20',8.00,7640.00,35.00,0.00),
 (1158,'27',5.00,7400.00,0.00,10.00),
 (1159,'30',6.00,8760.00,0.00,10.00),
 (1160,'32',6.00,216.00,0.00,0.00),
 (1161,'10',3.00,3255.00,0.00,10.00),
 (1162,'8',1.00,1265.00,0.00,10.00),
 (1163,'8',1.00,1275.00,0.00,20.00),
 (1164,'9',2.00,2310.00,0.00,20.00),
 (1165,'10',1.00,1095.00,0.00,20.00),
 (1166,'11',1.00,1085.00,0.00,20.00),
 (1167,'12',1.00,1185.00,0.00,20.00),
 (1168,'9',6.00,6870.00,0.00,10.00),
 (1169,'10',2.00,2170.00,0.00,10.00),
 (1170,'22',3.00,2610.00,0.00,10.00),
 (1171,'73',5.00,832.50,0.00,0.00),
 (1172,'74',1.00,227.00,0.00,0.00),
 (1173,'89',20.00,126.00,0.00,0.00),
 (1174,'8',3.00,3840.00,0.00,25.00),
 (1175,'9',4.00,4640.00,0.00,25.00),
 (1176,'20',1.00,1015.00,0.00,25.00),
 (1177,'9',2.00,2270.00,0.00,0.00),
 (1178,'10',1.00,1075.00,0.00,0.00),
 (1179,'27',4.00,5880.00,0.00,0.00),
 (1180,'30',1.00,1450.00,0.00,0.00),
 (1181,'10',2.00,2150.00,0.00,0.00),
 (1182,'12',1.00,1165.00,0.00,0.00),
 (1183,'9',1.00,1155.00,0.00,20.00),
 (1184,'10',1.00,1095.00,0.00,20.00),
 (1185,'30',2.00,2920.00,0.00,10.00),
 (1186,'32',6.00,208.80,0.00,0.00),
 (1187,'34',12.00,405.00,0.00,0.00),
 (1188,'36',12.00,337.80,0.00,0.00),
 (1189,'103',24.00,324.00,0.00,0.00),
 (1190,'75',12.00,57.00,0.00,0.00),
 (1191,'138',24.00,96.00,0.00,0.00),
 (1192,'89',12.00,75.60,0.00,0.00),
 (1193,'20',20.00,19800.00,0.00,0.00),
 (1194,'10',5.00,5250.00,25.00,0.00),
 (1195,'8',3.00,3765.00,0.00,0.00),
 (1196,'11',2.00,2130.00,0.00,0.00),
 (1197,'12',2.00,2330.00,0.00,0.00),
 (1198,'20',3.00,2970.00,0.00,0.00),
 (1199,'27',15.00,22200.00,0.00,10.00),
 (1200,'30',5.00,7300.00,0.00,10.00),
 (1201,'159',15.00,21150.00,0.00,10.00),
 (1202,'25',1.00,745.00,0.00,0.00),
 (1203,'24',1.00,655.00,0.00,0.00),
 (1204,'26',1.00,700.00,0.00,0.00),
 (1205,'9',2.00,2290.00,0.00,10.00),
 (1206,'48',1.00,615.00,0.00,0.00),
 (1207,'32',6.00,208.80,0.00,0.00),
 (1208,'28',2.00,3040.00,0.00,0.00),
 (1209,'142',5.00,2500.00,0.00,0.00),
 (1210,'8',2.00,2520.00,0.00,5.00),
 (1211,'9',18.00,20520.00,0.00,5.00),
 (1212,'10',9.00,9720.00,0.00,5.00),
 (1213,'27',5.00,7350.00,0.00,0.00),
 (1214,'26',1.00,700.00,0.00,0.00),
 (1215,'1',1.00,662.50,0.00,2.50),
 (1216,'6',1.00,1180.00,0.00,5.00),
 (1217,'173',1.00,800.00,0.00,0.00),
 (1218,'28',1.00,1520.00,0.00,0.00),
 (1219,'27',2.00,2940.00,0.00,0.00),
 (1220,'27',2.00,2940.00,0.00,0.00),
 (1221,'27',3.00,4410.00,0.00,0.00),
 (1222,'142',2.00,1000.00,0.00,0.00),
 (1223,'9',2.00,2280.00,0.00,5.00),
 (1224,'27',1.00,1470.00,0.00,0.00),
 (1225,'30',2.00,2900.00,0.00,0.00),
 (1226,'27',1.00,1470.00,0.00,0.00),
 (1227,'155',3.00,2235.00,0.00,0.00),
 (1228,'18',10.00,394.00,0.00,0.00),
 (1229,'10',1.00,1085.00,0.00,10.00),
 (1230,'9',1.00,1145.00,0.00,10.00),
 (1231,'24',1.00,655.00,0.00,0.00),
 (1232,'12',1.00,1175.00,0.00,10.00),
 (1233,'9',1.00,1145.00,0.00,10.00),
 (1234,'10',1.00,1085.00,0.00,10.00),
 (1235,'4',10.00,11600.00,0.00,15.00),
 (1236,'30',1.00,1450.00,0.00,0.00),
 (1237,'10',2.00,2170.00,0.00,10.00),
 (1238,'9',2.00,2290.00,0.00,10.00),
 (1239,'27',4.00,5920.00,0.00,10.00),
 (1240,'8',1.00,1265.00,0.00,10.00),
 (1241,'9',1.00,1145.00,0.00,10.00),
 (1242,'10',1.00,1085.00,0.00,10.00),
 (1243,'86',1.00,864.00,0.00,0.00),
 (1244,'9',5.00,5725.00,0.00,10.00),
 (1245,'8',1.00,1245.00,10.00,0.00),
 (1246,'12',1.00,1155.00,10.00,0.00),
 (1247,'27',6.00,8820.00,0.00,0.00),
 (1248,'27',21.50,31605.00,0.00,0.00),
 (1249,'164',3.00,15.00,0.00,0.00),
 (1250,'4',0.50,585.00,0.00,5.00),
 (1251,'10',1.00,1095.00,0.00,0.00),
 (1252,'9',0.50,570.00,0.00,5.00),
 (1253,'9',2.00,2270.00,20.00,0.00),
 (1254,'28',0.50,760.00,0.00,0.00),
 (1255,'164',1.00,5.00,0.00,0.00),
 (1256,'12',1.00,1185.00,0.00,0.00),
 (1257,'17',1.00,985.00,0.00,0.00),
 (1258,'10',1.00,1075.00,20.00,0.00),
 (1259,'10',1.00,1075.00,20.00,0.00),
 (1260,'28',1.00,1520.00,0.00,0.00),
 (1261,'10',3.00,3225.00,20.00,0.00),
 (1262,'9',2.00,2290.00,10.00,0.00),
 (1263,'9',1.00,1145.00,10.00,0.00),
 (1264,'11',1.00,1065.00,20.00,0.00),
 (1265,'9',1.00,1145.00,10.00,0.00),
 (1266,'10',1.00,1075.00,20.00,0.00),
 (1267,'9',1.00,1155.00,0.00,0.00),
 (1268,'4',1.00,1165.00,0.00,0.00),
 (1269,'175',1.00,244.00,0.00,0.00),
 (1270,'10',1.00,1075.00,20.00,0.00),
 (1271,'9',1.00,1155.00,0.00,0.00),
 (1272,'159',2.00,2820.00,0.00,10.00),
 (1273,'30',2.00,2920.00,0.00,10.00),
 (1274,'8',2.00,2500.00,10.00,5.00),
 (1275,'10',15.00,16050.00,10.00,5.00),
 (1276,'11',3.00,3180.00,10.00,5.00),
 (1277,'12',4.00,4640.00,10.00,5.00),
 (1278,'4',2.00,2280.00,10.00,5.00),
 (1279,'17',2.00,1970.00,0.00,0.00),
 (1280,'10',5.00,5450.00,0.00,15.00),
 (1281,'9',3.00,3450.00,0.00,15.00),
 (1282,'25',1.00,745.00,0.00,0.00),
 (1283,'12',1.00,1180.00,0.00,15.00),
 (1284,'9',10.00,11250.00,10.00,0.00),
 (1285,'10',4.00,4260.00,10.00,0.00),
 (1286,'12',2.00,2310.00,10.00,0.00),
 (1287,'9',1.00,1145.00,0.00,10.00),
 (1288,'20',3.00,3000.00,0.00,10.00),
 (1289,'27',2.00,2940.00,0.00,0.00),
 (1290,'10',1.00,1075.00,0.00,0.00),
 (1291,'9',1.00,1135.00,0.00,0.00),
 (1292,'8',1.00,1255.00,0.00,0.00),
 (1293,'9',6.00,6750.00,10.00,0.00),
 (1294,'10',3.00,3195.00,10.00,0.00),
 (1295,'12',3.00,3465.00,10.00,0.00),
 (1296,'11',3.00,3165.00,10.00,0.00),
 (1297,'37',1.00,1110.00,0.00,0.00),
 (1298,'33',1.00,810.00,0.00,0.00),
 (1299,'159',6.00,8400.00,0.00,0.00),
 (1300,'165',1.00,1450.00,0.00,0.00),
 (1301,'176',1.00,1450.00,0.00,0.00),
 (1302,'7',2.00,180.00,0.00,0.00),
 (1303,'17',3.00,2955.00,0.00,0.00),
 (1304,'162',1.00,960.00,0.00,0.00),
 (1305,'15',1.00,1580.00,0.00,0.00),
 (1306,'8',10.00,12650.00,0.00,10.00),
 (1307,'9',35.00,40075.00,0.00,10.00),
 (1308,'10',20.00,21700.00,0.00,10.00),
 (1309,'11',4.00,4300.00,0.00,10.00),
 (1310,'12',4.00,4700.00,0.00,10.00),
 (1311,'24',2.00,1310.00,0.00,0.00),
 (1312,'25',1.00,745.00,0.00,0.00),
 (1313,'23',3.00,2520.00,0.00,10.00),
 (1314,'22',1.00,870.00,0.00,10.00),
 (1315,'4',2.00,2310.00,0.00,10.00),
 (1316,'5',30.00,37500.00,0.00,10.00),
 (1317,'163',3.00,345.00,0.00,0.00),
 (1318,'177',1.00,500.00,0.00,0.00),
 (1319,'174',100.00,1265.00,0.00,0.00),
 (1320,'180',3.00,465.00,0.00,0.00),
 (1321,'94',2.00,550.00,0.00,0.00),
 (1322,'10',2.00,2180.00,0.00,15.00),
 (1323,'9',1.00,1150.00,0.00,15.00),
 (1324,'27',1.00,1470.00,0.00,0.00),
 (1325,'9',1.00,1135.00,0.00,0.00),
 (1326,'9',2.00,2270.00,0.00,0.00),
 (1327,'11',1.00,1065.00,0.00,0.00),
 (1328,'9',1.00,1135.00,0.00,0.00),
 (1329,'10',1.00,1075.00,0.00,0.00),
 (1330,'181',10.00,460.00,0.00,0.00),
 (1331,'182',20.00,560.00,0.00,0.00),
 (1332,'183',24.00,984.00,0.00,0.00),
 (1333,'184',5.00,1000.00,0.00,0.00),
 (1334,'185',96.00,480.00,0.00,0.00),
 (1335,'186',10.00,1650.00,0.00,0.00),
 (1336,'30',2.00,2900.00,0.00,0.00),
 (1337,'27',5.00,7350.00,0.00,0.00),
 (1338,'9',1.00,1155.00,0.00,0.00),
 (1339,'169',1.00,1160.00,0.00,0.00),
 (1340,'2',3.00,3540.00,10.00,0.00),
 (1341,'3',2.00,2190.00,10.00,0.00),
 (1342,'30',0.50,725.00,0.00,0.00),
 (1343,'164',1.00,5.00,0.00,0.00),
 (1344,'9',1.00,1135.00,0.00,0.00),
 (1345,'10',1.00,1075.00,0.00,0.00),
 (1346,'9',5.00,5675.00,0.00,0.00),
 (1347,'10',5.00,5375.00,0.00,0.00),
 (1348,'11',1.00,1065.00,0.00,0.00),
 (1349,'36',12.00,337.80,0.00,0.00),
 (1350,'48',3.00,1845.00,0.00,0.00),
 (1351,'23',1.00,840.00,0.00,10.00),
 (1352,'9',2.00,2270.00,20.00,0.00),
 (1353,'30',0.50,730.00,0.00,10.00),
 (1354,'27',0.50,735.00,0.00,0.00),
 (1355,'30',1.00,1450.00,0.00,0.00),
 (1356,'9',1.00,1135.00,20.00,0.00),
 (1357,'142',1.00,500.00,0.00,0.00),
 (1358,'27',2.00,2940.00,0.00,0.00),
 (1359,'27',1.00,1470.00,0.00,0.00),
 (1360,'10',1.00,1075.00,20.00,0.00),
 (1361,'27',0.50,735.00,0.00,0.00),
 (1362,'18',2.00,80.00,0.00,0.00),
 (1363,'27',0.50,735.00,0.00,0.00),
 (1364,'164',3.00,15.00,0.00,0.00),
 (1365,'164',2.00,10.00,0.00,0.00),
 (1366,'29',1.00,1760.00,0.00,110.00),
 (1367,'28',0.50,760.00,0.00,0.00),
 (1368,'27',6.00,8820.00,0.00,0.00),
 (1369,'30',1.00,1450.00,0.00,0.00),
 (1370,'30',1.00,1450.00,0.00,0.00),
 (1371,'164',1.00,5.00,0.00,0.00),
 (1372,'9',1.00,1155.00,0.00,0.00),
 (1373,'187',1.00,95.00,0.00,0.00),
 (1374,'9',30.00,34050.00,0.00,0.00),
 (1375,'10',30.00,32250.00,0.00,0.00),
 (1376,'8',30.00,37650.00,0.00,0.00),
 (1377,'22',10.00,8600.00,0.00,0.00),
 (1378,'11',10.00,10650.00,0.00,0.00),
 (1379,'12',10.00,11650.00,0.00,0.00),
 (1380,'15',2.00,3160.00,0.00,0.00),
 (1381,'17',2.00,1970.00,0.00,0.00),
 (1382,'188',1.00,1200.00,0.00,0.00),
 (1383,'8',1.00,1245.00,10.00,0.00),
 (1384,'9',5.00,5625.00,10.00,0.00),
 (1385,'10',5.00,5325.00,10.00,0.00),
 (1386,'11',2.00,2110.00,10.00,0.00),
 (1387,'9',15.00,16875.00,10.00,0.00),
 (1388,'10',15.00,15975.00,10.00,0.00),
 (1389,'11',2.00,2110.00,10.00,0.00),
 (1390,'8',2.00,2490.00,10.00,0.00),
 (1391,'73',2.00,333.00,0.00,0.00),
 (1392,'27',4.00,5880.00,0.00,0.00),
 (1393,'8',1.00,1245.00,10.00,0.00),
 (1394,'9',3.00,3375.00,10.00,0.00),
 (1395,'10',2.00,2130.00,10.00,0.00),
 (1396,'37',1.00,1110.00,0.00,0.00),
 (1397,'8',1.00,1260.00,0.00,5.00),
 (1398,'9',2.00,2280.00,0.00,5.00),
 (1399,'27',3.00,4410.00,0.00,0.00),
 (1400,'9',25.00,28375.00,0.00,0.00),
 (1401,'10',25.00,26875.00,0.00,0.00),
 (1402,'8',25.00,31375.00,0.00,0.00),
 (1403,'22',8.00,6880.00,0.00,0.00),
 (1404,'12',8.00,9320.00,0.00,0.00),
 (1405,'11',8.00,8520.00,0.00,0.00),
 (1406,'17',2.00,1970.00,0.00,0.00),
 (1407,'15',2.00,3160.00,0.00,0.00),
 (1408,'168',1.00,1140.00,0.00,0.00),
 (1409,'28',5.00,7600.00,0.00,0.00),
 (1410,'27',4.00,5880.00,0.00,0.00),
 (1411,'30',3.00,4350.00,0.00,0.00),
 (1412,'32',3.00,104.40,0.00,0.00),
 (1413,'9',1.00,1125.00,10.00,0.00),
 (1414,'8',2.00,2530.00,10.00,0.00),
 (1415,'27',2.00,2940.00,0.00,0.00),
 (1416,'30',7.00,10150.00,0.00,0.00),
 (1417,'9',2.00,2250.00,10.00,0.00),
 (1418,'28',1.00,1520.00,0.00,0.00),
 (1419,'9',2.00,2310.00,0.00,0.00),
 (1420,'30',1.00,1450.00,0.00,0.00),
 (1421,'27',0.50,740.00,0.00,10.00),
 (1422,'8',1.00,1260.00,0.00,5.00),
 (1423,'9',2.00,2280.00,0.00,5.00),
 (1424,'27',3.00,4410.00,0.00,0.00),
 (1425,'8',1.00,1245.00,10.00,0.00),
 (1426,'9',3.00,3375.00,10.00,0.00),
 (1427,'10',2.00,2130.00,10.00,0.00),
 (1428,'37',1.00,1110.00,0.00,0.00),
 (1429,'30',1.50,2175.00,0.00,0.00),
 (1430,'164',1.00,5.00,0.00,0.00),
 (1431,'27',1.00,1480.00,0.00,10.00),
 (1432,'28',2.00,3040.00,0.00,0.00),
 (1433,'30',2.00,2900.00,0.00,0.00),
 (1434,'8',1.00,1245.00,30.00,0.00),
 (1435,'9',5.00,5625.00,30.00,0.00),
 (1436,'10',5.00,5325.00,30.00,0.00),
 (1437,'11',2.00,2110.00,30.00,0.00),
 (1438,'27',0.50,740.00,0.00,10.00),
 (1439,'9',3.00,3420.00,10.00,15.00),
 (1440,'10',7.00,7560.00,10.00,15.00),
 (1441,'8',1.00,1260.00,10.00,15.00),
 (1442,'27',1.00,1470.00,0.00,0.00),
 (1443,'29',0.50,825.00,0.00,0.00),
 (1444,'9',1.00,1125.00,30.00,0.00),
 (1445,'27',1.00,1470.00,0.00,0.00),
 (1446,'28',2.00,3040.00,0.00,0.00),
 (1447,'27',3.00,4410.00,0.00,0.00),
 (1448,'30',3.00,4350.00,0.00,0.00),
 (1449,'28',2.00,3040.00,0.00,0.00),
 (1450,'27',2.00,2940.00,0.00,0.00),
 (1451,'27',1.00,1470.00,0.00,0.00),
 (1452,'9',2.00,2280.00,15.00,0.00),
 (1453,'28',1.00,1520.00,0.00,0.00),
 (1454,'51',6.00,4230.00,0.00,0.00),
 (1455,'9',1.00,1155.00,0.00,0.00),
 (1456,'27',0.50,740.00,0.00,10.00),
 (1457,'9',1.00,1155.00,0.00,0.00),
 (1458,'12',1.00,1185.00,0.00,0.00),
 (1459,'27',1.50,2205.00,0.00,0.00),
 (1460,'164',1.00,5.00,0.00,0.00),
 (1461,'27',1.00,1470.00,0.00,0.00),
 (1462,'28',1.00,1520.00,0.00,0.00),
 (1463,'11',0.50,545.00,0.00,5.00),
 (1464,'27',0.50,740.00,0.00,10.00),
 (1465,'4',1.00,1165.00,0.00,0.00),
 (1466,'27',1.00,1470.00,0.00,0.00),
 (1467,'27',0.50,740.00,0.00,10.00),
 (1468,'27',0.50,740.00,0.00,10.00),
 (1469,'27',4.00,5880.00,0.00,0.00),
 (1470,'142',1.00,500.00,0.00,0.00),
 (1471,'29',1.00,1650.00,0.00,0.00),
 (1472,'131',2.00,340.00,0.00,0.00),
 (1473,'189',2.00,35.00,0.00,0.00),
 (1474,'93',3.00,168.00,0.00,0.00),
 (1475,'159',0.50,705.00,0.00,10.00),
 (1476,'27',3.00,4410.00,0.00,0.00),
 (1477,'142',1.00,500.00,0.00,0.00),
 (1478,'9',1.00,1155.00,0.00,0.00),
 (1479,'9',0.50,580.00,0.00,5.00),
 (1480,'35',1.00,675.00,0.00,0.00),
 (1481,'18',10.00,400.00,0.00,0.00),
 (1482,'42',22.00,678.70,0.00,0.00),
 (1483,'9',7.00,8365.00,0.00,60.00),
 (1484,'11',3.00,3375.00,0.00,60.00),
 (1485,'9',6.00,7170.00,0.00,60.00),
 (1486,'11',2.00,2250.00,0.00,60.00),
 (1487,'36',4.00,112.60,0.00,0.00),
 (1488,'35',4.00,2700.00,0.00,0.00),
 (1489,'27',5.00,7350.00,0.00,0.00),
 (1490,'8',2.00,2490.00,10.00,0.00),
 (1491,'9',7.00,7875.00,10.00,0.00),
 (1492,'10',5.00,5325.00,10.00,0.00),
 (1493,'11',3.00,3165.00,10.00,0.00),
 (1494,'12',2.00,2310.00,10.00,0.00),
 (1495,'17',1.00,985.00,0.00,0.00),
 (1496,'9',3.00,3450.00,0.00,15.00),
 (1497,'10',5.00,5450.00,0.00,15.00),
 (1498,'8',1.00,1270.00,0.00,15.00),
 (1499,'17',1.00,985.00,0.00,0.00),
 (1500,'9',3.00,3360.00,15.00,0.00),
 (1501,'10',5.00,5300.00,15.00,0.00),
 (1502,'8',1.00,1240.00,15.00,0.00),
 (1503,'16',12.00,758.40,0.00,0.00),
 (1504,'8',3.00,3810.00,0.00,15.00),
 (1505,'9',5.00,5750.00,0.00,15.00),
 (1506,'10',5.00,5450.00,0.00,15.00),
 (1507,'10',5.00,5450.00,0.00,15.00),
 (1508,'9',3.00,3450.00,0.00,15.00),
 (1509,'35',1.00,675.00,0.00,0.00),
 (1510,'9',2.00,2300.00,0.00,15.00),
 (1511,'10',1.00,1090.00,0.00,15.00),
 (1512,'36',12.00,337.80,0.00,0.00),
 (1513,'34',12.00,405.00,0.00,0.00),
 (1514,'20',2.00,1980.00,0.00,0.00),
 (1515,'20',1.00,1000.00,0.00,10.00),
 (1516,'38',3.00,138.75,0.00,0.00),
 (1517,'24',1.00,655.00,0.00,0.00),
 (1518,'18',5.00,197.00,0.00,0.00),
 (1519,'41',1.00,740.00,0.00,0.00),
 (1520,'42',8.00,246.80,0.00,0.00),
 (1521,'40',12.00,376.80,0.00,0.00),
 (1522,'35',1.00,675.00,0.00,0.00),
 (1523,'17',1.00,985.00,0.00,0.00),
 (1524,'73',3.00,499.50,0.00,0.00),
 (1525,'10',2.00,2130.00,10.00,0.00),
 (1526,'20',1.00,990.00,0.00,0.00),
 (1527,'21',1.00,965.00,0.00,0.00),
 (1528,'23',1.00,830.00,0.00,0.00),
 (1529,'24',1.00,655.00,0.00,0.00),
 (1530,'27',1.00,1470.00,0.00,0.00),
 (1531,'10',2.00,2130.00,10.00,0.00),
 (1532,'9',2.00,2250.00,10.00,0.00),
 (1533,'86',0.50,432.00,0.00,0.00),
 (1534,'90',0.50,324.00,0.00,0.00),
 (1535,'84',0.50,259.25,0.00,0.00),
 (1536,'9',7.00,8365.00,0.00,60.00),
 (1537,'11',3.00,3375.00,0.00,60.00),
 (1538,'10',1.00,1085.00,0.00,10.00),
 (1539,'9',1.00,1145.00,0.00,10.00),
 (1540,'27',1.00,1470.00,0.00,0.00),
 (1541,'9',1.00,1135.00,0.00,0.00),
 (1542,'10',3.00,3225.00,0.00,0.00),
 (1543,'27',1.00,1470.00,0.00,0.00),
 (1544,'14',1.00,1015.00,0.00,0.00),
 (1545,'9',2.00,2270.00,0.00,0.00),
 (1546,'10',3.00,3225.00,0.00,0.00),
 (1547,'27',1.00,1470.00,0.00,0.00),
 (1548,'28',1.00,1520.00,0.00,0.00),
 (1549,'1',5.00,3337.50,0.00,7.50),
 (1550,'17',3.00,2955.00,0.00,0.00),
 (1551,'8',10.00,12350.00,20.00,0.00),
 (1552,'9',30.00,33450.00,20.00,0.00),
 (1553,'10',40.00,42200.00,20.00,0.00),
 (1554,'26',10.00,7000.00,0.00,0.00),
 (1555,'37',2.00,2220.00,0.00,0.00),
 (1556,'35',6.00,4050.00,0.00,0.00),
 (1557,'31',1.00,835.00,0.00,0.00),
 (1558,'33',1.00,810.00,0.00,0.00),
 (1559,'9',2.00,2250.00,10.00,0.00),
 (1560,'10',1.00,1065.00,10.00,0.00),
 (1561,'20',1.00,990.00,0.00,0.00),
 (1562,'21',1.00,965.00,0.00,0.00),
 (1563,'23',1.00,830.00,0.00,0.00),
 (1564,'24',1.00,655.00,0.00,0.00),
 (1565,'27',1.00,1470.00,0.00,0.00),
 (1566,'9',67.00,75040.00,15.00,0.00),
 (1567,'11',7.00,7350.00,15.00,0.00),
 (1568,'10',28.00,29680.00,15.00,0.00),
 (1569,'8',5.00,6200.00,15.00,0.00),
 (1570,'12',3.00,3450.00,15.00,0.00),
 (1571,'84',1.00,518.50,0.00,0.00),
 (1572,'86',1.00,864.00,0.00,0.00),
 (1573,'90',1.00,648.00,0.00,0.00),
 (1574,'11',1.00,1085.00,0.00,0.00),
 (1575,'9',1.00,1155.00,0.00,0.00),
 (1576,'27',2.00,2940.00,0.00,0.00),
 (1577,'28',1.50,2280.00,0.00,0.00),
 (1578,'164',1.00,5.00,0.00,0.00),
 (1579,'9',2.00,2310.00,0.00,0.00),
 (1580,'56',5.00,95.00,0.00,0.00),
 (1581,'36',1.00,29.00,0.00,0.00),
 (1582,'4',1.00,1155.00,10.00,0.00),
 (1583,'16',2.00,128.00,0.00,0.00),
 (1584,'11',0.50,545.00,0.00,5.00),
 (1585,'10',0.50,550.00,0.00,5.00),
 (1586,'164',1.00,5.00,0.00,0.00),
 (1587,'93',1.00,56.00,0.00,0.00),
 (1588,'27',4.00,5880.00,0.00,0.00),
 (1589,'10',1.00,1095.00,0.00,0.00),
 (1590,'9',1.00,1155.00,0.00,0.00),
 (1591,'27',1.00,1470.00,0.00,0.00),
 (1592,'37',1.00,1110.00,0.00,0.00),
 (1593,'10',1.00,1075.00,20.00,0.00),
 (1594,'9',0.50,580.00,0.00,5.00),
 (1595,'27',1.00,1470.00,0.00,0.00),
 (1596,'142',2.00,1000.00,0.00,0.00),
 (1597,'9',1.00,1155.00,0.00,0.00),
 (1598,'27',0.50,740.00,0.00,10.00),
 (1599,'10',0.50,550.00,0.00,5.00),
 (1600,'30',0.50,730.00,0.00,10.00),
 (1601,'9',2.00,2310.00,0.00,0.00),
 (1602,'142',2.00,1000.00,0.00,0.00),
 (1603,'27',2.50,3675.00,0.00,0.00),
 (1604,'164',1.00,5.00,0.00,0.00),
 (1605,'27',6.00,8820.00,0.00,0.00),
 (1606,'30',1.00,1450.00,0.00,0.00),
 (1607,'27',1.00,1470.00,0.00,0.00),
 (1608,'164',2.00,10.00,0.00,0.00),
 (1609,'9',1.00,1135.00,20.00,0.00),
 (1610,'194',1.00,64.00,0.00,0.00),
 (1611,'9',0.50,575.00,15.00,10.00),
 (1612,'9',0.50,580.00,0.00,5.00),
 (1613,'164',1.00,5.00,0.00,0.00),
 (1614,'9',3.00,3405.00,20.00,0.00),
 (1615,'12',1.00,1165.00,20.00,0.00),
 (1616,'27',2.00,2940.00,0.00,0.00),
 (1617,'30',1.00,1450.00,0.00,0.00),
 (1618,'105',5.00,25.00,0.00,0.00),
 (1619,'9',2.00,2250.00,10.00,0.00),
 (1620,'10',2.00,2130.00,10.00,0.00),
 (1621,'12',1.00,1155.00,10.00,0.00),
 (1622,'33',1.00,810.00,0.00,0.00),
 (1623,'20',2.00,2000.00,0.00,10.00),
 (1624,'9',1.00,1135.00,0.00,0.00),
 (1625,'27',1.00,1470.00,0.00,0.00),
 (1626,'9',3.00,3405.00,0.00,0.00),
 (1627,'11',1.00,1065.00,0.00,0.00),
 (1628,'9',6.00,6750.00,10.00,0.00),
 (1629,'27',0.50,740.00,0.00,10.00),
 (1630,'93',1.00,56.00,0.00,0.00),
 (1631,'56',1.00,19.00,0.00,0.00),
 (1632,'34',3.00,101.25,0.00,0.00),
 (1633,'38',4.00,185.00,0.00,0.00),
 (1634,'36',6.00,168.90,0.00,0.00),
 (1635,'91',12.00,162.00,0.00,0.00),
 (1636,'142',1.00,500.00,0.00,0.00),
 (1637,'12',1.00,1175.00,10.00,0.00),
 (1638,'8',1.00,1255.00,20.00,0.00),
 (1639,'27',1.00,1470.00,0.00,0.00),
 (1640,'18',2.00,80.00,0.00,0.00),
 (1641,'10',1.00,1075.00,20.00,0.00),
 (1642,'27',9.50,13965.00,0.00,0.00),
 (1643,'9',0.50,580.00,0.00,5.00),
 (1644,'164',1.00,5.00,0.00,0.00),
 (1645,'188',1.00,1200.00,0.00,0.00),
 (1646,'27',2.00,2940.00,0.00,0.00),
 (1647,'27',7.00,10290.00,0.00,0.00),
 (1648,'50',4.00,2840.00,0.00,0.00),
 (1649,'4',1.00,1165.00,0.00,0.00),
 (1650,'27',1.00,1470.00,0.00,0.00),
 (1651,'164',1.00,5.00,0.00,0.00),
 (1652,'9',1.00,1135.00,20.00,0.00),
 (1653,'11',0.50,540.00,10.00,5.00),
 (1654,'27',6.00,8820.00,0.00,0.00),
 (1655,'10',1.00,1085.00,10.00,0.00),
 (1656,'28',0.50,760.00,0.00,0.00),
 (1657,'105',6.00,30.00,0.00,0.00),
 (1658,'128',10.00,35.00,0.00,0.00),
 (1659,'27',6.00,8820.00,0.00,0.00),
 (1660,'9',5.00,5625.00,10.00,0.00),
 (1661,'10',5.00,5325.00,10.00,0.00),
 (1662,'11',2.00,2110.00,10.00,0.00),
 (1663,'12',2.00,2310.00,10.00,0.00),
 (1664,'20',1.00,1000.00,0.00,10.00),
 (1665,'27',1.00,1470.00,0.00,0.00),
 (1666,'29',2.00,3300.00,0.00,0.00),
 (1667,'28',1.00,1520.00,0.00,0.00),
 (1668,'9',1.00,1135.00,0.00,0.00),
 (1669,'20',1.00,990.00,0.00,0.00),
 (1670,'11',1.00,1065.00,0.00,0.00),
 (1671,'8',2.00,2490.00,10.00,0.00),
 (1672,'9',8.00,9000.00,10.00,0.00),
 (1673,'10',5.00,5325.00,10.00,0.00),
 (1674,'11',3.00,3165.00,10.00,0.00),
 (1675,'164',1.00,5.00,0.00,0.00),
 (1676,'9',2.00,2270.00,0.00,0.00),
 (1677,'10',2.00,2150.00,0.00,0.00),
 (1678,'18',10.00,394.00,0.00,0.00),
 (1679,'11',1.00,1065.00,0.00,0.00),
 (1680,'10',3.00,3225.00,0.00,0.00),
 (1681,'9',1.00,1135.00,0.00,0.00),
 (1682,'20',1.00,990.00,0.00,0.00),
 (1683,'10',1.00,1075.00,0.00,0.00),
 (1684,'9',1.00,1135.00,0.00,0.00),
 (1685,'27',1.00,1470.00,0.00,0.00),
 (1686,'10',10.00,10650.00,10.00,0.00),
 (1687,'9',6.00,6750.00,10.00,0.00),
 (1688,'11',1.00,1055.00,10.00,0.00),
 (1689,'10',2.00,2130.00,10.00,0.00),
 (1690,'12',1.00,1155.00,10.00,0.00),
 (1691,'11',1.00,1055.00,10.00,0.00),
 (1692,'35',2.00,1350.00,0.00,0.00),
 (1693,'27',5.00,7350.00,0.00,0.00),
 (1694,'10',5.00,5375.00,0.00,0.00),
 (1695,'9',2.00,2270.00,0.00,0.00),
 (1696,'11',1.00,1065.00,0.00,0.00),
 (1697,'9',2.00,2250.00,10.00,0.00),
 (1698,'11',1.00,1075.00,0.00,10.00),
 (1699,'12',1.00,1175.00,0.00,10.00),
 (1700,'9',2.00,2270.00,0.00,0.00),
 (1701,'10',1.00,1075.00,0.00,0.00),
 (1702,'27',1.00,1470.00,0.00,0.00),
 (1703,'30',1.00,1450.00,0.00,0.00),
 (1704,'27',5.00,7350.00,0.00,0.00),
 (1705,'28',5.00,7600.00,0.00,0.00),
 (1706,'9',2.00,2280.00,0.00,5.00),
 (1707,'10',4.00,4320.00,0.00,5.00),
 (1708,'11',1.00,1070.00,0.00,5.00),
 (1709,'142',2.00,1000.00,0.00,0.00),
 (1710,'8',2.00,2520.00,0.00,5.00),
 (1711,'142',5.00,2500.00,0.00,0.00),
 (1712,'9',15.00,17100.00,0.00,5.00),
 (1713,'27',5.00,7350.00,0.00,0.00),
 (1714,'28',4.00,6080.00,0.00,0.00),
 (1715,'142',5.00,2500.00,0.00,0.00),
 (1716,'9',15.00,17100.00,0.00,5.00),
 (1717,'12',4.00,4680.00,0.00,5.00),
 (1718,'11',5.00,5350.00,0.00,5.00),
 (1719,'10',5.00,5400.00,0.00,5.00),
 (1720,'6',1.00,1180.00,0.00,5.00),
 (1721,'8',2.00,2520.00,0.00,5.00),
 (1722,'17',1.00,985.00,0.00,0.00),
 (1723,'4',1.00,1150.00,0.00,5.00),
 (1724,'195',10.00,150.00,0.00,0.00),
 (1725,'130',3.00,31.50,0.00,0.00),
 (1726,'103',30.00,405.00,0.00,0.00),
 (1727,'74',1.00,227.00,0.00,0.00),
 (1728,'93',3.00,153.00,0.00,0.00),
 (1729,'55',1.00,819.00,0.00,0.00),
 (1730,'138',30.00,120.00,0.00,0.00),
 (1731,'10',10.00,10650.00,10.00,0.00),
 (1732,'9',10.00,11250.00,10.00,0.00),
 (1733,'8',2.00,2490.00,10.00,0.00),
 (1734,'12',1.00,1155.00,10.00,0.00),
 (1735,'11',2.00,2110.00,10.00,0.00),
 (1736,'27',2.00,2940.00,0.00,0.00),
 (1737,'27',50.00,73500.00,0.00,0.00),
 (1738,'9',2.00,2250.00,10.00,0.00),
 (1739,'28',1.00,1520.00,0.00,0.00),
 (1740,'27',1.00,1470.00,0.00,0.00),
 (1741,'9',1.00,1140.00,0.00,5.00),
 (1742,'27',1.00,1470.00,0.00,0.00),
 (1743,'11',1.00,1070.00,0.00,5.00),
 (1744,'9',2.00,2280.00,0.00,5.00),
 (1745,'17',2.00,1970.00,0.00,0.00),
 (1746,'9',20.00,22300.00,20.00,0.00),
 (1747,'10',50.00,52750.00,20.00,0.00),
 (1748,'12',5.00,5725.00,20.00,0.00),
 (1749,'11',5.00,5225.00,20.00,0.00),
 (1750,'26',5.00,3500.00,0.00,0.00),
 (1751,'25',5.00,3725.00,0.00,0.00),
 (1752,'27',5.00,7350.00,0.00,0.00),
 (1753,'9',1.00,1135.00,20.00,0.00),
 (1754,'103',1.00,15.00,0.00,1.00),
 (1755,'11',1.00,1085.00,0.00,0.00),
 (1756,'12',0.50,595.00,0.00,5.00);
INSERT INTO `stock_out` (`stockout_id`,`item_id`,`qty_out`,`amount`,`discount`,`tracking_price`) VALUES 
 (1757,'164',1.00,5.00,0.00,0.00),
 (1758,'18',10.00,400.00,0.00,0.00),
 (1759,'9',5.00,5625.00,10.00,0.00),
 (1760,'11',3.00,3165.00,10.00,0.00),
 (1761,'27',7.00,10290.00,0.00,0.00),
 (1762,'9',3.00,3405.00,20.00,0.00),
 (1763,'10',2.00,2150.00,20.00,0.00),
 (1764,'8',1.00,1255.00,20.00,0.00),
 (1765,'23',1.00,830.00,20.00,0.00),
 (1766,'9',2.00,2310.00,0.00,0.00),
 (1767,'23',1.00,835.00,15.00,0.00),
 (1768,'28',0.50,760.00,0.00,0.00),
 (1769,'27',5.50,8085.00,0.00,0.00),
 (1770,'164',2.00,10.00,0.00,0.00),
 (1771,'9',1.00,1140.00,15.00,0.00),
 (1772,'30',3.00,4350.00,0.00,0.00),
 (1773,'28',1.00,1520.00,0.00,0.00),
 (1774,'18',2.00,80.00,0.00,0.00),
 (1775,'27',6.50,9555.00,0.00,0.00),
 (1776,'164',1.00,5.00,0.00,0.00),
 (1777,'4',2.00,2330.00,0.00,0.00),
 (1778,'30',1.00,1450.00,0.00,0.00),
 (1779,'11',1.00,1065.00,20.00,0.00),
 (1780,'9',1.00,1155.00,0.00,0.00),
 (1781,'27',3.50,5145.00,0.00,0.00),
 (1782,'164',1.00,5.00,0.00,0.00),
 (1783,'9',1.00,1135.00,20.00,0.00),
 (1784,'10',1.00,1065.00,30.00,0.00),
 (1785,'4',1.00,1155.00,10.00,0.00),
 (1786,'142',1.00,500.00,0.00,0.00),
 (1787,'10',1.00,1065.00,30.00,0.00),
 (1788,'36',2.00,58.00,0.00,0.00),
 (1789,'130',1.00,16.00,0.00,1.00),
 (1790,'20',0.50,505.00,0.00,0.00),
 (1791,'164',2.00,10.00,0.00,0.00),
 (1792,'28',0.50,760.00,0.00,0.00),
 (1793,'27',1.00,1470.00,0.00,0.00),
 (1794,'9',2.00,2310.00,0.00,0.00),
 (1795,'9',6.00,6750.00,10.00,0.00),
 (1796,'10',5.00,5325.00,10.00,0.00),
 (1797,'11',2.00,2110.00,10.00,0.00),
 (1798,'12',2.00,2310.00,10.00,0.00),
 (1799,'9',2.00,2320.00,0.00,25.00),
 (1800,'56',12.00,210.00,0.00,0.00),
 (1801,'87',12.00,216.00,0.00,0.00),
 (1802,'9',3.00,3375.00,10.00,0.00),
 (1803,'10',3.00,3195.00,10.00,0.00),
 (1804,'9',2.00,2310.00,0.00,20.00),
 (1805,'56',12.00,210.00,0.00,0.00),
 (1806,'87',12.00,216.00,0.00,0.00),
 (1807,'10',3.00,3255.00,0.00,10.00),
 (1808,'9',1.00,1145.00,0.00,10.00),
 (1809,'8',10.00,12650.00,10.00,20.00),
 (1810,'9',17.00,19465.00,10.00,20.00),
 (1811,'10',5.00,5425.00,10.00,20.00),
 (1812,'11',4.00,4300.00,10.00,20.00),
 (1813,'12',4.00,4700.00,10.00,20.00),
 (1814,'19',1.00,1055.00,0.00,20.00),
 (1815,'20',8.00,8080.00,0.00,20.00),
 (1816,'21',5.00,4925.00,0.00,20.00),
 (1817,'22',2.00,1760.00,0.00,20.00),
 (1818,'23',2.00,1700.00,0.00,20.00),
 (1819,'17',2.00,1970.00,0.00,0.00),
 (1820,'30',3.00,4380.00,0.00,10.00),
 (1821,'27',4.00,5920.00,0.00,10.00),
 (1822,'34',15.00,506.25,0.00,0.00),
 (1823,'29',3.00,4980.00,0.00,10.00),
 (1824,'9',8.00,9280.00,0.00,25.00),
 (1825,'10',2.00,2200.00,0.00,25.00),
 (1826,'20',1.00,1015.00,0.00,25.00),
 (1827,'74',1.00,227.00,0.00,0.00),
 (1828,'55',0.50,409.50,0.00,0.00),
 (1829,'105',50.00,225.00,0.00,0.00),
 (1830,'20',30.00,29700.00,0.00,0.00),
 (1831,'9',1.00,1155.00,0.00,20.00),
 (1832,'11',1.00,1085.00,0.00,20.00),
 (1833,'18',6.00,236.40,0.00,0.00),
 (1834,'29',2.00,3320.00,0.00,10.00),
 (1835,'37',0.50,555.00,0.00,0.00),
 (1836,'188',1.00,1200.00,0.00,0.00),
 (1837,'20',4.00,4000.00,0.00,10.00),
 (1838,'9',1.00,1145.00,0.00,10.00),
 (1839,'30',5.00,7300.00,0.00,10.00),
 (1840,'28',2.00,3060.00,0.00,10.00),
 (1841,'8',2.00,2540.00,0.00,15.00),
 (1842,'10',2.00,2180.00,0.00,15.00),
 (1843,'9',2.00,2300.00,0.00,15.00),
 (1844,'32',6.00,208.80,0.00,0.00),
 (1845,'34',6.00,202.50,0.00,0.00),
 (1846,'9',5.00,5850.00,0.00,35.00),
 (1847,'10',5.00,5550.00,0.00,35.00),
 (1848,'29',3.00,4980.00,0.00,10.00),
 (1849,'35',1.00,675.00,0.00,0.00),
 (1850,'86',1.00,864.00,0.00,0.00),
 (1851,'196',12.00,204.00,0.00,0.00),
 (1852,'77',12.00,334.80,0.00,0.00),
 (1853,'16',6.00,379.20,0.00,0.00),
 (1854,'18',10.00,394.00,0.00,0.00),
 (1855,'10',5.00,5425.00,0.00,10.00),
 (1856,'9',3.00,3435.00,0.00,10.00),
 (1857,'36',6.00,168.90,0.00,0.00),
 (1858,'86',0.50,432.00,0.00,0.00),
 (1859,'91',12.00,162.00,0.00,0.00),
 (1860,'151',30.00,90.00,0.00,0.00),
 (1861,'111',6.00,63.00,0.00,0.00),
 (1862,'157',30.00,210.00,0.00,0.00),
 (1863,'95',24.00,132.00,0.00,0.00),
 (1864,'141',12.00,135.00,0.00,0.00),
 (1865,'4',50.00,58000.00,10.00,25.00),
 (1866,'30',20.00,29200.00,0.00,10.00),
 (1867,'8',10.00,12500.00,10.00,5.00),
 (1868,'10',15.00,16050.00,10.00,5.00),
 (1869,'12',1.00,1160.00,10.00,5.00),
 (1870,'4',4.00,4560.00,10.00,5.00),
 (1871,'5',1.00,1235.00,10.00,5.00),
 (1872,'158',30.00,0.00,0.00,0.00),
 (1873,'17',2.00,1970.00,0.00,0.00),
 (1874,'8',2.00,2460.00,25.00,0.00),
 (1875,'10',5.00,5250.00,25.00,0.00),
 (1876,'9',4.00,4440.00,25.00,0.00),
 (1877,'110',1.00,504.00,0.00,0.00),
 (1878,'129',1.00,504.00,0.00,0.00),
 (1879,'8',4.00,5100.00,0.00,20.00),
 (1880,'9',5.00,5775.00,0.00,20.00),
 (1881,'10',10.00,10950.00,0.00,20.00),
 (1882,'23',4.00,3400.00,0.00,20.00),
 (1883,'11',2.00,2170.00,0.00,20.00),
 (1884,'4',3.00,3495.00,0.00,20.00),
 (1885,'3',3.00,3315.00,0.00,20.00),
 (1886,'197',19.00,0.00,0.00,0.00),
 (1887,'23',1.00,840.00,0.00,10.00),
 (1888,'9',1.00,1145.00,0.00,10.00),
 (1889,'10',1.00,1085.00,0.00,10.00),
 (1890,'27',5.00,7400.00,0.00,10.00),
 (1891,'10',3.00,3255.00,0.00,10.00),
 (1892,'9',1.00,1145.00,0.00,10.00),
 (1893,'27',4.00,5920.00,0.00,10.00),
 (1894,'8',10.00,12650.00,0.00,10.00),
 (1895,'17',1.00,985.00,0.00,0.00),
 (1896,'9',15.00,17175.00,0.00,10.00),
 (1897,'10',20.00,21640.00,0.00,7.00),
 (1898,'11',3.00,3216.00,0.00,7.00),
 (1899,'12',2.00,2350.00,0.00,10.00),
 (1900,'20',15.00,15525.00,0.00,45.00),
 (1901,'21',20.00,20200.00,0.00,45.00),
 (1902,'35',1.00,675.00,0.00,0.00),
 (1903,'33',1.00,810.00,0.00,0.00),
 (1904,'31',1.00,835.00,0.00,0.00),
 (1905,'10',2.00,2170.00,0.00,10.00),
 (1906,'9',1.00,1145.00,0.00,10.00),
 (1907,'8',1.00,1265.00,0.00,10.00),
 (1908,'9',2.00,2300.00,0.00,15.00),
 (1909,'27',6.00,8820.00,0.00,0.00),
 (1910,'28',2.00,3040.00,0.00,0.00),
 (1911,'11',1.00,1065.00,20.00,0.00),
 (1912,'10',1.00,1075.00,20.00,0.00),
 (1913,'30',1.00,1450.00,0.00,0.00),
 (1914,'58',2.00,340.00,0.00,0.00),
 (1915,'27',3.00,4410.00,0.00,0.00),
 (1916,'164',1.00,5.00,0.00,0.00),
 (1917,'8',1.00,1275.00,0.00,0.00),
 (1918,'103',1.00,15.00,0.00,1.00),
 (1919,'17',2.00,1970.00,0.00,0.00),
 (1920,'10',1.00,1075.00,20.00,0.00),
 (1921,'9',0.50,580.00,0.00,5.00),
 (1922,'9',2.00,2270.00,20.00,0.00),
 (1923,'27',4.50,6615.00,0.00,0.00),
 (1924,'164',1.00,5.00,0.00,0.00),
 (1925,'9',3.00,3375.00,30.00,0.00),
 (1926,'10',3.00,3195.00,30.00,0.00),
 (1927,'10',1.00,1095.00,0.00,0.00),
 (1928,'9',1.00,1145.00,10.00,0.00),
 (1929,'136',5.00,275.00,0.00,0.00),
 (1930,'93',10.00,510.00,0.00,0.00),
 (1931,'74',2.00,454.00,0.00,0.00),
 (1932,'86',2.00,1728.00,0.00,0.00),
 (1933,'152',20.00,1000.00,0.00,0.00),
 (1934,'192',24.00,1800.00,0.00,0.00),
 (1935,'198',20.00,560.00,0.00,0.00),
 (1936,'73',10.00,1665.00,0.00,0.00),
 (1937,'104',1.00,900.00,0.00,0.00),
 (1938,'134',1.00,350.00,0.00,0.00),
 (1939,'116',5.00,635.00,0.00,0.00),
 (1940,'97',3.00,405.00,0.00,0.00),
 (1941,'7',5.00,450.00,0.00,0.00),
 (1942,'193',5.00,1425.00,0.00,0.00),
 (1943,'15',1.00,1580.00,0.00,0.00),
 (1944,'17',2.00,1970.00,0.00,0.00),
 (1945,'162',5.00,4800.00,0.00,0.00),
 (1946,'8',15.00,18975.00,0.00,10.00),
 (1947,'9',20.00,22900.00,0.00,10.00),
 (1948,'10',20.00,21700.00,0.00,10.00),
 (1949,'23',4.00,3360.00,0.00,10.00),
 (1950,'22',1.00,870.00,0.00,10.00),
 (1951,'24',1.00,655.00,0.00,0.00),
 (1952,'11',4.00,4300.00,0.00,10.00),
 (1953,'12',4.00,4700.00,0.00,10.00),
 (1954,'4',1.00,1155.00,0.00,10.00),
 (1955,'136',5.00,275.00,0.00,0.00),
 (1956,'93',10.00,510.00,0.00,0.00),
 (1957,'74',2.00,454.00,0.00,0.00),
 (1958,'86',2.00,1728.00,0.00,0.00),
 (1959,'152',20.00,1000.00,0.00,0.00),
 (1960,'192',24.00,1800.00,0.00,0.00),
 (1961,'198',20.00,560.00,0.00,0.00),
 (1962,'73',10.00,1665.00,0.00,0.00),
 (1963,'104',1.00,900.00,0.00,0.00),
 (1964,'134',1.00,350.00,0.00,0.00),
 (1965,'116',5.00,635.00,0.00,0.00),
 (1966,'97',3.00,405.00,0.00,0.00),
 (1967,'7',5.00,450.00,0.00,0.00),
 (1968,'193',5.00,1425.00,0.00,0.00),
 (1969,'190',2.00,1290.00,0.00,0.00),
 (1970,'191',1.00,870.00,0.00,0.00),
 (1971,'143',1.00,715.00,0.00,0.00),
 (1972,'15',1.00,1580.00,0.00,0.00),
 (1973,'17',2.00,1970.00,0.00,0.00),
 (1974,'162',5.00,4800.00,0.00,0.00),
 (1975,'8',15.00,18975.00,0.00,10.00),
 (1976,'9',20.00,22900.00,0.00,10.00),
 (1977,'10',20.00,21700.00,0.00,10.00),
 (1978,'23',4.00,3360.00,0.00,10.00),
 (1979,'22',1.00,870.00,0.00,10.00),
 (1980,'24',1.00,655.00,0.00,0.00),
 (1981,'11',4.00,4300.00,0.00,10.00),
 (1982,'12',4.00,4700.00,0.00,10.00),
 (1983,'4',1.00,1155.00,0.00,10.00),
 (1984,'30',10.00,14600.00,0.00,10.00),
 (1985,'27',20.00,29600.00,0.00,10.00),
 (1986,'142',10.00,5000.00,0.00,0.00),
 (1987,'29',5.00,8300.00,0.00,10.00),
 (1988,'54',5.00,3725.00,0.00,0.00),
 (1989,'52',5.00,3175.00,0.00,0.00),
 (1990,'9',2.00,2290.00,0.00,10.00),
 (1991,'9',5.00,5625.00,10.00,0.00),
 (1992,'10',7.00,7455.00,10.00,0.00),
 (1993,'11',2.00,2110.00,10.00,0.00),
 (1994,'27',4.00,5880.00,0.00,0.00),
 (1995,'10',2.00,2150.00,0.00,0.00),
 (1996,'9',7.00,7945.00,0.00,0.00),
 (1997,'11',1.00,1065.00,0.00,0.00),
 (1998,'9',1.00,1135.00,0.00,0.00),
 (1999,'30',2.00,2900.00,0.00,0.00),
 (2000,'27',3.00,4410.00,0.00,0.00);
/*!40000 ALTER TABLE `stock_out` ENABLE KEYS */;


--
-- Definition of table `stock_out_reference`
--

DROP TABLE IF EXISTS `stock_out_reference`;
CREATE TABLE `stock_out_reference` (
  `reference_no` int(10) unsigned NOT NULL DEFAULT '0'
) ENGINE=InnoDB DEFAULT CHARSET=latin1;

--
-- Dumping data for table `stock_out_reference`
--

/*!40000 ALTER TABLE `stock_out_reference` DISABLE KEYS */;
INSERT INTO `stock_out_reference` (`reference_no`) VALUES 
 (701);
/*!40000 ALTER TABLE `stock_out_reference` ENABLE KEYS */;


--
-- Definition of table `stock_out_transaction`
--

DROP TABLE IF EXISTS `stock_out_transaction`;
CREATE TABLE `stock_out_transaction` (
  `sales_order_no` varchar(45) NOT NULL,
  `responsible_customer` int(10) unsigned DEFAULT NULL,
  `responsible_agent` int(10) unsigned DEFAULT NULL,
  `discount` double(10,2) NOT NULL,
  `grand_total` double(10,2) NOT NULL,
  `net_total` double(10,2) NOT NULL,
  `tendered_amount` double(10,2) DEFAULT NULL,
  `change` double(10,2) DEFAULT NULL,
  `delivery_date` datetime NOT NULL,
  PRIMARY KEY (`sales_order_no`)
) ENGINE=InnoDB DEFAULT CHARSET=latin1;

--
-- Dumping data for table `stock_out_transaction`
--

/*!40000 ALTER TABLE `stock_out_transaction` DISABLE KEYS */;
INSERT INTO `stock_out_transaction` (`sales_order_no`,`responsible_customer`,`responsible_agent`,`discount`,`grand_total`,`net_total`,`tendered_amount`,`change`,`delivery_date`) VALUES 
 ('SO-000001',53,1,0.00,3465.00,3465.00,0.00,-3465.00,'2011-11-22 08:27:59'),
 ('SO-0000010',112,3,0.00,2140.00,2140.00,0.00,-2140.00,'2011-11-22 10:45:09'),
 ('SO-00000100',43,1,0.00,2250.00,2250.00,0.00,-2250.00,'2011-11-28 13:44:23'),
 ('SO-00000101',40,1,0.00,7170.00,7170.00,0.00,-7170.00,'2011-11-28 13:45:50'),
 ('SO-00000102',121,1,0.00,5220.00,5220.00,0.00,-5220.00,'2011-11-28 13:47:41'),
 ('SO-00000103',61,1,0.00,1470.00,1470.00,0.00,-1470.00,'2011-11-28 13:49:50'),
 ('SO-00000104',62,1,0.00,1470.00,1470.00,0.00,-1470.00,'2011-11-28 13:50:38'),
 ('SO-00000105',82,1,0.00,30210.00,30210.00,0.00,-30210.00,'2011-11-28 13:52:16'),
 ('SO-00000106',43,1,0.00,2245.00,2245.00,0.00,-2245.00,'2011-11-28 13:59:52'),
 ('SO-00000107',NULL,NULL,0.00,1155.00,1155.00,1155.00,0.00,'2011-11-28 15:03:35'),
 ('SO-00000108',NULL,NULL,0.00,1470.00,1470.00,1470.00,0.00,'2011-11-28 15:04:34'),
 ('SO-00000109',NULL,NULL,0.00,2625.00,2625.00,2625.00,0.00,'2011-11-28 15:05:16'),
 ('SO-0000011',84,3,0.00,5545.00,5545.00,0.00,-5545.00,'2011-11-22 10:49:28'),
 ('SO-00000110',NULL,NULL,0.00,1470.00,1470.00,1470.00,0.00,'2011-11-28 15:06:16'),
 ('SO-00000111',NULL,NULL,0.00,1470.00,1470.00,1470.00,0.00,'2011-11-28 15:07:36'),
 ('SO-00000112',NULL,NULL,0.00,5960.00,5960.00,5960.00,0.00,'2011-11-28 15:11:02'),
 ('SO-00000113',NULL,NULL,0.00,1470.00,1470.00,1470.00,0.00,'2011-11-28 15:14:02'),
 ('SO-00000114',32,1,0.00,6630.00,6630.00,0.00,-6630.00,'2011-11-28 15:39:57'),
 ('SO-00000115',NULL,NULL,0.00,1595.00,1595.00,1595.00,0.00,'2011-11-28 16:13:09'),
 ('SO-00000116',NULL,NULL,0.00,2065.00,2065.00,2065.00,0.00,'2011-11-28 16:15:01'),
 ('SO-00000117',NULL,NULL,0.00,1000.00,1000.00,1000.00,0.00,'2011-11-28 16:18:11'),
 ('SO-00000118',NULL,NULL,0.00,1470.00,1470.00,1470.00,0.00,'2011-11-28 16:18:57'),
 ('SO-00000119',NULL,NULL,0.00,2227.50,2227.50,2227.50,0.00,'2011-11-28 16:19:29'),
 ('SO-0000012',113,1,0.00,10160.00,10160.00,0.00,-10160.00,'2011-11-22 10:53:56'),
 ('SO-00000120',NULL,NULL,0.00,1155.00,1155.00,1155.00,0.00,'2011-11-28 16:21:54'),
 ('SO-00000121',NULL,NULL,0.00,2995.00,2995.00,2995.00,0.00,'2011-11-28 16:22:23'),
 ('SO-00000122',NULL,NULL,0.00,5472.50,5472.50,5472.50,0.00,'2011-11-28 16:25:25'),
 ('SO-00000123',NULL,NULL,0.00,1470.00,1470.00,1470.00,0.00,'2011-11-28 16:30:10'),
 ('SO-00000124',NULL,NULL,0.00,1470.00,1470.00,1470.00,0.00,'2011-11-28 16:31:09'),
 ('SO-00000125',NULL,NULL,0.00,2240.00,2240.00,2240.00,0.00,'2011-11-28 16:32:23'),
 ('SO-00000126',NULL,NULL,0.00,1720.00,1720.00,1720.00,0.00,'2011-11-28 17:44:09'),
 ('SO-00000127',NULL,NULL,0.00,735.00,735.00,735.00,0.00,'2011-11-28 17:49:12'),
 ('SO-00000128',NULL,NULL,0.00,705.00,705.00,705.00,0.00,'2011-11-28 17:49:57'),
 ('SO-00000129',NULL,NULL,0.00,1470.00,1470.00,1470.00,0.00,'2011-11-28 17:57:20'),
 ('SO-0000013',113,1,0.00,12320.00,12320.00,0.00,-12320.00,'2011-11-22 11:01:39'),
 ('SO-00000130',NULL,NULL,0.00,1155.00,1155.00,1155.00,0.00,'2011-11-28 17:57:47'),
 ('SO-00000131',NULL,NULL,0.00,1470.00,1470.00,1470.00,0.00,'2011-11-28 17:58:25'),
 ('SO-00000132',NULL,NULL,0.00,1470.00,1470.00,1470.00,0.00,'2011-11-28 17:58:49'),
 ('SO-00000133',NULL,NULL,0.00,1470.00,1470.00,1470.00,0.00,'2011-11-28 19:52:45'),
 ('SO-00000134',119,3,0.00,17400.00,17400.00,0.00,-17400.00,'2011-11-29 08:04:39'),
 ('SO-00000135',112,3,0.00,30725.00,30725.00,0.00,-30725.00,'2011-11-29 08:05:16'),
 ('SO-00000136',130,2,0.00,3092.40,3092.40,0.00,-3092.40,'2011-11-29 08:08:06'),
 ('SO-00000137',87,2,0.00,8464.00,8464.00,0.00,-8464.00,'2011-11-29 08:15:20'),
 ('SO-00000138',115,2,0.00,4465.00,4465.00,0.00,-4465.00,'2011-11-29 08:20:39'),
 ('SO-00000139',24,1,0.00,10380.00,10380.00,0.00,-10380.00,'2011-11-29 08:23:13'),
 ('SO-0000014',7,3,0.00,2250.00,2250.00,0.00,-2250.00,'2011-11-22 11:05:08'),
 ('SO-00000140',120,3,0.00,2180.00,2180.00,0.00,-2180.00,'2011-11-29 08:32:47'),
 ('SO-00000141',109,3,0.00,6447.00,6447.00,0.00,-6447.00,'2011-11-29 08:33:55'),
 ('SO-00000142',99,3,0.00,4400.00,4400.00,0.00,-4400.00,'2011-11-29 08:37:47'),
 ('SO-00000143',114,2,0.00,29181.30,29181.30,0.00,-29181.30,'2011-11-29 08:39:07'),
 ('SO-00000144',131,3,0.00,7080.00,7080.00,0.00,-7080.00,'2011-11-29 08:50:34'),
 ('SO-00000145',132,3,0.00,9960.00,9960.00,0.00,-9960.00,'2011-11-29 08:54:48'),
 ('SO-00000146',45,3,0.00,15602.80,15602.80,0.00,-15602.80,'2011-11-29 08:59:23'),
 ('SO-00000147',74,3,0.00,7875.00,7875.00,0.00,-7875.00,'2011-11-29 09:03:51'),
 ('SO-00000148',116,2,0.00,9165.00,9165.00,0.00,-9165.00,'2011-11-29 09:06:51'),
 ('SO-00000149',3,3,0.00,100678.25,100678.25,0.00,-100678.25,'2011-11-29 09:10:36'),
 ('SO-0000015',114,2,0.00,42195.00,42195.00,0.00,-42195.00,'2011-11-22 11:10:27'),
 ('SO-00000150',133,1,0.00,35465.00,35465.00,0.00,-35465.00,'2011-11-29 09:23:54'),
 ('SO-00000151',90,3,0.00,13445.00,13445.00,0.00,-13445.00,'2011-11-29 09:30:42'),
 ('SO-00000152',76,1,0.00,15250.00,15250.00,0.00,-15250.00,'2011-11-29 09:35:16'),
 ('SO-00000153',42,1,0.00,3000.00,3000.00,0.00,-3000.00,'2011-11-29 10:17:47'),
 ('SO-00000154',65,1,0.00,11815.00,11815.00,0.00,-11815.00,'2011-11-29 11:55:56'),
 ('SO-00000155',32,1,0.00,8760.00,8760.00,0.00,-8760.00,'2011-11-29 13:16:03'),
 ('SO-00000156',75,1,0.00,90090.00,90090.00,0.00,-90090.00,'2011-11-29 13:47:22'),
 ('SO-00000157',20,1,0.00,21255.00,21255.00,0.00,-21255.00,'2011-11-29 13:50:59'),
 ('SO-00000158',66,1,0.00,4850.00,4850.00,0.00,-4850.00,'2011-11-29 13:53:19'),
 ('SO-00000159',135,1,0.00,5737.80,5737.80,0.00,-5737.80,'2011-11-29 13:55:25'),
 ('SO-0000016',115,2,0.00,13930.00,13930.00,0.00,-13930.00,'2011-11-22 11:32:16'),
 ('SO-00000160',60,1,0.00,4735.00,4735.00,0.00,-4735.00,'2011-11-29 14:00:27'),
 ('SO-00000161',125,1,0.00,2330.00,2330.00,0.00,-2330.00,'2011-11-29 14:02:29'),
 ('SO-00000162',69,1,0.00,8840.00,8840.00,0.00,-8840.00,'2011-11-29 14:03:31'),
 ('SO-00000163',54,1,0.00,3040.00,3040.00,0.00,-3040.00,'2011-11-29 14:10:22'),
 ('SO-00000164',5,1,0.00,2545.00,2545.00,0.00,-2545.00,'2011-11-29 14:16:50'),
 ('SO-00000165',58,1,0.00,6600.00,6600.00,0.00,-6600.00,'2011-11-29 14:17:28'),
 ('SO-00000166',51,1,0.00,5375.00,5375.00,0.00,-5375.00,'2011-11-29 14:18:40'),
 ('SO-00000167',55,1,0.00,2940.00,2940.00,0.00,-2940.00,'2011-11-29 14:19:22'),
 ('SO-00000168',65,1,0.00,11705.00,11705.00,0.00,-11705.00,'2011-11-29 14:20:00'),
 ('SO-00000169',37,1,0.00,5880.00,5880.00,0.00,-5880.00,'2011-11-29 14:21:10'),
 ('SO-0000017',116,2,0.00,6138.98,6138.98,0.00,-6138.98,'2011-11-22 11:46:01'),
 ('SO-00000170',74,3,0.00,7875.00,7875.00,0.00,-7875.00,'2011-11-29 14:29:30'),
 ('SO-00000171',16,2,0.00,2085.00,2085.00,0.00,-2085.00,'2011-11-29 14:32:56'),
 ('SO-00000172',134,1,0.00,7050.00,7050.00,0.00,-7050.00,'2011-11-29 14:37:54'),
 ('SO-00000173',46,3,0.00,24740.00,24740.00,0.00,-24740.00,'2011-11-29 14:39:49'),
 ('SO-00000174',113,1,0.00,13150.00,13150.00,0.00,-13150.00,'2011-11-29 14:43:14'),
 ('SO-00000175',98,3,0.00,2240.00,2240.00,0.00,-2240.00,'2011-11-29 14:53:18'),
 ('SO-00000176',94,2,0.00,18339.80,18339.80,0.00,-18339.80,'2011-11-29 14:54:24'),
 ('SO-00000177',78,2,0.00,148625.10,148625.10,0.00,-148625.10,'2011-11-29 14:59:51'),
 ('SO-00000178',136,NULL,0.00,1095.00,1095.00,1095.00,0.00,'2011-11-29 19:36:03'),
 ('SO-00000179',137,NULL,0.00,2940.00,2940.00,2940.00,0.00,'2011-11-29 19:36:52'),
 ('SO-0000018',87,2,0.00,5684.00,5684.00,0.00,-5684.00,'2011-11-22 12:20:28'),
 ('SO-00000180',138,NULL,0.00,1470.00,1470.00,1470.00,0.00,'2011-11-29 19:37:20'),
 ('SO-00000181',139,NULL,0.00,500.00,500.00,500.00,0.00,'2011-11-29 19:38:00'),
 ('SO-00000182',140,NULL,0.00,740.00,740.00,740.00,0.00,'2011-11-29 19:39:03'),
 ('SO-00000183',141,NULL,0.00,2230.00,2230.00,2230.00,0.00,'2011-11-29 19:39:38'),
 ('SO-00000184',142,NULL,0.00,1470.00,1470.00,1470.00,0.00,'2011-11-29 19:45:22'),
 ('SO-00000185',143,NULL,0.00,1470.00,1470.00,1470.00,0.00,'2011-11-29 19:46:00'),
 ('SO-00000186',81,1,0.00,3195.00,3195.00,3195.00,0.00,'2011-11-29 19:46:30'),
 ('SO-00000187',144,NULL,0.00,1450.00,1450.00,1450.00,0.00,'2011-11-29 19:47:47'),
 ('SO-00000188',145,NULL,0.00,2940.00,2940.00,2940.00,0.00,'2011-11-29 19:48:45'),
 ('SO-00000189',146,NULL,0.00,1520.00,1520.00,1520.00,0.00,'2011-11-29 19:51:49'),
 ('SO-0000019',117,3,0.00,3525.00,3525.00,0.00,-3525.00,'2011-11-22 13:27:31'),
 ('SO-00000190',147,NULL,0.00,1095.00,1095.00,1095.00,0.00,'2011-11-29 19:52:21'),
 ('SO-00000191',148,NULL,0.00,1470.00,1470.00,1470.00,0.00,'2011-11-29 19:53:02'),
 ('SO-00000192',149,NULL,0.00,1470.00,1470.00,1470.00,0.00,'2011-11-29 19:53:42'),
 ('SO-00000193',150,NULL,0.00,4410.00,4410.00,4410.00,0.00,'2011-11-29 19:55:02'),
 ('SO-00000194',151,NULL,0.00,5220.00,5220.00,5220.00,0.00,'2011-11-29 19:55:44'),
 ('SO-00000195',152,NULL,0.00,1470.00,1470.00,1470.00,0.00,'2011-11-29 19:57:31'),
 ('SO-00000196',153,NULL,0.00,1165.00,1165.00,1165.00,0.00,'2011-11-29 19:58:03'),
 ('SO-00000197',154,NULL,0.00,1470.00,1470.00,1470.00,0.00,'2011-11-29 19:58:40'),
 ('SO-00000198',155,NULL,0.00,1470.00,1470.00,1470.00,0.00,'2011-11-29 19:59:11'),
 ('SO-00000199',156,NULL,0.00,2390.00,2390.00,2390.00,0.00,'2011-11-29 19:59:44'),
 ('SO-00000200',157,NULL,0.00,580.00,580.00,580.00,0.00,'2011-11-29 20:01:48'),
 ('SO-00000201',158,NULL,0.00,740.00,740.00,740.00,0.00,'2011-11-29 20:02:57'),
 ('SO-00000202',107,1,0.00,1075.00,1075.00,1075.00,0.00,'2011-11-29 20:04:05'),
 ('SO-00000203',159,NULL,0.00,1450.00,1450.00,1450.00,0.00,'2011-11-29 20:04:50'),
 ('SO-00000204',160,NULL,0.00,1470.00,1470.00,1470.00,0.00,'2011-11-29 20:06:36'),
 ('SO-00000205',161,NULL,0.00,1155.00,1155.00,1155.00,0.00,'2011-11-29 20:07:04'),
 ('SO-00000206',162,NULL,0.00,1470.00,1470.00,1470.00,0.00,'2011-11-29 20:07:45'),
 ('SO-00000207',163,NULL,0.00,1470.00,1470.00,1470.00,0.00,'2011-11-29 20:08:13'),
 ('SO-00000208',164,NULL,0.00,500.00,500.00,500.00,0.00,'2011-11-29 20:08:37'),
 ('SO-00000209',165,NULL,0.00,1470.00,1470.00,1470.00,0.00,'2011-11-29 20:09:08'),
 ('SO-0000021',11,1,0.00,7539.20,7539.20,0.00,-7539.20,'2011-11-22 14:13:06'),
 ('SO-00000210',166,NULL,0.00,740.00,740.00,740.00,0.00,'2011-11-29 20:09:51'),
 ('SO-00000211',167,NULL,0.00,244.00,244.00,244.00,0.00,'2011-11-29 20:10:35'),
 ('SO-00000212',168,1,0.00,12155.00,12155.00,0.00,-12155.00,'2011-11-29 20:22:55'),
 ('SO-00000213',6,3,0.00,13995.00,13995.00,0.00,-13995.00,'2011-11-29 20:25:51'),
 ('SO-00000214',7,3,0.00,5475.00,5475.00,0.00,-5475.00,'2011-11-29 20:27:59'),
 ('SO-00000215',102,1,0.00,2150.00,2150.00,0.00,-2150.00,'2011-11-30 08:29:59'),
 ('SO-00000216',10,1,0.00,1450.00,1450.00,0.00,-1450.00,'2011-11-30 08:44:45'),
 ('SO-00000217',83,1,0.00,1135.00,1135.00,0.00,-1135.00,'2011-11-30 08:45:11'),
 ('SO-00000218',53,1,0.00,3465.00,3465.00,0.00,-3465.00,'2011-11-30 08:46:32'),
 ('SO-00000219',111,1,0.00,3285.00,3285.00,0.00,-3285.00,'2011-11-30 08:47:58'),
 ('SO-0000022',60,1,0.00,5525.00,5525.00,0.00,-5525.00,'2011-11-22 14:25:05'),
 ('SO-00000220',70,1,0.00,1470.00,1470.00,0.00,-1470.00,'2011-11-30 08:58:55'),
 ('SO-00000221',78,2,0.00,151950.10,151950.10,0.00,-151950.10,'2011-11-30 09:02:22'),
 ('SO-00000222',101,3,0.00,39195.00,39195.00,0.00,-39195.00,'2011-11-30 09:21:27'),
 ('SO-00000223',169,1,0.00,1470.00,1470.00,0.00,-1470.00,'2011-11-30 09:35:20'),
 ('SO-00000224',110,3,0.00,7145.00,7145.00,0.00,-7145.00,'2011-11-30 09:45:57'),
 ('SO-00000225',28,1,0.00,16984.00,16984.00,0.00,-16984.00,'2011-11-30 10:04:33'),
 ('SO-00000226',61,1,0.00,3540.00,3540.00,0.00,-3540.00,'2011-11-30 14:12:29'),
 ('SO-00000227',106,1,0.00,220435.00,220435.00,0.00,-220435.00,'2011-11-30 14:15:20'),
 ('SO-00000228',170,NULL,0.00,1155.00,1155.00,1155.00,0.00,'2011-11-30 14:25:59'),
 ('SO-00000229',171,NULL,0.00,62.00,62.00,62.00,0.00,'2011-11-30 14:27:13'),
 ('SO-0000023',45,3,0.00,6900.00,6900.00,0.00,-6900.00,'2011-11-22 18:27:10'),
 ('SO-00000230',172,NULL,0.00,1470.00,1470.00,1470.00,0.00,'2011-11-30 14:27:56'),
 ('SO-00000231',173,NULL,0.00,2300.00,2300.00,2300.00,0.00,'2011-11-30 14:29:20'),
 ('SO-00000232',174,NULL,0.00,3545.00,3545.00,3545.00,0.00,'2011-11-30 14:30:25'),
 ('SO-00000233',175,NULL,0.00,1470.00,1470.00,1470.00,0.00,'2011-11-30 14:55:55'),
 ('SO-00000234',176,NULL,0.00,1470.00,1470.00,1470.00,0.00,'2011-11-30 14:56:25'),
 ('SO-00000235',177,NULL,0.00,580.00,580.00,580.00,0.00,'2011-11-30 19:16:56'),
 ('SO-00000236',178,NULL,0.00,765.00,765.00,765.00,0.00,'2011-11-30 19:19:18'),
 ('SO-00000237',12,1,0.00,1470.00,1470.00,1470.00,0.00,'2011-11-30 19:20:10'),
 ('SO-00000238',179,NULL,0.00,730.00,730.00,730.00,0.00,'2011-11-30 19:22:12'),
 ('SO-00000239',180,NULL,0.00,1450.00,1450.00,1450.00,0.00,'2011-11-30 19:22:48'),
 ('SO-0000024',98,3,0.00,4600.00,4600.00,0.00,-4600.00,'2011-11-22 18:29:27'),
 ('SO-00000240',181,NULL,0.00,1450.00,1450.00,1450.00,0.00,'2011-11-30 19:23:26'),
 ('SO-00000241',182,NULL,0.00,1470.00,1470.00,1470.00,0.00,'2011-11-30 19:24:16'),
 ('SO-00000242',183,NULL,0.00,1470.00,1470.00,1470.00,0.00,'2011-11-30 19:24:53'),
 ('SO-00000243',184,NULL,0.00,735.00,735.00,735.00,0.00,'2011-11-30 19:25:18'),
 ('SO-00000244',185,NULL,0.00,1075.00,1075.00,1075.00,0.00,'2011-11-30 19:25:47'),
 ('SO-00000245',186,NULL,0.00,3410.00,3410.00,3410.00,0.00,'2011-11-30 19:26:35'),
 ('SO-00000246',187,NULL,0.00,1470.00,1470.00,1470.00,0.00,'2011-11-30 19:27:44'),
 ('SO-00000247',188,NULL,0.00,735.00,735.00,735.00,0.00,'2011-11-30 19:28:14'),
 ('SO-00000248',189,NULL,0.00,1470.00,1470.00,1470.00,0.00,'2011-11-30 19:28:53'),
 ('SO-00000249',190,NULL,0.00,760.00,760.00,760.00,0.00,'2011-11-30 19:29:42'),
 ('SO-00000250',191,NULL,0.00,1470.00,1470.00,1470.00,0.00,'2011-11-30 19:32:09'),
 ('SO-00000251',192,NULL,0.00,1520.00,1520.00,1520.00,0.00,'2011-11-30 19:32:38'),
 ('SO-00000252',193,NULL,0.00,1470.00,1470.00,1470.00,0.00,'2011-11-30 19:33:49'),
 ('SO-00000253',194,NULL,0.00,730.00,730.00,730.00,0.00,'2011-11-30 19:34:14'),
 ('SO-00000254',195,NULL,0.00,500.00,500.00,500.00,0.00,'2011-11-30 19:34:59'),
 ('SO-00000255',196,NULL,0.00,825.00,825.00,825.00,0.00,'2011-11-30 19:35:22'),
 ('SO-00000256',197,NULL,0.00,585.00,585.00,585.00,0.00,'2011-11-30 19:35:54'),
 ('SO-00000257',198,NULL,0.00,1470.00,1470.00,1470.00,0.00,'2011-11-30 19:37:33'),
 ('SO-00000258',199,NULL,0.00,1650.00,1650.00,1650.00,0.00,'2011-11-30 19:37:59'),
 ('SO-00000259',200,NULL,0.00,1450.00,1450.00,1450.00,0.00,'2011-11-30 19:38:22'),
 ('SO-0000026',99,3,0.00,5999.00,5999.00,0.00,-5999.00,'2011-11-22 18:51:51'),
 ('SO-00000260',201,NULL,0.00,740.00,740.00,740.00,0.00,'2011-11-30 19:39:08'),
 ('SO-00000261',202,NULL,0.00,1095.00,1095.00,1095.00,0.00,'2011-11-30 19:39:45'),
 ('SO-00000262',203,NULL,0.00,735.00,735.00,735.00,0.00,'2011-11-30 19:40:16'),
 ('SO-00000263',204,NULL,0.00,1450.00,1450.00,1450.00,0.00,'2011-11-30 19:40:43'),
 ('SO-00000264',205,NULL,0.00,500.00,500.00,500.00,0.00,'2011-11-30 19:41:06'),
 ('SO-00000265',206,NULL,0.00,1450.00,1450.00,1450.00,0.00,'2011-11-30 19:41:31'),
 ('SO-00000266',207,NULL,0.00,740.00,740.00,740.00,0.00,'2011-11-30 19:42:01'),
 ('SO-00000267',81,1,0.00,25934.00,25934.00,25934.00,0.00,'2011-11-30 19:42:43'),
 ('SO-00000268',76,1,0.00,13300.00,13300.00,0.00,-13300.00,'2011-12-01 08:05:06'),
 ('SO-00000269',77,1,0.00,42490.00,42490.00,0.00,-42490.00,'2011-12-01 08:16:00'),
 ('SO-0000027',90,3,0.00,13722.50,13722.50,0.00,-13722.50,'2011-11-22 19:00:03'),
 ('SO-00000270',31,1,0.00,6630.00,6630.00,0.00,-6630.00,'2011-12-01 08:19:44'),
 ('SO-00000271',55,1,0.00,1145.00,1145.00,0.00,-1145.00,'2011-12-01 08:21:06'),
 ('SO-00000272',208,1,0.00,4380.00,4380.00,0.00,-4380.00,'2011-12-01 08:22:55'),
 ('SO-00000273',85,3,0.00,95769.00,95769.00,0.00,-95769.00,'2011-12-01 08:24:35'),
 ('SO-00000274',119,3,0.00,2002.50,2002.50,0.00,-2002.50,'2011-12-01 08:51:53'),
 ('SO-00000275',209,NULL,0.00,835.00,835.00,835.00,0.00,'2011-12-01 09:11:40'),
 ('SO-00000276',210,NULL,0.00,1470.00,1470.00,1470.00,0.00,'2011-12-01 09:15:33'),
 ('SO-00000277',211,NULL,0.00,1010.00,1010.00,1010.00,0.00,'2011-12-01 09:15:56'),
 ('SO-00000278',212,NULL,0.00,825.00,825.00,1000.00,175.00,'2011-12-01 09:17:15'),
 ('SO-00000279',213,NULL,0.00,1650.00,1650.00,1650.00,0.00,'2011-12-01 09:17:52'),
 ('SO-0000028',109,3,0.00,6505.00,6505.00,0.00,-6505.00,'2011-11-22 19:09:37'),
 ('SO-00000280',214,NULL,0.00,1470.00,1470.00,1470.00,0.00,'2011-12-01 09:18:44'),
 ('SO-00000281',215,NULL,0.00,1470.00,1470.00,1470.00,0.00,'2011-12-01 09:19:07'),
 ('SO-00000282',17,1,0.00,1135.00,1135.00,1135.00,0.00,'2011-12-01 09:20:40'),
 ('SO-00000283',216,NULL,0.00,2920.00,2920.00,2920.00,0.00,'2011-12-01 09:21:36'),
 ('SO-00000284',217,NULL,0.00,2280.00,2280.00,2280.00,0.00,'2011-12-01 09:22:18'),
 ('SO-00000285',218,NULL,0.00,1470.00,1470.00,1470.00,0.00,'2011-12-01 09:23:33'),
 ('SO-00000286',219,NULL,0.00,4260.00,4260.00,4260.00,0.00,'2011-12-01 09:24:42'),
 ('SO-00000287',220,NULL,0.00,1520.00,1520.00,1520.00,0.00,'2011-12-01 09:25:34'),
 ('SO-00000288',221,NULL,0.00,585.00,585.00,585.00,0.00,'2011-12-01 09:26:06'),
 ('SO-00000289',68,1,0.00,4355.00,4355.00,0.00,-4355.00,'2011-12-01 09:27:27'),
 ('SO-00000290',47,5,0.00,5830.00,5830.00,0.00,-5830.00,'2011-12-01 09:43:59'),
 ('SO-00000291',89,1,0.00,50230.00,50230.00,0.00,-50230.00,'2011-12-01 09:49:23'),
 ('SO-00000292',124,5,0.00,6540.00,6540.00,0.00,-6540.00,'2011-12-01 09:50:22'),
 ('SO-00000293',56,5,0.00,2577.80,2577.80,0.00,-2577.80,'2011-12-01 09:51:34'),
 ('SO-00000294',34,1,0.00,28000.00,28000.00,0.00,-28000.00,'2011-12-01 09:55:52'),
 ('SO-00000295',48,5,0.00,34025.00,34025.00,0.00,-34025.00,'2011-12-01 09:56:57'),
 ('SO-00000296',91,1,0.00,17970.00,17970.00,0.00,-17970.00,'2011-12-01 10:00:56'),
 ('SO-00000297',103,1,0.00,2940.00,2940.00,0.00,-2940.00,'2011-12-01 10:06:23'),
 ('SO-00000298',32,1,0.00,8820.00,8820.00,0.00,-8820.00,'2011-12-01 11:04:03'),
 ('SO-00000299',22,1,0.00,8700.00,8700.00,0.00,-8700.00,'2011-12-01 11:15:11'),
 ('SO-0000030',119,3,0.00,17400.00,17400.00,0.00,-17400.00,'2011-11-23 10:56:24'),
 ('SO-00000300',92,1,0.00,17250.00,17250.00,0.00,-17250.00,'2011-12-01 11:28:32'),
 ('SO-00000301',222,1,0.00,1470.00,1470.00,0.00,-1470.00,'2011-12-01 12:31:52'),
 ('SO-00000302',39,1,0.00,5837.00,5837.00,0.00,-5837.00,'2011-12-01 12:34:15'),
 ('SO-00000303',223,NULL,0.00,2530.00,2530.00,2530.00,0.00,'2011-12-01 13:08:56'),
 ('SO-00000304',224,NULL,0.00,740.00,740.00,740.00,0.00,'2011-12-01 13:11:25'),
 ('SO-00000305',225,NULL,0.00,2660.00,2660.00,2660.00,0.00,'2011-12-01 13:12:57'),
 ('SO-00000306',226,NULL,0.00,740.00,740.00,740.00,0.00,'2011-12-01 14:44:51'),
 ('SO-00000307',227,NULL,0.00,1470.00,1470.00,1470.00,0.00,'2011-12-01 14:45:45'),
 ('SO-00000308',228,NULL,0.00,585.00,585.00,585.00,0.00,'2011-12-01 14:46:12'),
 ('SO-00000309',229,NULL,0.00,1470.00,1470.00,1470.00,0.00,'2011-12-01 14:48:13'),
 ('SO-0000031',69,1,0.00,4390.00,4390.00,0.00,-4390.00,'2011-11-23 10:59:54'),
 ('SO-00000310',230,NULL,0.00,2920.00,2920.00,2920.00,0.00,'2011-12-01 14:48:40'),
 ('SO-00000311',231,NULL,0.00,8360.00,8360.00,8360.00,0.00,'2011-12-01 14:49:18'),
 ('SO-00000312',232,NULL,0.00,1470.00,1470.00,1470.00,0.00,'2011-12-01 16:09:44'),
 ('SO-00000313',50,1,0.00,3465.00,3465.00,3465.00,0.00,'2011-12-01 16:10:24'),
 ('SO-00000314',233,NULL,0.00,1470.00,1470.00,1470.00,0.00,'2011-12-01 16:11:46'),
 ('SO-00000315',234,NULL,0.00,705.00,705.00,705.00,0.00,'2011-12-01 16:12:11'),
 ('SO-00000316',235,NULL,0.00,2940.00,2940.00,2940.00,0.00,'2011-12-01 16:12:53'),
 ('SO-00000317',236,NULL,0.00,1470.00,1470.00,1470.00,0.00,'2011-12-01 16:13:32'),
 ('SO-00000318',237,NULL,0.00,2610.00,2610.00,2610.00,0.00,'2011-12-01 16:13:56'),
 ('SO-00000319',238,NULL,0.00,740.00,740.00,740.00,0.00,'2011-12-01 16:14:37'),
 ('SO-0000032',120,3,0.00,3270.00,3270.00,0.00,-3270.00,'2011-11-23 11:19:56'),
 ('SO-00000320',239,NULL,0.00,1470.00,1470.00,1470.00,0.00,'2011-12-01 16:15:11'),
 ('SO-00000321',240,NULL,0.00,740.00,740.00,740.00,0.00,'2011-12-01 16:16:17'),
 ('SO-00000322',241,NULL,0.00,550.00,550.00,550.00,0.00,'2011-12-01 16:17:22'),
 ('SO-00000323',242,NULL,0.00,1325.00,1325.00,1325.00,0.00,'2011-12-01 16:18:54'),
 ('SO-00000324',243,NULL,0.00,740.00,740.00,740.00,0.00,'2011-12-01 16:24:16'),
 ('SO-00000325',244,NULL,0.00,740.00,740.00,740.00,0.00,'2011-12-01 16:25:11'),
 ('SO-00000326',245,NULL,0.00,765.00,765.00,765.00,0.00,'2011-12-01 16:26:45'),
 ('SO-00000327',246,NULL,0.00,740.00,740.00,740.00,0.00,'2011-12-01 16:29:20'),
 ('SO-00000328',247,NULL,0.00,1470.00,1470.00,1470.00,0.00,'2011-12-01 16:30:23'),
 ('SO-00000329',248,NULL,0.00,2940.00,2940.00,2940.00,0.00,'2011-12-01 16:30:53'),
 ('SO-0000033',82,1,0.00,29170.00,29170.00,0.00,-29170.00,'2011-11-23 12:48:28'),
 ('SO-00000330',249,NULL,0.00,1135.00,1135.00,1135.00,0.00,'2011-12-01 16:32:14'),
 ('SO-00000331',250,NULL,0.00,1470.00,1470.00,1470.00,0.00,'2011-12-01 16:34:01'),
 ('SO-00000332',251,NULL,0.00,1095.00,1095.00,1095.00,0.00,'2011-12-01 16:35:16'),
 ('SO-00000333',252,NULL,0.00,6725.00,6725.00,6725.00,0.00,'2011-12-01 16:35:49'),
 ('SO-00000334',253,NULL,0.00,1155.00,1155.00,1155.00,0.00,'2011-12-01 16:41:27'),
 ('SO-00000335',254,NULL,0.00,2210.00,2210.00,2210.00,0.00,'2011-12-01 16:41:49'),
 ('SO-00000336',255,NULL,0.00,1470.00,1470.00,1470.00,0.00,'2011-12-01 16:43:00'),
 ('SO-00000337',256,NULL,0.00,4410.00,4410.00,4500.00,90.00,'2011-12-01 16:43:21'),
 ('SO-00000338',257,NULL,0.00,1470.00,1470.00,1470.00,0.00,'2011-12-01 18:13:29'),
 ('SO-00000339',258,NULL,0.00,2950.00,2950.00,2950.00,0.00,'2011-12-01 18:14:18'),
 ('SO-0000034',43,1,0.00,13900.00,13900.00,0.00,-13900.00,'2011-11-23 12:57:01'),
 ('SO-00000340',259,NULL,0.00,3300.00,3300.00,3300.00,0.00,'2011-12-01 18:15:22'),
 ('SO-00000341',260,NULL,0.00,1450.00,1450.00,1450.00,0.00,'2011-12-01 18:15:46'),
 ('SO-00000342',261,NULL,0.00,1185.00,1185.00,1185.00,0.00,'2011-12-01 18:17:02'),
 ('SO-00000343',262,NULL,0.00,1470.00,1470.00,1470.00,0.00,'2011-12-01 18:17:23'),
 ('SO-00000344',263,NULL,0.00,170.00,170.00,170.00,0.00,'2011-12-01 18:17:46'),
 ('SO-00000345',264,NULL,0.00,5910.00,5910.00,5910.00,0.00,'2011-12-01 18:18:52'),
 ('SO-00000346',32,1,0.00,27160.00,27160.00,0.00,-27160.00,'2011-12-02 09:06:54'),
 ('SO-00000347',18,1,0.00,39985.00,39985.00,0.00,-39985.00,'2011-12-02 13:44:57'),
 ('SO-00000348',69,1,0.00,2200.00,2200.00,0.00,-2200.00,'2011-12-02 13:48:33'),
 ('SO-00000349',62,1,0.00,2940.00,2940.00,0.00,-2940.00,'2011-12-02 13:56:10'),
 ('SO-0000035',61,1,0.00,3420.00,3420.00,0.00,-3420.00,'2011-11-23 12:58:35'),
 ('SO-00000350',65,1,0.00,3375.00,3375.00,0.00,-3375.00,'2011-12-02 14:05:58'),
 ('SO-00000351',40,1,0.00,21100.00,21100.00,0.00,-21100.00,'2011-12-02 14:14:39'),
 ('SO-00000352',43,1,0.00,19480.00,19480.00,0.00,-19480.00,'2011-12-02 14:18:14'),
 ('SO-00000353',82,1,0.00,23890.00,23890.00,0.00,-23890.00,'2011-12-02 14:21:25'),
 ('SO-00000354',265,NULL,0.00,1135.00,1135.00,1135.00,0.00,'2011-12-02 18:44:26'),
 ('SO-00000355',126,1,0.00,117.00,117.00,117.00,0.00,'2011-12-02 18:45:10'),
 ('SO-00000356',266,NULL,0.00,2255.00,2255.00,2255.00,0.00,'2011-12-02 18:46:09'),
 ('SO-00000357',267,NULL,0.00,740.00,740.00,740.00,0.00,'2011-12-02 18:46:51'),
 ('SO-00000358',268,NULL,0.00,1105.00,1105.00,1105.00,0.00,'2011-12-02 18:47:50'),
 ('SO-00000359',269,NULL,0.00,1470.00,1470.00,1470.00,0.00,'2011-12-02 18:48:57'),
 ('SO-0000036',105,1,0.00,2940.00,2940.00,0.00,-2940.00,'2011-11-23 13:00:23'),
 ('SO-00000360',270,NULL,0.00,1400.00,1400.00,1400.00,0.00,'2011-12-02 18:49:18'),
 ('SO-00000361',271,NULL,0.00,1520.00,1520.00,1520.00,0.00,'2011-12-02 18:49:54'),
 ('SO-00000362',272,NULL,0.00,740.00,740.00,740.00,0.00,'2011-12-02 18:50:23'),
 ('SO-00000363',273,NULL,0.00,1650.00,1650.00,1650.00,0.00,'2011-12-02 18:51:11'),
 ('SO-00000364',274,NULL,0.00,700.00,700.00,700.00,0.00,'2011-12-02 18:52:09'),
 ('SO-00000365',275,NULL,0.00,7075.00,7075.00,7075.00,0.00,'2011-12-02 18:53:09'),
 ('SO-00000366',276,NULL,0.00,1175.00,1175.00,1175.00,0.00,'2011-12-02 18:55:08'),
 ('SO-00000367',277,NULL,0.00,730.00,730.00,730.00,0.00,'2011-12-02 18:55:59'),
 ('SO-00000368',81,1,0.00,1687.00,1687.00,1687.00,0.00,'2011-12-02 18:56:36'),
 ('SO-00000369',278,NULL,0.00,705.00,705.00,705.00,0.00,'2011-12-02 19:03:55'),
 ('SO-0000037',62,1,0.00,1470.00,1470.00,0.00,-1470.00,'2011-11-23 13:02:17'),
 ('SO-00000370',279,NULL,0.00,1470.00,1470.00,1470.00,0.00,'2011-12-02 19:05:06'),
 ('SO-00000371',280,NULL,0.00,735.00,735.00,735.00,0.00,'2011-12-02 19:05:31'),
 ('SO-00000372',281,NULL,0.00,1470.00,1470.00,1470.00,0.00,'2011-12-02 19:05:57'),
 ('SO-00000373',282,NULL,0.00,735.00,735.00,735.00,0.00,'2011-12-02 19:06:26'),
 ('SO-00000374',283,NULL,0.00,1470.00,1470.00,1470.00,0.00,'2011-12-02 19:06:58'),
 ('SO-00000375',284,NULL,0.00,740.00,740.00,740.00,0.00,'2011-12-02 19:07:17'),
 ('SO-00000376',285,NULL,0.00,740.00,740.00,740.00,0.00,'2011-12-02 19:07:45'),
 ('SO-00000377',286,NULL,0.00,1650.00,1650.00,1650.00,0.00,'2011-12-02 19:08:23'),
 ('SO-00000378',287,NULL,0.00,1470.00,1470.00,1470.00,0.00,'2011-12-02 19:08:43'),
 ('SO-00000379',288,NULL,0.00,740.00,740.00,740.00,0.00,'2011-12-02 19:09:45'),
 ('SO-0000038',121,1,0.00,5220.00,5220.00,0.00,-5220.00,'2011-11-23 13:03:12'),
 ('SO-00000380',289,NULL,0.00,1155.00,1155.00,1155.00,0.00,'2011-12-02 19:10:25'),
 ('SO-00000381',50,1,0.00,2210.00,2210.00,2210.00,0.00,'2011-12-02 19:10:49'),
 ('SO-00000382',290,NULL,0.00,1470.00,1470.00,1470.00,0.00,'2011-12-02 19:11:38'),
 ('SO-00000383',291,NULL,0.00,1470.00,1470.00,1470.00,0.00,'2011-12-02 19:12:02'),
 ('SO-00000384',292,NULL,0.00,56.00,56.00,56.00,0.00,'2011-12-02 19:12:44'),
 ('SO-00000385',293,NULL,0.00,760.00,760.00,760.00,0.00,'2011-12-02 19:13:23'),
 ('SO-00000386',96,1,0.00,2605.00,2605.00,0.00,-2605.00,'2011-12-03 09:27:44'),
 ('SO-00000387',76,1,0.00,15370.00,15370.00,0.00,-15370.00,'2011-12-03 10:55:54'),
 ('SO-00000388',75,1,0.00,97370.00,97370.00,0.00,-97370.00,'2011-12-03 13:41:50'),
 ('SO-00000389',294,NULL,0.00,1470.00,1470.00,1470.00,0.00,'2011-12-03 17:20:56'),
 ('SO-0000039',63,1,0.00,1520.00,1520.00,0.00,-1520.00,'2011-11-23 13:11:40'),
 ('SO-00000390',295,NULL,0.00,1470.00,1470.00,1470.00,0.00,'2011-12-03 18:39:45'),
 ('SO-00000391',296,NULL,0.00,1825.00,1825.00,1825.00,0.00,'2011-12-03 18:40:44'),
 ('SO-00000392',297,NULL,0.00,1470.00,1470.00,1470.00,0.00,'2011-12-03 18:42:33'),
 ('SO-00000393',298,NULL,0.00,2040.00,2040.00,2040.00,0.00,'2011-12-03 18:43:12'),
 ('SO-00000394',299,NULL,0.00,1470.00,1470.00,1470.00,0.00,'2011-12-03 18:48:17'),
 ('SO-00000395',300,NULL,0.00,1155.00,1155.00,1155.00,0.00,'2011-12-03 18:48:50'),
 ('SO-00000396',301,NULL,0.00,1470.00,1470.00,1470.00,0.00,'2011-12-03 18:50:03'),
 ('SO-00000397',302,NULL,0.00,585.00,585.00,585.00,0.00,'2011-12-03 18:50:42'),
 ('SO-00000398',303,NULL,0.00,1470.00,1470.00,1470.00,0.00,'2011-12-03 18:51:48'),
 ('SO-00000399',304,NULL,0.00,740.00,740.00,740.00,0.00,'2011-12-03 18:52:21'),
 ('SO-0000040',6,3,0.00,63327.00,63327.00,0.00,-63327.00,'2011-11-23 13:52:59'),
 ('SO-00000400',305,NULL,0.00,2205.00,2205.00,2205.00,0.00,'2011-12-03 18:52:58'),
 ('SO-00000401',306,NULL,0.00,760.00,760.00,760.00,0.00,'2011-12-03 18:53:35'),
 ('SO-00000402',307,NULL,0.00,2625.00,2625.00,2625.00,0.00,'2011-12-03 18:54:05'),
 ('SO-00000403',308,NULL,0.00,5000.00,5000.00,5000.00,0.00,'2011-12-03 18:55:52'),
 ('SO-00000404',309,NULL,0.00,3375.00,3375.00,3375.00,0.00,'2011-12-03 18:57:05'),
 ('SO-00000405',310,NULL,0.00,1095.00,1095.00,1095.00,0.00,'2011-12-03 18:57:50'),
 ('SO-00000406',311,NULL,0.00,1155.00,1155.00,1155.00,0.00,'2011-12-03 18:58:28'),
 ('SO-00000407',312,NULL,0.00,1470.00,1470.00,1470.00,0.00,'2011-12-03 18:59:05'),
 ('SO-00000408',313,NULL,0.00,735.00,735.00,735.00,0.00,'2011-12-03 18:59:35'),
 ('SO-00000409',314,NULL,0.00,1065.00,1065.00,1065.00,0.00,'2011-12-03 19:01:09'),
 ('SO-0000041',24,1,0.00,11810.00,11810.00,0.00,-11810.00,'2011-11-23 14:24:10'),
 ('SO-00000410',315,NULL,0.00,1450.00,1450.00,1450.00,0.00,'2011-12-03 19:02:39'),
 ('SO-00000411',316,NULL,0.00,1470.00,1470.00,1470.00,0.00,'2011-12-03 19:03:04'),
 ('SO-00000412',317,NULL,0.00,1470.00,1470.00,1470.00,0.00,'2011-12-03 19:03:53'),
 ('SO-00000413',318,NULL,0.00,2380.00,2380.00,2380.00,0.00,'2011-12-03 19:17:20'),
 ('SO-00000414',319,NULL,0.00,705.00,705.00,705.00,0.00,'2011-12-03 19:42:58'),
 ('SO-00000415',320,NULL,0.00,1470.00,1470.00,1470.00,0.00,'2011-12-03 19:43:40'),
 ('SO-00000416',321,NULL,0.00,580.00,580.00,580.00,0.00,'2011-12-03 19:44:16'),
 ('SO-00000417',322,NULL,0.00,1470.00,1470.00,1470.00,0.00,'2011-12-03 19:44:53'),
 ('SO-00000418',323,NULL,0.00,735.00,735.00,735.00,0.00,'2011-12-03 19:46:06'),
 ('SO-00000419',324,NULL,0.00,1470.00,1470.00,1470.00,0.00,'2011-12-03 19:46:35'),
 ('SO-0000042',83,1,0.00,2210.00,2210.00,0.00,-2210.00,'2011-11-23 14:52:38'),
 ('SO-00000420',325,NULL,0.00,3365.00,3365.00,3365.00,0.00,'2011-12-03 19:48:15'),
 ('SO-00000421',326,NULL,0.00,1470.00,1470.00,1470.00,0.00,'2011-12-03 19:49:03'),
 ('SO-00000422',327,NULL,0.00,180.00,180.00,180.00,0.00,'2011-12-03 19:49:56'),
 ('SO-00000423',328,NULL,0.00,575.00,575.00,575.00,0.00,'2011-12-03 19:53:17'),
 ('SO-00000424',329,NULL,0.00,5485.00,5485.00,5485.00,0.00,'2011-12-03 19:53:55'),
 ('SO-00000425',330,NULL,0.00,740.00,740.00,740.00,0.00,'2011-12-03 19:54:50'),
 ('SO-00000426',331,NULL,0.00,2230.00,2230.00,2230.00,0.00,'2011-12-03 19:55:17'),
 ('SO-00000427',332,NULL,0.00,1140.00,1140.00,1140.00,0.00,'2011-12-03 19:55:51'),
 ('SO-00000428',333,NULL,0.00,2200.00,2200.00,2200.00,0.00,'2011-12-03 19:56:17'),
 ('SO-00000429',334,NULL,0.00,1495.00,1495.00,1495.00,0.00,'2011-12-03 19:57:37'),
 ('SO-0000043',58,1,0.00,5927.00,5927.00,0.00,-5927.00,'2011-11-23 14:54:35'),
 ('SO-00000430',335,NULL,0.00,1275.00,1275.00,1275.00,0.00,'2011-12-03 19:58:17'),
 ('SO-00000431',106,1,0.00,14890.00,14890.00,0.00,-14890.00,'2011-12-04 08:18:24'),
 ('SO-00000432',128,1,0.00,14185.00,14185.00,15190.00,1005.00,'2011-12-04 08:34:06'),
 ('SO-00000433',126,1,0.00,25563.90,25563.90,0.00,-25563.90,'2011-12-04 13:34:18'),
 ('SO-00000434',32,1,0.00,19930.00,19930.00,0.00,-19930.00,'2011-12-05 10:50:55'),
 ('SO-00000435',336,1,0.00,10180.00,10180.00,0.00,-10180.00,'2011-12-05 11:18:56'),
 ('SO-00000436',53,1,0.00,2210.00,2210.00,0.00,-2210.00,'2011-12-05 11:21:01'),
 ('SO-00000437',26,1,0.00,11560.00,11560.00,0.00,-11560.00,'2011-12-05 11:22:19'),
 ('SO-00000438',58,1,0.00,7230.00,7230.00,0.00,-7230.00,'2011-12-05 11:25:29'),
 ('SO-00000439',55,1,0.00,5170.00,5170.00,0.00,-5170.00,'2011-12-05 11:28:15'),
 ('SO-0000044',33,1,0.00,10455.00,10455.00,0.00,-10455.00,'2011-11-23 15:19:53'),
 ('SO-00000440',60,1,0.00,5475.00,5475.00,0.00,-5475.00,'2011-12-05 11:30:33'),
 ('SO-00000441',69,1,0.00,7695.00,7695.00,0.00,-7695.00,'2011-12-05 11:36:18'),
 ('SO-00000442',5,1,0.00,3680.00,3680.00,0.00,-3680.00,'2011-12-05 11:39:18'),
 ('SO-00000443',59,1,0.00,2940.00,2940.00,0.00,-2940.00,'2011-12-05 11:40:19'),
 ('SO-00000444',41,1,0.00,11220.00,11220.00,0.00,-11220.00,'2011-12-05 11:43:22'),
 ('SO-00000445',65,1,0.00,24150.00,24150.00,0.00,-24150.00,'2011-12-05 11:52:15'),
 ('SO-00000446',68,1,0.00,3729.00,3729.00,0.00,-3729.00,'2011-12-05 11:55:38'),
 ('SO-00000447',76,1,0.00,1155.00,1155.00,0.00,-1155.00,'2011-12-05 12:55:43'),
 ('SO-00000448',76,1,0.00,1125.00,1125.00,0.00,-1125.00,'2011-12-05 14:04:46'),
 ('SO-00000449',6,3,0.00,24900.00,24900.00,0.00,-24900.00,'2011-12-05 14:40:50'),
 ('SO-00000450',21,1,0.00,10400.00,10400.00,0.00,-10400.00,'2011-12-05 14:50:56'),
 ('SO-00000451',126,1,0.00,4693.40,4693.40,0.00,-4693.40,'2011-12-05 15:58:15'),
 ('SO-00000452',21,1,0.00,93320.00,93320.00,0.00,-93320.00,'2011-12-05 16:27:58'),
 ('SO-00000453',337,NULL,0.00,36775.00,36775.00,36775.00,0.00,'2011-12-05 19:17:51'),
 ('SO-00000454',338,NULL,0.00,4530.00,4530.00,4530.00,0.00,'2011-12-05 19:23:29'),
 ('SO-00000455',339,NULL,0.00,585.00,585.00,585.00,0.00,'2011-12-05 19:26:30'),
 ('SO-00000456',340,NULL,0.00,4435.00,4435.00,4435.00,0.00,'2011-12-05 19:27:18'),
 ('SO-00000457',341,NULL,0.00,1520.00,1520.00,1520.00,0.00,'2011-12-05 19:29:52'),
 ('SO-00000458',342,NULL,0.00,1155.00,1155.00,1155.00,0.00,'2011-12-05 19:30:16'),
 ('SO-00000459',343,NULL,0.00,1330.00,1330.00,1330.00,0.00,'2011-12-05 19:30:38'),
 ('SO-0000046',68,1,0.00,2200.00,2200.00,0.00,-2200.00,'2011-11-24 08:49:56'),
 ('SO-00000460',344,NULL,0.00,1194.00,1194.00,1194.00,0.00,'2011-12-05 19:34:29'),
 ('SO-00000461',345,NULL,0.00,1450.00,1450.00,1450.00,0.00,'2011-12-05 19:35:46'),
 ('SO-00000462',346,NULL,0.00,2280.00,2280.00,2280.00,0.00,'2011-12-05 19:36:18'),
 ('SO-00000463',347,NULL,0.00,1135.00,1135.00,1135.00,0.00,'2011-12-05 19:37:45'),
 ('SO-00000464',348,NULL,0.00,880.00,880.00,880.00,0.00,'2011-12-05 19:41:30'),
 ('SO-00000465',349,NULL,0.00,2270.00,2270.00,2270.00,0.00,'2011-12-05 19:46:40'),
 ('SO-00000466',350,NULL,0.00,705.00,705.00,705.00,0.00,'2011-12-05 19:47:23'),
 ('SO-00000467',50,1,0.00,1135.00,1135.00,1135.00,0.00,'2011-12-05 19:48:08'),
 ('SO-00000468',351,NULL,0.00,1450.00,1450.00,1450.00,0.00,'2011-12-05 19:49:25'),
 ('SO-00000469',352,NULL,0.00,1900.00,1900.00,1900.00,0.00,'2011-12-05 19:49:52'),
 ('SO-0000047',66,1,0.00,6030.00,6030.00,0.00,-6030.00,'2011-11-24 08:51:51'),
 ('SO-00000470',353,NULL,0.00,3495.00,3495.00,3495.00,0.00,'2011-12-05 19:50:34'),
 ('SO-00000471',354,NULL,0.00,555.00,555.00,555.00,0.00,'2011-12-05 19:51:38'),
 ('SO-00000472',81,1,0.00,3195.00,3195.00,3195.00,0.00,'2011-12-05 19:52:31'),
 ('SO-00000473',355,NULL,0.00,2845.00,2845.00,2845.00,0.00,'2011-12-05 19:53:20'),
 ('SO-00000474',356,NULL,0.00,1450.00,1450.00,1450.00,0.00,'2011-12-05 19:55:39'),
 ('SO-00000475',357,NULL,0.00,1065.00,1065.00,1065.00,0.00,'2011-12-05 19:58:12'),
 ('SO-00000476',81,1,0.00,180.00,180.00,180.00,0.00,'2011-12-05 20:04:57'),
 ('SO-00000477',76,1,0.00,14175.00,14175.00,0.00,-14175.00,'2011-12-06 08:23:49'),
 ('SO-00000478',358,NULL,0.00,5880.00,5880.00,5880.00,0.00,'2011-12-06 08:47:46'),
 ('SO-00000479',66,1,0.00,6690.00,6690.00,0.00,-6690.00,'2011-12-06 09:21:53'),
 ('SO-0000048',48,5,0.00,51785.00,51785.00,0.00,-51785.00,'2011-11-24 08:55:05'),
 ('SO-00000480',60,1,0.00,2150.00,2150.00,0.00,-2150.00,'2011-12-06 09:23:20'),
 ('SO-00000481',70,1,0.00,1145.00,1145.00,0.00,-1145.00,'2011-12-06 09:24:36'),
 ('SO-00000482',77,1,0.00,76350.00,76350.00,0.00,-76350.00,'2011-12-06 09:26:41'),
 ('SO-00000483',83,1,0.00,3040.00,3040.00,0.00,-3040.00,'2011-12-06 09:54:58'),
 ('SO-00000484',10,1,0.00,2585.00,2585.00,0.00,-2585.00,'2011-12-06 09:56:48'),
 ('SO-00000485',113,1,0.00,12490.00,12490.00,0.00,-12490.00,'2011-12-06 10:51:59'),
 ('SO-00000486',359,3,0.00,11740.00,11740.00,0.00,-11740.00,'2011-12-06 10:55:19'),
 ('SO-00000487',117,3,0.00,3275.00,3275.00,0.00,-3275.00,'2011-12-06 11:04:31'),
 ('SO-00000488',46,3,0.00,12395.00,12395.00,0.00,-12395.00,'2011-12-06 11:09:28'),
 ('SO-00000489',114,2,0.00,60271.00,60271.00,0.00,-60271.00,'2011-12-06 11:14:06'),
 ('SO-0000049',122,4,0.00,5725.00,5725.00,0.00,-5725.00,'2011-11-24 09:01:57'),
 ('SO-00000490',99,3,0.00,4520.00,4520.00,0.00,-4520.00,'2011-12-06 11:21:20'),
 ('SO-00000491',130,2,0.00,6950.00,6950.00,0.00,-6950.00,'2011-12-06 11:24:44'),
 ('SO-00000492',87,2,0.00,12835.50,12835.50,0.00,-12835.50,'2011-12-06 11:28:40'),
 ('SO-00000493',115,2,0.00,9495.00,9495.00,0.00,-9495.00,'2011-12-06 11:39:54'),
 ('SO-00000494',102,1,0.00,10675.00,10675.00,0.00,-10675.00,'2011-12-06 11:58:00'),
 ('SO-00000495',69,1,0.00,3315.00,3315.00,0.00,-3315.00,'2011-12-06 12:00:20'),
 ('SO-00000496',116,2,0.00,6674.20,6674.20,0.00,-6674.20,'2011-12-06 12:04:38'),
 ('SO-00000497',118,1,0.00,25050.00,25050.00,0.00,-25050.00,'2011-12-06 13:06:53'),
 ('SO-00000498',110,3,0.00,11195.00,11195.00,0.00,-11195.00,'2011-12-06 13:12:21'),
 ('SO-00000499',94,2,0.00,55863.80,55863.80,0.00,-55863.80,'2011-12-06 13:14:22'),
 ('SO-000005',108,1,0.00,1450.00,1450.00,0.00,-1450.00,'2011-11-22 10:15:33'),
 ('SO-0000050',123,4,0.00,990.00,990.00,0.00,-990.00,'2011-11-24 09:08:30'),
 ('SO-00000500',82,1,0.00,48992.50,48992.50,0.00,-48992.50,'2011-12-06 13:37:39'),
 ('SO-00000501',63,1,0.00,4460.00,4460.00,0.00,-4460.00,'2011-12-06 13:41:26'),
 ('SO-00000502',105,1,0.00,2940.00,2940.00,0.00,-2940.00,'2011-12-06 13:42:01'),
 ('SO-00000503',40,1,0.00,5410.00,5410.00,0.00,-5410.00,'2011-12-06 13:43:07'),
 ('SO-00000504',23,1,0.00,6650.00,6650.00,0.00,-6650.00,'2011-12-06 13:44:12'),
 ('SO-00000505',62,1,0.00,1470.00,1470.00,0.00,-1470.00,'2011-12-06 13:45:51'),
 ('SO-00000506',58,1,0.00,2235.00,2235.00,0.00,-2235.00,'2011-12-06 13:50:56'),
 ('SO-00000507',109,3,0.00,4454.00,4454.00,0.00,-4454.00,'2011-12-06 13:52:22'),
 ('SO-00000508',7,3,0.00,2230.00,2230.00,0.00,-2230.00,'2011-12-06 13:54:06'),
 ('SO-00000509',119,3,0.00,11600.00,11600.00,0.00,-11600.00,'2011-12-06 13:55:29'),
 ('SO-0000051',56,5,0.00,4495.00,4495.00,0.00,-4495.00,'2011-11-24 09:40:31'),
 ('SO-00000510',108,1,0.00,1450.00,1450.00,0.00,-1450.00,'2011-12-06 13:56:52'),
 ('SO-00000511',24,1,0.00,10380.00,10380.00,0.00,-10380.00,'2011-12-06 13:57:47'),
 ('SO-00000512',360,3,0.00,4359.00,4359.00,0.00,-4359.00,'2011-12-06 13:59:10'),
 ('SO-00000513',135,1,0.00,5725.00,5725.00,0.00,-5725.00,'2011-12-06 14:04:19'),
 ('SO-00000514',65,1,0.00,2400.00,2400.00,0.00,-2400.00,'2011-12-06 14:26:03'),
 ('SO-00000515',32,1,0.00,8820.00,8820.00,0.00,-8820.00,'2011-12-06 16:39:35'),
 ('SO-00000516',361,NULL,0.00,31620.00,31620.00,31620.00,0.00,'2011-12-06 18:12:52'),
 ('SO-00000517',362,NULL,0.00,585.00,585.00,585.00,0.00,'2011-12-06 18:19:11'),
 ('SO-00000518',363,NULL,0.00,1095.00,1095.00,1095.00,0.00,'2011-12-06 18:20:06'),
 ('SO-00000519',37,1,0.00,570.00,570.00,570.00,0.00,'2011-12-06 18:20:39'),
 ('SO-0000052',47,5,0.00,5660.00,5660.00,0.00,-5660.00,'2011-11-24 09:42:21'),
 ('SO-00000520',364,NULL,0.00,8875.00,8875.00,8875.00,0.00,'2011-12-06 18:21:15'),
 ('SO-00000521',365,NULL,0.00,14739.00,14739.00,14739.00,0.00,'2011-12-06 18:24:21'),
 ('SO-00000522',112,3,0.00,36360.00,36360.00,0.00,-36360.00,'2011-12-07 08:28:49'),
 ('SO-00000523',45,3,0.00,8900.00,8900.00,0.00,-8900.00,'2011-12-07 08:33:13'),
 ('SO-00000524',74,3,0.00,1925.00,1925.00,0.00,-1925.00,'2011-12-07 08:36:21'),
 ('SO-00000525',32,1,0.00,17820.00,17820.00,0.00,-17820.00,'2011-12-07 08:39:48'),
 ('SO-00000526',90,3,0.00,4145.00,4145.00,0.00,-4145.00,'2011-12-07 08:40:44'),
 ('SO-00000527',103,1,0.00,2940.00,2940.00,0.00,-2940.00,'2011-12-07 08:43:57'),
 ('SO-00000528',125,1,0.00,3465.00,3465.00,0.00,-3465.00,'2011-12-07 08:44:20'),
 ('SO-00000529',20,1,0.00,18495.00,18495.00,0.00,-18495.00,'2011-12-07 08:46:26'),
 ('SO-0000053',52,1,0.00,0.00,0.00,0.00,0.00,'2011-11-24 09:57:56'),
 ('SO-00000530',26,1,0.00,8400.00,8400.00,0.00,-8400.00,'2011-12-07 08:52:08'),
 ('SO-00000531',78,2,0.00,140380.00,140380.00,0.00,-140380.00,'2011-12-07 09:06:19'),
 ('SO-00000532',98,3,0.00,3330.00,3330.00,0.00,-3330.00,'2011-12-07 09:25:12'),
 ('SO-00000533',83,1,0.00,2605.00,2605.00,0.00,-2605.00,'2011-12-07 09:28:25'),
 ('SO-00000534',68,1,0.00,3335.00,3335.00,0.00,-3335.00,'2011-12-07 09:54:07'),
 ('SO-00000535',67,1,0.00,2210.00,2210.00,0.00,-2210.00,'2011-12-07 09:56:14'),
 ('SO-00000536',78,2,0.00,5134.00,5134.00,0.00,-5134.00,'2011-12-07 10:12:28'),
 ('SO-00000537',366,NULL,0.00,19025.00,19025.00,19025.00,0.00,'2011-12-07 13:23:25'),
 ('SO-00000538',73,1,0.00,2210.00,2210.00,0.00,-2210.00,'2011-12-07 14:01:51'),
 ('SO-00000539',31,1,0.00,12452.80,12452.80,0.00,-12452.80,'2011-12-07 14:10:15'),
 ('SO-0000054',124,5,0.00,3952.80,3952.80,0.00,-3952.80,'2011-11-24 10:02:49'),
 ('SO-00000540',367,1,0.00,1845.00,1845.00,0.00,-1845.00,'2011-12-07 14:43:07'),
 ('SO-00000541',109,1,0.00,840.00,840.00,0.00,-840.00,'2011-12-07 15:35:24'),
 ('SO-00000542',368,NULL,0.00,13880.00,13880.00,13880.00,0.00,'2011-12-07 15:42:07'),
 ('SO-00000543',369,1,0.00,1760.00,1760.00,0.00,-1760.00,'2011-12-07 16:25:40'),
 ('SO-00000544',372,1,0.00,760.00,760.00,0.00,-760.00,'2011-12-07 16:33:23'),
 ('SO-00000545',373,NULL,0.00,12975.00,12975.00,12975.00,0.00,'2011-12-07 17:44:26'),
 ('SO-00000547',375,1,0.00,1200.00,1200.00,0.00,-1200.00,'2011-12-08 08:47:30'),
 ('SO-00000548',128,1,0.00,14305.00,14305.00,14500.00,195.00,'2011-12-08 08:56:59'),
 ('SO-00000549',376,1,0.00,37783.00,37783.00,0.00,-37783.00,'2011-12-08 09:04:41'),
 ('SO-0000055',92,1,0.00,18151.89,18151.89,0.00,-18151.89,'2011-11-24 10:46:37'),
 ('SO-00000550',17,1,0.00,5880.00,5880.00,0.00,-5880.00,'2011-12-08 09:08:30'),
 ('SO-00000551',81,1,0.00,7860.00,7860.00,8000.00,140.00,'2011-12-08 09:17:45'),
 ('SO-00000552',121,1,0.00,7950.00,7950.00,8000.00,50.00,'2011-12-08 09:22:11'),
 ('SO-00000553',374,3,0.00,116475.00,116475.00,0.00,-116475.00,'2011-12-08 09:44:19'),
 ('SO-00000554',92,1,0.00,19074.40,19074.40,0.00,-19074.40,'2011-12-08 10:47:21'),
 ('SO-00000555',76,1,0.00,1125.00,1125.00,0.00,-1125.00,'2011-12-08 11:42:02'),
 ('SO-00000556',370,1,0.00,2530.00,2530.00,0.00,-2530.00,'2011-12-08 11:56:18'),
 ('SO-00000557',22,1,0.00,13090.00,13090.00,0.00,-13090.00,'2011-12-08 12:16:53'),
 ('SO-00000558',76,1,0.00,2250.00,2250.00,0.00,-2250.00,'2011-12-08 13:59:20'),
 ('SO-00000559',377,NULL,0.00,6020.00,6020.00,6020.00,0.00,'2011-12-08 20:15:18'),
 ('SO-0000056',39,1,0.00,19980.20,19980.20,0.00,-19980.20,'2011-11-24 11:02:44'),
 ('SO-00000560',121,1,0.00,7950.00,7950.00,7950.00,0.00,'2011-12-08 20:16:28'),
 ('SO-00000561',81,1,0.00,7860.00,7860.00,7860.00,0.00,'2011-12-08 20:18:37'),
 ('SO-00000562',378,NULL,0.00,24645.00,24645.00,24645.00,0.00,'2011-12-08 20:20:55'),
 ('SO-00000563',379,1,0.00,12240.00,12240.00,0.00,-12240.00,'2011-12-08 20:28:53'),
 ('SO-00000564',380,NULL,0.00,24140.00,24140.00,24140.00,0.00,'2011-12-08 20:35:04'),
 ('SO-00000565',381,NULL,0.00,8030.00,8030.00,8030.00,0.00,'2011-12-08 20:38:41'),
 ('SO-00000566',382,NULL,0.00,9435.00,9435.00,9435.00,0.00,'2011-12-08 20:39:54'),
 ('SO-00000567',383,NULL,0.00,3920.00,3920.00,3920.00,0.00,'2011-12-08 20:41:56'),
 ('SO-00000568',384,NULL,0.00,10053.00,10053.00,10053.00,0.00,'2011-12-08 20:43:28'),
 ('SO-00000569',385,NULL,0.00,6770.00,6770.00,6770.00,0.00,'2011-12-08 20:48:39'),
 ('SO-0000057',51,1,0.00,4540.00,4540.00,0.00,-4540.00,'2011-11-24 11:50:23'),
 ('SO-00000570',386,NULL,0.00,1655.00,1655.00,1655.00,0.00,'2011-12-08 20:51:34'),
 ('SO-00000571',81,1,0.00,678.70,678.70,678.70,0.00,'2011-12-08 20:52:57'),
 ('SO-00000575',388,4,0.00,2700.00,2700.00,0.00,-2700.00,'2011-12-09 09:13:22'),
 ('SO-00000576',32,1,0.00,28515.00,28515.00,0.00,-28515.00,'2011-12-09 09:13:45'),
 ('SO-00000578',124,1,0.00,10885.00,10885.00,0.00,-10885.00,'2011-12-09 09:24:48'),
 ('SO-00000579',25,5,0.00,15768.40,15768.40,0.00,-15768.40,'2011-12-09 09:27:05'),
 ('SO-0000058',106,1,0.00,0.00,0.00,0.00,0.00,'2011-11-25 09:41:11'),
 ('SO-00000580',47,5,0.00,8900.00,8900.00,0.00,-8900.00,'2011-12-09 09:31:53'),
 ('SO-00000581',370,1,0.00,675.00,675.00,675.00,0.00,'2011-12-09 09:36:44'),
 ('SO-00000582',56,5,0.00,4132.80,4132.80,0.00,-4132.80,'2011-12-09 09:49:00'),
 ('SO-00000583',123,4,0.00,1980.00,1980.00,0.00,-1980.00,'2011-12-09 09:51:20'),
 ('SO-00000584',122,4,0.00,1000.00,1000.00,0.00,-1000.00,'2011-12-09 09:52:28'),
 ('SO-00000585',389,1,0.00,990.75,990.75,0.00,-990.75,'2011-12-09 09:54:05'),
 ('SO-00000586',370,1,0.00,740.00,740.00,740.00,0.00,'2011-12-09 10:39:24'),
 ('SO-00000587',39,1,0.00,2783.10,2783.10,0.00,-2783.10,'2011-12-09 10:43:03'),
 ('SO-00000588',65,1,0.00,2130.00,2130.00,0.00,-2130.00,'2011-12-09 11:11:10'),
 ('SO-0000059',65,1,0.00,3225.00,3225.00,0.00,-3225.00,'2011-11-25 13:45:50'),
 ('SO-00000590',58,1,0.00,5395.25,5395.25,0.00,-5395.25,'2011-12-09 11:18:28'),
 ('SO-00000591',387,4,0.00,11740.00,11740.00,0.00,-11740.00,'2011-12-09 11:24:41'),
 ('SO-00000592',55,1,0.00,3700.00,3700.00,0.00,-3700.00,'2011-12-09 11:28:56'),
 ('SO-00000593',60,1,0.00,5830.00,5830.00,0.00,-5830.00,'2011-12-09 11:31:34'),
 ('SO-00000594',390,1,0.00,1015.00,1015.00,0.00,-1015.00,'2011-12-09 11:41:21'),
 ('SO-00000595',69,1,0.00,5495.00,5495.00,0.00,-5495.00,'2011-12-09 11:41:55'),
 ('SO-00000596',391,1,0.00,1470.00,1470.00,0.00,-1470.00,'2011-12-09 11:43:27'),
 ('SO-00000597',392,1,0.00,1520.00,1520.00,0.00,-1520.00,'2011-12-09 11:48:25'),
 ('SO-00000598',119,3,0.00,3337.50,3337.50,0.00,-3337.50,'2011-12-09 11:50:03'),
 ('SO-00000599',75,1,0.00,105870.00,105870.00,0.00,-105870.00,'2011-12-09 13:08:36'),
 ('SO-000006',110,3,0.00,12445.00,12445.00,0.00,-12445.00,'2011-11-22 10:19:56'),
 ('SO-0000060',73,1,0.00,4420.00,4420.00,0.00,-4420.00,'2011-11-25 13:46:35'),
 ('SO-00000600',81,1,0.00,3315.00,3315.00,3500.00,185.00,'2011-12-09 13:27:48'),
 ('SO-00000601',12,1,0.00,4910.00,4910.00,0.00,-4910.00,'2011-12-09 13:31:27'),
 ('SO-00000602',6,3,0.00,123750.50,123750.50,0.00,-123750.50,'2011-12-09 13:34:32'),
 ('SO-00000603',393,1,0.00,2240.00,2240.00,0.00,-2240.00,'2011-12-09 13:45:58'),
 ('SO-00000604',394,NULL,0.00,8942.00,8942.00,8942.00,0.00,'2011-12-09 16:05:43'),
 ('SO-00000605',395,NULL,0.00,1156.00,1156.00,1156.00,0.00,'2011-12-09 16:11:36'),
 ('SO-00000606',37,1,0.00,5880.00,5880.00,0.00,-5880.00,'2011-12-09 16:57:02'),
 ('SO-00000607',396,NULL,0.00,4830.00,4830.00,4830.00,0.00,'2011-12-09 17:23:45'),
 ('SO-00000608',397,NULL,0.00,4125.00,4125.00,4125.00,0.00,'2011-12-09 17:24:51'),
 ('SO-00000609',398,NULL,0.00,3175.00,3175.00,3175.00,0.00,'2011-12-09 18:07:07'),
 ('SO-0000061',71,1,0.00,3300.00,3300.00,0.00,-3300.00,'2011-11-25 13:47:33'),
 ('SO-00000610',399,NULL,0.00,6990.00,6990.00,6990.00,0.00,'2011-12-09 18:10:58'),
 ('SO-00000611',400,NULL,0.00,12885.00,12885.00,12885.00,0.00,'2011-12-09 18:13:50'),
 ('SO-00000612',401,NULL,0.00,639.00,639.00,639.00,0.00,'2011-12-09 18:18:51'),
 ('SO-00000613',402,NULL,0.00,585.00,585.00,585.00,0.00,'2011-12-09 18:21:19'),
 ('SO-00000614',403,NULL,0.00,8985.00,8985.00,8985.00,0.00,'2011-12-09 19:38:36'),
 ('SO-00000615',81,1,0.00,6345.00,6345.00,6500.00,155.00,'2011-12-10 09:09:37'),
 ('SO-00000616',42,1,0.00,2000.00,2000.00,0.00,-2000.00,'2011-12-10 10:48:49'),
 ('SO-00000617',96,1,0.00,2605.00,2605.00,0.00,-2605.00,'2011-12-10 11:09:33'),
 ('SO-00000618',100,1,0.00,4470.00,4470.00,0.00,-4470.00,'2011-12-10 13:08:18'),
 ('SO-00000619',32,1,0.00,6750.00,6750.00,0.00,-6750.00,'2011-12-10 13:31:09'),
 ('SO-0000062',51,1,0.00,4410.00,4410.00,0.00,-4410.00,'2011-11-26 08:56:37'),
 ('SO-00000620',404,NULL,0.00,815.00,815.00,815.00,0.00,'2011-12-10 14:11:27'),
 ('SO-00000621',405,1,0.00,617.15,617.15,617.15,0.00,'2011-12-10 14:31:45'),
 ('SO-00000622',406,NULL,0.00,4400.00,4400.00,4400.00,0.00,'2011-12-10 14:46:06'),
 ('SO-00000623',407,NULL,0.00,15705.00,15705.00,15705.00,0.00,'2011-12-10 14:48:47'),
 ('SO-00000624',408,1,0.00,1200.00,1200.00,0.00,-1200.00,'2011-12-10 16:13:47'),
 ('SO-00000625',126,1,0.00,2940.00,2940.00,0.00,-2940.00,'2011-12-10 16:20:51'),
 ('SO-00000626',409,NULL,0.00,17445.00,17445.00,17445.00,0.00,'2011-12-10 18:25:07'),
 ('SO-00000627',410,NULL,0.00,10730.00,10730.00,10730.00,0.00,'2011-12-10 18:30:00'),
 ('SO-00000628',32,1,0.00,8820.00,8820.00,0.00,-8820.00,'2011-12-11 10:20:22'),
 ('SO-00000629',76,1,0.00,15370.00,15370.00,0.00,-15370.00,'2011-12-11 11:04:26'),
 ('SO-0000063',77,1,0.00,51430.00,51430.00,0.00,-51430.00,'2011-11-26 08:57:15'),
 ('SO-00000630',55,1,0.00,2470.00,2470.00,0.00,-2470.00,'2011-12-12 08:19:46'),
 ('SO-00000631',71,1,0.00,4820.00,4820.00,0.00,-4820.00,'2011-12-12 08:25:01'),
 ('SO-00000632',68,1,0.00,3190.00,3190.00,0.00,-3190.00,'2011-12-12 08:35:02'),
 ('SO-00000633',32,1,0.00,19980.00,19980.00,0.00,-19980.00,'2011-12-12 08:49:58'),
 ('SO-00000634',411,NULL,0.00,5.00,5.00,5.00,0.00,'2011-12-12 09:57:30'),
 ('SO-00000635',107,1,0.00,4814.00,4814.00,0.00,-4814.00,'2011-12-12 09:59:43'),
 ('SO-00000636',69,1,0.00,6415.00,6415.00,0.00,-6415.00,'2011-12-12 10:03:15'),
 ('SO-00000637',5,1,0.00,3680.00,3680.00,0.00,-3680.00,'2011-12-12 10:07:43'),
 ('SO-00000638',65,1,0.00,18455.00,18455.00,0.00,-18455.00,'2011-12-12 10:12:19'),
 ('SO-00000639',58,1,0.00,5690.00,5690.00,0.00,-5690.00,'2011-12-12 10:15:22'),
 ('SO-0000064',70,1,0.00,2615.00,2615.00,0.00,-2615.00,'2011-11-26 09:00:35'),
 ('SO-00000640',336,1,0.00,16060.00,16060.00,0.00,-16060.00,'2011-12-12 10:19:50'),
 ('SO-00000641',76,1,0.00,2250.00,2250.00,0.00,-2250.00,'2011-12-12 10:25:54'),
 ('SO-00000642',412,1,0.00,2250.00,2250.00,0.00,-2250.00,'2011-12-12 10:27:05'),
 ('SO-00000643',60,1,0.00,6265.00,6265.00,0.00,-6265.00,'2011-12-12 10:29:04'),
 ('SO-00000644',40,1,0.00,26140.00,26140.00,0.00,-26140.00,'2011-12-12 11:09:59'),
 ('SO-00000645',43,1,0.00,19600.00,19600.00,0.00,-19600.00,'2011-12-12 11:18:44'),
 ('SO-00000646',82,1,0.00,56200.50,56200.50,0.00,-56200.50,'2011-12-12 11:22:22'),
 ('SO-00000647',126,1,0.00,30595.00,30595.00,0.00,-30595.00,'2011-12-12 11:44:51'),
 ('SO-00000648',106,1,0.00,73500.00,73500.00,0.00,-73500.00,'2011-12-12 12:24:04'),
 ('SO-00000649',76,1,0.00,2250.00,2250.00,0.00,-2250.00,'2011-12-12 13:18:40'),
 ('SO-0000065',125,1,0.00,2210.00,2210.00,0.00,-2210.00,'2011-11-26 09:02:33'),
 ('SO-00000650',63,1,0.00,1520.00,1520.00,0.00,-1520.00,'2011-12-12 13:24:28'),
 ('SO-00000651',61,1,0.00,2610.00,2610.00,0.00,-2610.00,'2011-12-12 13:28:28'),
 ('SO-00000652',23,1,0.00,4820.00,4820.00,0.00,-4820.00,'2011-12-12 13:43:06'),
 ('SO-00000653',75,1,0.00,91470.00,91470.00,0.00,-91470.00,'2011-12-12 14:03:00'),
 ('SO-00000654',106,1,0.00,3725.00,3725.00,0.00,-3725.00,'2011-12-12 15:13:00'),
 ('SO-00000655',413,NULL,0.00,10585.00,10585.00,10585.00,0.00,'2011-12-12 16:34:14'),
 ('SO-00000656',32,1,0.00,8790.00,8790.00,0.00,-8790.00,'2011-12-12 17:03:03'),
 ('SO-00000657',414,NULL,0.00,17930.00,17930.00,17930.00,0.00,'2011-12-12 17:08:26'),
 ('SO-00000658',415,NULL,0.00,3905.00,3905.00,3905.00,0.00,'2011-12-12 17:23:49'),
 ('SO-00000659',416,NULL,0.00,15185.00,15185.00,15185.00,0.00,'2011-12-12 17:45:28'),
 ('SO-0000066',103,1,0.00,1470.00,1470.00,0.00,-1470.00,'2011-11-26 09:05:12'),
 ('SO-00000660',417,NULL,0.00,15560.00,15560.00,15560.00,0.00,'2011-12-12 17:55:37'),
 ('SO-00000661',418,NULL,0.00,10144.00,10144.00,10144.00,0.00,'2011-12-12 17:58:21'),
 ('SO-00000662',419,NULL,0.00,5055.00,5055.00,5055.00,0.00,'2011-12-12 19:44:49'),
 ('SO-00000663',76,1,0.00,16495.00,16495.00,0.00,-16495.00,'2011-12-13 08:15:49'),
 ('SO-00000665',81,1,0.00,6570.00,6570.00,7000.00,430.00,'2011-12-13 09:55:42'),
 ('SO-00000666',130,2,0.00,2736.00,2736.00,0.00,-2736.00,'2011-12-13 09:59:07'),
 ('SO-00000667',99,3,0.00,4400.00,4400.00,0.00,-4400.00,'2011-12-13 10:02:20'),
 ('SO-00000668',3,3,0.00,81816.25,81816.25,0.00,-81816.25,'2011-12-13 10:03:43'),
 ('SO-00000669',115,2,0.00,13356.50,13356.50,0.00,-13356.50,'2011-12-13 10:12:38'),
 ('SO-0000067',10,1,0.00,4055.00,4055.00,0.00,-4055.00,'2011-11-26 09:05:37'),
 ('SO-00000670',118,1,0.00,29700.00,29700.00,0.00,-29700.00,'2011-12-13 10:17:25'),
 ('SO-00000671',116,1,0.00,6351.40,6351.40,0.00,-6351.40,'2011-12-13 10:18:39'),
 ('SO-00000672',420,1,0.00,1200.00,1200.00,0.00,-1200.00,'2011-12-13 10:21:18'),
 ('SO-00000673',90,3,0.00,15505.00,15505.00,0.00,-15505.00,'2011-12-13 10:23:19'),
 ('SO-00000674',45,3,0.00,7431.30,7431.30,0.00,-7431.30,'2011-12-13 10:28:05'),
 ('SO-00000675',114,2,0.00,18837.00,18837.00,0.00,-18837.00,'2011-12-13 10:34:40'),
 ('SO-00000676',76,1,0.00,394.00,394.00,0.00,-394.00,'2011-12-13 11:01:22'),
 ('SO-00000677',84,3,0.00,10252.90,10252.90,0.00,-10252.90,'2011-12-13 11:04:26'),
 ('SO-00000678',72,1,0.00,87200.00,87200.00,0.00,-87200.00,'2011-12-13 11:48:52'),
 ('SO-00000679',112,3,0.00,35505.00,35505.00,0.00,-35505.00,'2011-12-13 11:53:17'),
 ('SO-0000068',31,1,0.00,3225.00,3225.00,0.00,-3225.00,'2011-11-26 09:09:44'),
 ('SO-00000680',52,1,0.00,0.00,0.00,0.00,0.00,'2011-12-13 12:01:39'),
 ('SO-00000681',113,1,0.00,15128.00,15128.00,0.00,-15128.00,'2011-12-13 12:07:12'),
 ('SO-00000682',46,3,0.00,34205.00,34205.00,0.00,-34205.00,'2011-12-13 12:17:20'),
 ('SO-00000683',421,2,0.00,0.00,0.00,0.00,0.00,'2011-12-13 12:32:50'),
 ('SO-00000684',109,1,0.00,3070.00,3070.00,0.00,-3070.00,'2011-12-13 12:36:57'),
 ('SO-00000685',132,3,0.00,7400.00,7400.00,0.00,-7400.00,'2011-12-13 12:39:51'),
 ('SO-00000686',24,1,0.00,10320.00,10320.00,0.00,-10320.00,'2011-12-13 12:42:13'),
 ('SO-00000687',36,2,0.00,96061.00,96061.00,0.00,-96061.00,'2011-12-13 13:25:36'),
 ('SO-00000688',7,1,0.00,4580.00,4580.00,0.00,-4580.00,'2011-12-13 13:42:51'),
 ('SO-00000689',120,3,0.00,2300.00,2300.00,0.00,-2300.00,'2011-12-13 14:54:16'),
 ('SO-0000069',26,1,0.00,24015.00,24015.00,0.00,-24015.00,'2011-11-26 09:11:24'),
 ('SO-00000690',422,NULL,0.00,15790.00,15790.00,15790.00,0.00,'2011-12-13 16:35:41'),
 ('SO-00000691',423,NULL,0.00,9330.00,9330.00,9330.00,0.00,'2011-12-13 16:40:43'),
 ('SO-00000692',424,NULL,0.00,2270.00,2270.00,2270.00,0.00,'2011-12-13 16:47:53'),
 ('SO-00000693',425,NULL,0.00,13190.00,13190.00,13190.00,0.00,'2011-12-13 19:34:24'),
 ('SO-00000694',426,NULL,0.00,2240.00,2240.00,2240.00,0.00,'2011-12-13 19:36:26'),
 ('SO-00000696',78,2,0.00,101997.00,101997.00,0.00,-101997.00,'2011-12-14 08:33:26'),
 ('SO-00000697',94,2,0.00,66690.00,66690.00,0.00,-66690.00,'2011-12-14 08:52:24'),
 ('SO-00000698',32,1,0.00,21070.00,21070.00,0.00,-21070.00,'2011-12-14 09:15:33'),
 ('SO-00000699',26,1,0.00,11160.00,11160.00,0.00,-11160.00,'2011-12-14 09:25:32'),
 ('SO-000007',103,1,0.00,1470.00,1470.00,0.00,-1470.00,'2011-11-22 10:25:48'),
 ('SO-0000070',41,1,0.00,9180.00,9180.00,0.00,-9180.00,'2011-11-26 09:15:51'),
 ('SO-00000700',102,1,0.00,8445.00,8445.00,0.00,-8445.00,'2011-12-14 09:26:16'),
 ('SO-0000071',59,1,0.00,2940.00,2940.00,0.00,-2940.00,'2011-11-26 09:19:19'),
 ('SO-0000072',55,1,0.00,2230.00,2230.00,0.00,-2230.00,'2011-11-26 09:20:24'),
 ('SO-0000073',100,1,0.00,2270.00,2270.00,0.00,-2270.00,'2011-11-26 11:21:07'),
 ('SO-0000074',126,1,0.00,30905.00,30905.00,0.00,-30905.00,'2011-11-26 13:21:17'),
 ('SO-0000075',128,1,0.00,23725.00,23725.00,24173.50,448.50,'2011-11-28 08:32:40'),
 ('SO-0000076',32,1,0.00,29370.00,29370.00,0.00,-29370.00,'2011-11-28 08:47:05'),
 ('SO-0000077',75,1,0.00,119145.00,119145.00,0.00,-119145.00,'2011-11-28 10:04:01'),
 ('SO-0000078',72,3,0.00,299360.00,299360.00,0.00,-299360.00,'2011-11-28 11:46:43'),
 ('SO-0000079',NULL,NULL,0.00,1470.00,1470.00,1470.00,0.00,'2011-11-28 13:13:09'),
 ('SO-000008',111,1,0.00,2330.00,2330.00,0.00,-2330.00,'2011-11-22 10:27:02'),
 ('SO-0000080',NULL,NULL,0.00,1470.00,1470.00,1470.00,0.00,'2011-11-28 13:13:46'),
 ('SO-0000081',81,1,0.00,1879.00,1879.00,1879.00,0.00,'2011-11-28 13:14:22'),
 ('SO-0000082',NULL,NULL,0.00,1470.00,1470.00,1470.00,0.00,'2011-11-28 13:15:48'),
 ('SO-0000083',NULL,NULL,0.00,1380.00,1380.00,1380.00,0.00,'2011-11-28 13:17:21'),
 ('SO-0000084',NULL,NULL,0.00,735.00,735.00,735.00,0.00,'2011-11-28 13:18:38'),
 ('SO-0000085',50,1,0.00,1135.00,1135.00,1135.00,0.00,'2011-11-28 13:19:23'),
 ('SO-0000086',NULL,NULL,0.00,1105.00,1105.00,1105.00,0.00,'2011-11-28 13:20:06'),
 ('SO-0000087',NULL,NULL,0.00,1470.00,1470.00,1470.00,0.00,'2011-11-28 13:22:45'),
 ('SO-0000088',NULL,NULL,0.00,1085.00,1085.00,1085.00,0.00,'2011-11-28 13:23:11'),
 ('SO-0000089',NULL,NULL,0.00,740.00,740.00,740.00,0.00,'2011-11-28 13:24:01'),
 ('SO-000009',65,1,0.00,13550.00,13550.00,0.00,-13550.00,'2011-11-22 10:31:22'),
 ('SO-0000090',NULL,NULL,0.00,1085.00,1085.00,1085.00,0.00,'2011-11-28 13:24:57'),
 ('SO-0000091',NULL,NULL,0.00,740.00,740.00,740.00,0.00,'2011-11-28 13:27:21'),
 ('SO-0000092',NULL,NULL,0.00,585.00,585.00,585.00,0.00,'2011-11-28 13:29:40'),
 ('SO-0000093',NULL,NULL,0.00,500.00,500.00,500.00,0.00,'2011-11-28 13:31:51'),
 ('SO-0000094',NULL,NULL,0.00,1470.00,1470.00,1470.00,0.00,'2011-11-28 13:32:28'),
 ('SO-0000095',NULL,NULL,0.00,1165.00,1165.00,1165.00,0.00,'2011-11-28 13:33:03'),
 ('SO-0000096',NULL,NULL,0.00,1095.00,1095.00,1095.00,0.00,'2011-11-28 13:34:14'),
 ('SO-0000097',105,1,0.00,2940.00,2940.00,0.00,-2940.00,'2011-11-28 13:36:45'),
 ('SO-0000098',129,1,0.00,4185.00,4185.00,0.00,-4185.00,'2011-11-28 13:38:04'),
 ('SO-0000099',23,1,0.00,3420.00,3420.00,0.00,-3420.00,'2011-11-28 13:43:13');
/*!40000 ALTER TABLE `stock_out_transaction` ENABLE KEYS */;


--
-- Definition of table `stock_out_transaction_stock_out_items`
--

DROP TABLE IF EXISTS `stock_out_transaction_stock_out_items`;
CREATE TABLE `stock_out_transaction_stock_out_items` (
  `sales_order_no` varchar(45) DEFAULT NULL,
  `stockout_id` int(10) unsigned DEFAULT NULL
) ENGINE=InnoDB DEFAULT CHARSET=latin1;

--
-- Dumping data for table `stock_out_transaction_stock_out_items`
--

/*!40000 ALTER TABLE `stock_out_transaction_stock_out_items` DISABLE KEYS */;
INSERT INTO `stock_out_transaction_stock_out_items` (`sales_order_no`,`stockout_id`) VALUES 
 ('SO-000000',1),
 ('SO-000000',2),
 ('SO-000001',3),
 ('SO-000001',4),
 ('SO-000001',5),
 ('SO-000002',6),
 ('SO-000002',7),
 ('SO-000002',8),
 ('SO-000002',9),
 ('SO-000002',10),
 ('SO-000004',12),
 ('SO-000005',13),
 ('SO-000006',14),
 ('SO-000006',15),
 ('SO-000006',16),
 ('SO-000006',17),
 ('SO-000006',18),
 ('SO-000007',19),
 ('SO-000008',20),
 ('SO-000008',21),
 ('SO-000009',22),
 ('SO-000009',23),
 ('SO-000009',24),
 ('SO-0000010',25),
 ('SO-0000011',26),
 ('SO-0000011',27),
 ('SO-0000012',28),
 ('SO-0000012',29),
 ('SO-0000012',30),
 ('SO-0000013',31),
 ('SO-0000013',32),
 ('SO-0000013',33),
 ('SO-0000014',34),
 ('SO-0000014',35),
 ('SO-0000015',36),
 ('SO-0000015',37),
 ('SO-0000015',38),
 ('SO-0000015',39),
 ('SO-0000015',40),
 ('SO-0000015',41),
 ('SO-0000015',42),
 ('SO-0000015',43),
 ('SO-0000015',44),
 ('SO-0000015',45),
 ('SO-0000016',46),
 ('SO-0000016',47),
 ('SO-0000016',48),
 ('SO-0000016',49),
 ('SO-0000016',50),
 ('SO-0000017',51),
 ('SO-0000017',52),
 ('SO-0000017',53),
 ('SO-0000017',54),
 ('SO-0000017',55),
 ('SO-0000017',56),
 ('SO-0000017',57),
 ('SO-0000018',58),
 ('SO-0000018',59),
 ('SO-0000018',60),
 ('SO-0000019',61),
 ('SO-0000019',62),
 ('SO-0000019',63),
 ('SO-0000020',64),
 ('SO-0000020',65),
 ('SO-0000021',66),
 ('SO-0000021',67),
 ('SO-0000021',68),
 ('SO-0000021',69),
 ('SO-0000021',70),
 ('SO-0000022',71),
 ('SO-0000022',72),
 ('SO-0000022',73),
 ('SO-0000023',74),
 ('SO-0000024',75),
 ('SO-0000024',76),
 ('SO-0000024',77),
 ('SO-0000025',78),
 ('SO-0000025',79),
 ('SO-0000025',80),
 ('SO-0000026',81),
 ('SO-0000026',82),
 ('SO-0000026',83),
 ('SO-0000027',84),
 ('SO-0000027',85),
 ('SO-0000027',86),
 ('SO-0000027',87),
 ('SO-0000028',88),
 ('SO-0000028',89),
 ('SO-0000028',90),
 ('SO-0000029',91),
 ('SO-0000029',92),
 ('SO-0000030',93),
 ('SO-0000031',94),
 ('SO-0000031',95),
 ('SO-0000032',96),
 ('SO-0000033',97),
 ('SO-0000033',98),
 ('SO-0000033',99),
 ('SO-0000033',100),
 ('SO-0000033',101),
 ('SO-0000033',102),
 ('SO-0000033',103),
 ('SO-0000034',104),
 ('SO-0000034',105),
 ('SO-0000035',106),
 ('SO-0000036',107),
 ('SO-0000037',108),
 ('SO-0000038',109),
 ('SO-0000038',110),
 ('SO-0000039',111),
 ('SO-0000040',112),
 ('SO-0000040',113),
 ('SO-0000040',114),
 ('SO-0000040',115),
 ('SO-0000040',116),
 ('SO-0000040',117),
 ('SO-0000041',118),
 ('SO-0000041',119),
 ('SO-0000041',120),
 ('SO-0000042',121),
 ('SO-0000042',122),
 ('SO-0000043',123),
 ('SO-0000043',124),
 ('SO-0000043',125),
 ('SO-0000044',126),
 ('SO-0000044',127),
 ('SO-0000044',128),
 ('SO-0000044',129),
 ('SO-0000044',130),
 ('SO-0000045',131),
 ('SO-0000045',132),
 ('SO-0000046',133),
 ('SO-0000046',134),
 ('SO-0000047',135),
 ('SO-0000047',136),
 ('SO-0000047',137),
 ('SO-0000047',138),
 ('SO-0000048',139),
 ('SO-0000048',140),
 ('SO-0000048',141),
 ('SO-0000048',142),
 ('SO-0000048',143),
 ('SO-0000048',144),
 ('SO-0000049',145),
 ('SO-0000050',146),
 ('SO-0000051',147),
 ('SO-0000051',148),
 ('SO-0000051',149),
 ('SO-0000051',150),
 ('SO-0000052',151),
 ('SO-0000052',152),
 ('SO-0000052',153),
 ('SO-0000053',154),
 ('SO-0000054',155),
 ('SO-0000054',156),
 ('SO-0000054',157),
 ('SO-0000055',158),
 ('SO-0000055',159),
 ('SO-0000055',160),
 ('SO-0000055',161),
 ('SO-0000055',162),
 ('SO-0000056',163),
 ('SO-0000056',164),
 ('SO-0000056',165),
 ('SO-0000056',166),
 ('SO-0000056',167),
 ('SO-0000056',168),
 ('SO-0000056',169),
 ('SO-0000056',170),
 ('SO-0000056',171),
 ('SO-0000056',172),
 ('SO-0000056',173),
 ('SO-0000056',174),
 ('SO-0000056',175),
 ('SO-0000056',176),
 ('SO-0000056',177),
 ('SO-0000056',178),
 ('SO-0000057',179),
 ('SO-0000058',180),
 ('SO-0000058',181),
 ('SO-0000058',182),
 ('SO-0000058',183),
 ('SO-0000058',184),
 ('SO-0000058',185),
 ('SO-0000058',186),
 ('SO-0000058',187),
 ('SO-0000059',188),
 ('SO-0000060',189),
 ('SO-0000060',190),
 ('SO-0000061',191),
 ('SO-0000062',192),
 ('SO-0000063',193),
 ('SO-0000063',194),
 ('SO-0000063',195),
 ('SO-0000063',196),
 ('SO-0000064',197),
 ('SO-0000064',198),
 ('SO-0000065',199),
 ('SO-0000065',200),
 ('SO-0000066',201),
 ('SO-0000067',202),
 ('SO-0000067',203),
 ('SO-0000067',204),
 ('SO-0000068',205),
 ('SO-0000069',206),
 ('SO-0000069',207),
 ('SO-0000069',208),
 ('SO-0000070',209),
 ('SO-0000070',210),
 ('SO-0000070',211),
 ('SO-0000070',212),
 ('SO-0000071',213),
 ('SO-0000072',214),
 ('SO-0000072',215),
 ('SO-0000073',216),
 ('SO-0000074',217),
 ('SO-0000074',218),
 ('SO-0000074',219),
 ('SO-0000074',220),
 ('SO-0000074',221),
 ('SO-0000074',222),
 ('SO-0000075',223),
 ('SO-0000075',224),
 ('SO-0000075',225),
 ('SO-0000075',226),
 ('SO-0000076',227),
 ('SO-0000076',228),
 ('SO-0000076',229),
 ('SO-0000076',230),
 ('SO-0000076',231),
 ('SO-0000077',232),
 ('SO-0000077',233),
 ('SO-0000077',234),
 ('SO-0000077',235),
 ('SO-0000077',236),
 ('SO-0000077',237),
 ('SO-0000077',238),
 ('SO-0000077',239),
 ('SO-0000077',240),
 ('SO-0000077',241),
 ('SO-0000077',242),
 ('SO-0000078',243),
 ('SO-0000078',244),
 ('SO-0000078',245),
 ('SO-0000078',246),
 ('SO-0000078',247),
 ('SO-0000078',248),
 ('SO-0000078',249),
 ('SO-0000078',250),
 ('SO-0000078',251),
 ('SO-0000078',252),
 ('SO-0000078',253),
 ('SO-0000078',254),
 ('SO-0000078',255),
 ('SO-0000078',256),
 ('SO-0000078',257),
 ('SO-0000079',258),
 ('SO-0000080',259),
 ('SO-0000081',260),
 ('SO-0000081',261),
 ('SO-0000081',262),
 ('SO-0000082',263),
 ('SO-0000083',264),
 ('SO-0000083',265),
 ('SO-0000084',266),
 ('SO-0000085',267),
 ('SO-0000086',268),
 ('SO-0000086',269),
 ('SO-0000087',270),
 ('SO-0000088',271),
 ('SO-0000089',272),
 ('SO-0000090',273),
 ('SO-0000091',274),
 ('SO-0000092',275),
 ('SO-0000093',276),
 ('SO-0000094',277),
 ('SO-0000095',278),
 ('SO-0000096',279),
 ('SO-0000097',280),
 ('SO-0000098',281),
 ('SO-0000098',282),
 ('SO-0000098',283),
 ('SO-0000099',284),
 ('SO-00000100',285),
 ('SO-00000100',286),
 ('SO-00000101',287),
 ('SO-00000101',288),
 ('SO-00000101',289),
 ('SO-00000101',290),
 ('SO-00000102',291),
 ('SO-00000102',292),
 ('SO-00000103',293),
 ('SO-00000104',294),
 ('SO-00000105',295),
 ('SO-00000105',296),
 ('SO-00000105',297),
 ('SO-00000105',298),
 ('SO-00000105',299),
 ('SO-00000105',300),
 ('SO-00000105',301),
 ('SO-00000105',302),
 ('SO-00000105',303),
 ('SO-00000105',304),
 ('SO-00000106',305),
 ('SO-00000106',306),
 ('SO-00000107',307),
 ('SO-00000108',308),
 ('SO-00000109',309),
 ('SO-00000109',310),
 ('SO-00000110',311),
 ('SO-00000111',312),
 ('SO-00000112',313),
 ('SO-00000113',314),
 ('SO-00000114',315),
 ('SO-00000114',316),
 ('SO-00000115',317),
 ('SO-00000115',318),
 ('SO-00000116',319),
 ('SO-00000116',320),
 ('SO-00000116',321),
 ('SO-00000117',322),
 ('SO-00000118',323),
 ('SO-00000119',324),
 ('SO-00000119',325),
 ('SO-00000119',326),
 ('SO-00000120',327),
 ('SO-00000121',328),
 ('SO-00000121',329),
 ('SO-00000121',330),
 ('SO-00000122',331),
 ('SO-00000122',332),
 ('SO-00000122',333),
 ('SO-00000122',334),
 ('SO-00000123',335),
 ('SO-00000124',336),
 ('SO-00000125',337),
 ('SO-00000125',338),
 ('SO-00000126',339),
 ('SO-00000126',340),
 ('SO-00000127',341),
 ('SO-00000128',342),
 ('SO-00000129',343),
 ('SO-00000130',344),
 ('SO-00000131',345),
 ('SO-00000132',346),
 ('SO-00000133',347),
 ('SO-00000134',348),
 ('SO-00000135',349),
 ('SO-00000135',350),
 ('SO-00000135',351),
 ('SO-00000135',352),
 ('SO-00000135',353),
 ('SO-00000135',354),
 ('SO-00000136',355),
 ('SO-00000136',356),
 ('SO-00000136',357),
 ('SO-00000136',358),
 ('SO-00000136',359),
 ('SO-00000137',360),
 ('SO-00000137',361),
 ('SO-00000137',362),
 ('SO-00000137',363),
 ('SO-00000137',364),
 ('SO-00000137',365),
 ('SO-00000137',366),
 ('SO-00000137',367),
 ('SO-00000138',368),
 ('SO-00000138',369),
 ('SO-00000139',370),
 ('SO-00000139',371),
 ('SO-00000139',372),
 ('SO-00000140',373),
 ('SO-00000141',374),
 ('SO-00000141',375),
 ('SO-00000141',376),
 ('SO-00000141',377),
 ('SO-00000141',378),
 ('SO-00000141',379),
 ('SO-00000142',380),
 ('SO-00000142',381),
 ('SO-00000143',382),
 ('SO-00000143',383),
 ('SO-00000143',384),
 ('SO-00000143',385),
 ('SO-00000143',386),
 ('SO-00000143',387),
 ('SO-00000143',388),
 ('SO-00000143',389),
 ('SO-00000143',390),
 ('SO-00000144',391),
 ('SO-00000144',392),
 ('SO-00000144',393),
 ('SO-00000145',394),
 ('SO-00000145',395),
 ('SO-00000146',396),
 ('SO-00000146',397),
 ('SO-00000146',398),
 ('SO-00000146',399),
 ('SO-00000146',400),
 ('SO-00000146',401),
 ('SO-00000146',402),
 ('SO-00000146',403),
 ('SO-00000147',404),
 ('SO-00000147',405),
 ('SO-00000147',406),
 ('SO-00000147',407),
 ('SO-00000148',408),
 ('SO-00000148',409),
 ('SO-00000148',410),
 ('SO-00000148',411),
 ('SO-00000148',412),
 ('SO-00000148',413),
 ('SO-00000148',414),
 ('SO-00000149',415),
 ('SO-00000149',416),
 ('SO-00000149',417),
 ('SO-00000149',418),
 ('SO-00000149',419),
 ('SO-00000149',420),
 ('SO-00000149',421),
 ('SO-00000149',422),
 ('SO-00000149',423),
 ('SO-00000149',424),
 ('SO-00000149',425),
 ('SO-00000149',426),
 ('SO-00000149',427),
 ('SO-00000149',428),
 ('SO-00000149',429),
 ('SO-00000149',430),
 ('SO-00000149',431),
 ('SO-00000150',432),
 ('SO-00000150',433),
 ('SO-00000150',434),
 ('SO-00000150',435),
 ('SO-00000150',436),
 ('SO-00000150',437),
 ('SO-00000150',438),
 ('SO-00000151',439),
 ('SO-00000151',440),
 ('SO-00000151',441),
 ('SO-00000152',442),
 ('SO-00000152',443),
 ('SO-00000152',444),
 ('SO-00000153',445),
 ('SO-00000154',446),
 ('SO-00000154',447),
 ('SO-00000155',448),
 ('SO-00000155',449),
 ('SO-00000156',450),
 ('SO-00000156',451),
 ('SO-00000156',452),
 ('SO-00000156',453),
 ('SO-00000157',454),
 ('SO-00000157',455),
 ('SO-00000157',456),
 ('SO-00000157',457),
 ('SO-00000157',458),
 ('SO-00000157',459),
 ('SO-00000158',460),
 ('SO-00000158',461),
 ('SO-00000158',462),
 ('SO-00000158',463),
 ('SO-00000159',464),
 ('SO-00000159',465),
 ('SO-00000159',466),
 ('SO-00000160',467),
 ('SO-00000160',468),
 ('SO-00000160',469),
 ('SO-00000161',470),
 ('SO-00000161',471),
 ('SO-00000162',472),
 ('SO-00000162',473),
 ('SO-00000163',474),
 ('SO-00000163',475),
 ('SO-00000163',476),
 ('SO-00000164',477),
 ('SO-00000164',478),
 ('SO-00000165',479),
 ('SO-00000165',480),
 ('SO-00000165',481),
 ('SO-00000166',482),
 ('SO-00000167',483),
 ('SO-00000168',484),
 ('SO-00000168',485),
 ('SO-00000169',486),
 ('SO-00000170',487),
 ('SO-00000170',488),
 ('SO-00000170',489),
 ('SO-00000170',490),
 ('SO-00000171',491),
 ('SO-00000171',492),
 ('SO-00000172',493),
 ('SO-00000173',494),
 ('SO-00000173',495),
 ('SO-00000173',496),
 ('SO-00000173',497),
 ('SO-00000173',498),
 ('SO-00000173',499),
 ('SO-00000174',500),
 ('SO-00000174',501),
 ('SO-00000174',502),
 ('SO-00000174',503),
 ('SO-00000175',504),
 ('SO-00000175',505),
 ('SO-00000176',506),
 ('SO-00000176',507),
 ('SO-00000176',508),
 ('SO-00000176',509),
 ('SO-00000176',510),
 ('SO-00000176',511),
 ('SO-00000176',512),
 ('SO-00000177',513),
 ('SO-00000177',514),
 ('SO-00000177',515),
 ('SO-00000177',516),
 ('SO-00000177',517),
 ('SO-00000177',518),
 ('SO-00000177',519),
 ('SO-00000177',520),
 ('SO-00000177',521),
 ('SO-00000177',522),
 ('SO-00000177',523),
 ('SO-00000177',524),
 ('SO-00000177',525),
 ('SO-00000177',526),
 ('SO-00000177',527),
 ('SO-00000177',528),
 ('SO-00000177',529),
 ('SO-00000177',530),
 ('SO-00000177',531),
 ('SO-00000177',532),
 ('SO-00000178',533),
 ('SO-00000179',534),
 ('SO-00000180',535),
 ('SO-00000181',536),
 ('SO-00000182',537),
 ('SO-00000183',538),
 ('SO-00000183',539),
 ('SO-00000184',540),
 ('SO-00000185',541),
 ('SO-00000186',542),
 ('SO-00000187',543),
 ('SO-00000188',544),
 ('SO-00000189',545),
 ('SO-00000190',546),
 ('SO-00000191',547),
 ('SO-00000192',548),
 ('SO-00000193',549),
 ('SO-00000194',550),
 ('SO-00000194',551),
 ('SO-00000195',552),
 ('SO-00000196',553),
 ('SO-00000197',554),
 ('SO-00000198',555),
 ('SO-00000199',556),
 ('SO-00000199',557),
 ('SO-00000199',558),
 ('SO-00000200',559),
 ('SO-00000201',560),
 ('SO-00000202',561),
 ('SO-00000203',562),
 ('SO-00000204',563),
 ('SO-00000205',564),
 ('SO-00000206',565),
 ('SO-00000207',566),
 ('SO-00000208',567),
 ('SO-00000209',568),
 ('SO-00000210',569),
 ('SO-00000211',570),
 ('SO-00000211',571),
 ('SO-00000212',572),
 ('SO-00000212',573),
 ('SO-00000212',574),
 ('SO-00000212',575),
 ('SO-00000212',576),
 ('SO-00000213',577),
 ('SO-00000213',578),
 ('SO-00000213',579),
 ('SO-00000213',580),
 ('SO-00000213',581),
 ('SO-00000214',582),
 ('SO-00000214',583),
 ('SO-00000214',584),
 ('SO-00000215',585),
 ('SO-00000216',586),
 ('SO-00000217',587),
 ('SO-00000218',588),
 ('SO-00000218',589),
 ('SO-00000218',590),
 ('SO-00000219',591),
 ('SO-00000219',592),
 ('SO-00000220',593),
 ('SO-00000221',594),
 ('SO-00000221',595),
 ('SO-00000221',596),
 ('SO-00000221',597),
 ('SO-00000221',598),
 ('SO-00000221',599),
 ('SO-00000221',600),
 ('SO-00000221',601),
 ('SO-00000221',602),
 ('SO-00000221',603),
 ('SO-00000221',604),
 ('SO-00000221',605),
 ('SO-00000221',606),
 ('SO-00000221',607),
 ('SO-00000221',608),
 ('SO-00000221',609),
 ('SO-00000221',610),
 ('SO-00000221',611),
 ('SO-00000221',612),
 ('SO-00000221',613),
 ('SO-00000221',614),
 ('SO-00000221',615),
 ('SO-00000221',616),
 ('SO-00000221',617),
 ('SO-00000222',618),
 ('SO-00000222',619),
 ('SO-00000222',620),
 ('SO-00000222',621),
 ('SO-00000222',622),
 ('SO-00000222',623),
 ('SO-00000222',624),
 ('SO-00000222',625),
 ('SO-00000223',626),
 ('SO-00000224',627),
 ('SO-00000224',628),
 ('SO-00000224',629),
 ('SO-00000224',630),
 ('SO-00000225',631),
 ('SO-00000225',632),
 ('SO-00000225',633),
 ('SO-00000226',634),
 ('SO-00000226',635),
 ('SO-00000227',636),
 ('SO-00000227',637),
 ('SO-00000227',638),
 ('SO-00000227',639),
 ('SO-00000227',640),
 ('SO-00000227',641),
 ('SO-00000227',642),
 ('SO-00000228',643),
 ('SO-00000229',644),
 ('SO-00000230',645),
 ('SO-00000231',646),
 ('SO-00000231',647),
 ('SO-00000232',648),
 ('SO-00000232',649),
 ('SO-00000233',650),
 ('SO-00000234',651),
 ('SO-00000235',652),
 ('SO-00000236',653),
 ('SO-00000236',654),
 ('SO-00000237',655),
 ('SO-00000238',656),
 ('SO-00000238',657),
 ('SO-00000239',658),
 ('SO-00000240',659),
 ('SO-00000241',660),
 ('SO-00000242',661),
 ('SO-00000243',662),
 ('SO-00000244',663),
 ('SO-00000245',664),
 ('SO-00000245',665),
 ('SO-00000245',666),
 ('SO-00000245',667),
 ('SO-00000245',668),
 ('SO-00000246',669),
 ('SO-00000247',670),
 ('SO-00000248',671),
 ('SO-00000249',672),
 ('SO-00000250',673),
 ('SO-00000251',674),
 ('SO-00000252',675),
 ('SO-00000253',676),
 ('SO-00000253',677),
 ('SO-00000254',678),
 ('SO-00000255',679),
 ('SO-00000256',680),
 ('SO-00000257',681),
 ('SO-00000258',682),
 ('SO-00000259',683),
 ('SO-00000260',684),
 ('SO-00000260',685),
 ('SO-00000261',686),
 ('SO-00000262',687),
 ('SO-00000263',688),
 ('SO-00000264',689),
 ('SO-00000265',690),
 ('SO-00000266',691),
 ('SO-00000266',692),
 ('SO-00000267',693),
 ('SO-00000267',694),
 ('SO-00000267',695),
 ('SO-00000267',696),
 ('SO-00000267',697),
 ('SO-00000267',698),
 ('SO-00000267',699),
 ('SO-00000268',700),
 ('SO-00000268',701),
 ('SO-00000268',702),
 ('SO-00000268',703),
 ('SO-00000269',704),
 ('SO-00000269',705),
 ('SO-00000269',706),
 ('SO-00000269',707),
 ('SO-00000270',708),
 ('SO-00000270',709),
 ('SO-00000271',710),
 ('SO-00000272',711),
 ('SO-00000273',712),
 ('SO-00000273',713),
 ('SO-00000273',714),
 ('SO-00000273',715),
 ('SO-00000273',716),
 ('SO-00000273',717),
 ('SO-00000274',718),
 ('SO-00000275',719),
 ('SO-00000275',720),
 ('SO-00000275',721),
 ('SO-00000276',722),
 ('SO-00000277',723),
 ('SO-00000278',724),
 ('SO-00000279',725),
 ('SO-00000280',726),
 ('SO-00000281',727),
 ('SO-00000282',728),
 ('SO-00000283',729),
 ('SO-00000283',730),
 ('SO-00000284',731),
 ('SO-00000285',732),
 ('SO-00000286',733),
 ('SO-00000287',734),
 ('SO-00000288',735),
 ('SO-00000288',736),
 ('SO-00000289',737),
 ('SO-00000289',738),
 ('SO-00000289',739),
 ('SO-00000289',740),
 ('SO-00000290',741),
 ('SO-00000290',742),
 ('SO-00000290',743),
 ('SO-00000291',744),
 ('SO-00000291',745),
 ('SO-00000291',746),
 ('SO-00000291',747),
 ('SO-00000292',748),
 ('SO-00000292',749),
 ('SO-00000293',750),
 ('SO-00000293',751),
 ('SO-00000293',752),
 ('SO-00000294',753),
 ('SO-00000295',754),
 ('SO-00000295',755),
 ('SO-00000295',756),
 ('SO-00000295',757),
 ('SO-00000295',758),
 ('SO-00000296',759),
 ('SO-00000296',760),
 ('SO-00000296',761),
 ('SO-00000296',762),
 ('SO-00000297',763),
 ('SO-00000298',764),
 ('SO-00000299',765),
 ('SO-00000300',766),
 ('SO-00000300',767),
 ('SO-00000300',768),
 ('SO-00000300',769),
 ('SO-00000301',770),
 ('SO-00000302',771),
 ('SO-00000302',772),
 ('SO-00000302',773),
 ('SO-00000302',774),
 ('SO-00000303',775),
 ('SO-00000304',776),
 ('SO-00000304',777),
 ('SO-00000305',778),
 ('SO-00000305',779),
 ('SO-00000306',780),
 ('SO-00000306',781),
 ('SO-00000307',782),
 ('SO-00000308',783),
 ('SO-00000308',784),
 ('SO-00000309',785),
 ('SO-00000310',786),
 ('SO-00000310',787),
 ('SO-00000311',788),
 ('SO-00000311',789),
 ('SO-00000311',790),
 ('SO-00000311',791),
 ('SO-00000312',792),
 ('SO-00000313',793),
 ('SO-00000313',794),
 ('SO-00000313',795),
 ('SO-00000314',796),
 ('SO-00000315',797),
 ('SO-00000315',798),
 ('SO-00000316',799),
 ('SO-00000317',800),
 ('SO-00000318',801),
 ('SO-00000318',802),
 ('SO-00000319',803),
 ('SO-00000319',804),
 ('SO-00000320',805),
 ('SO-00000321',806),
 ('SO-00000321',807),
 ('SO-00000322',808),
 ('SO-00000323',809),
 ('SO-00000323',810),
 ('SO-00000324',811),
 ('SO-00000324',812),
 ('SO-00000325',813),
 ('SO-00000325',814),
 ('SO-00000326',815),
 ('SO-00000326',816),
 ('SO-00000327',817),
 ('SO-00000327',818),
 ('SO-00000328',819),
 ('SO-00000329',820),
 ('SO-00000330',821),
 ('SO-00000331',822),
 ('SO-00000332',823),
 ('SO-00000333',824),
 ('SO-00000333',825),
 ('SO-00000333',826),
 ('SO-00000333',827),
 ('SO-00000333',828),
 ('SO-00000334',829),
 ('SO-00000335',830),
 ('SO-00000335',831),
 ('SO-00000336',832),
 ('SO-00000337',833),
 ('SO-00000338',834),
 ('SO-00000339',835),
 ('SO-00000339',836),
 ('SO-00000339',837),
 ('SO-00000339',838),
 ('SO-00000340',839),
 ('SO-00000341',840),
 ('SO-00000342',841),
 ('SO-00000343',842),
 ('SO-00000344',843),
 ('SO-00000345',844),
 ('SO-00000345',845),
 ('SO-00000345',846),
 ('SO-00000346',847),
 ('SO-00000346',848),
 ('SO-00000346',849),
 ('SO-00000346',850),
 ('SO-00000346',851),
 ('SO-00000347',852),
 ('SO-00000347',853),
 ('SO-00000347',854),
 ('SO-00000347',855),
 ('SO-00000347',856),
 ('SO-00000348',857),
 ('SO-00000348',858),
 ('SO-00000349',859),
 ('SO-00000350',860),
 ('SO-00000351',861),
 ('SO-00000351',862),
 ('SO-00000351',863),
 ('SO-00000351',864),
 ('SO-00000351',865),
 ('SO-00000351',866),
 ('SO-00000352',867),
 ('SO-00000352',868),
 ('SO-00000352',869),
 ('SO-00000353',870),
 ('SO-00000353',871),
 ('SO-00000353',872),
 ('SO-00000353',873),
 ('SO-00000353',874),
 ('SO-00000354',875),
 ('SO-00000355',876),
 ('SO-00000356',877),
 ('SO-00000356',878),
 ('SO-00000357',879),
 ('SO-00000357',880),
 ('SO-00000358',881),
 ('SO-00000358',882),
 ('SO-00000358',883),
 ('SO-00000359',884),
 ('SO-00000360',885),
 ('SO-00000361',886),
 ('SO-00000362',887),
 ('SO-00000362',888),
 ('SO-00000363',889),
 ('SO-00000364',890),
 ('SO-00000365',891),
 ('SO-00000365',892),
 ('SO-00000366',893),
 ('SO-00000367',894),
 ('SO-00000367',895),
 ('SO-00000368',896),
 ('SO-00000368',897),
 ('SO-00000369',898),
 ('SO-00000369',899),
 ('SO-00000370',900),
 ('SO-00000371',901),
 ('SO-00000372',902),
 ('SO-00000373',903),
 ('SO-00000374',904),
 ('SO-00000375',905),
 ('SO-00000375',906),
 ('SO-00000376',907),
 ('SO-00000376',908),
 ('SO-00000377',909),
 ('SO-00000378',910),
 ('SO-00000379',911),
 ('SO-00000379',912),
 ('SO-00000380',913),
 ('SO-00000381',914),
 ('SO-00000381',915),
 ('SO-00000382',916),
 ('SO-00000383',917),
 ('SO-00000384',918),
 ('SO-00000385',919),
 ('SO-00000386',920),
 ('SO-00000386',921),
 ('SO-00000387',922),
 ('SO-00000387',923),
 ('SO-00000387',924),
 ('SO-00000387',925),
 ('SO-00000388',926),
 ('SO-00000388',927),
 ('SO-00000388',928),
 ('SO-00000388',929),
 ('SO-00000388',930),
 ('SO-00000388',931),
 ('SO-00000388',932),
 ('SO-00000389',933),
 ('SO-00000390',934),
 ('SO-00000391',935),
 ('SO-00000391',936),
 ('SO-00000392',937),
 ('SO-00000393',938),
 ('SO-00000393',939),
 ('SO-00000394',940),
 ('SO-00000395',941),
 ('SO-00000396',942),
 ('SO-00000397',943),
 ('SO-00000397',944),
 ('SO-00000398',945),
 ('SO-00000399',946),
 ('SO-00000399',947),
 ('SO-00000400',948),
 ('SO-00000401',949),
 ('SO-00000402',950),
 ('SO-00000402',951),
 ('SO-00000403',952),
 ('SO-00000403',953),
 ('SO-00000404',954),
 ('SO-00000405',955),
 ('SO-00000406',956),
 ('SO-00000407',957),
 ('SO-00000408',958),
 ('SO-00000409',959),
 ('SO-00000410',960),
 ('SO-00000411',961),
 ('SO-00000412',962),
 ('SO-00000413',963),
 ('SO-00000414',964),
 ('SO-00000414',965),
 ('SO-00000415',966),
 ('SO-00000416',967),
 ('SO-00000417',968),
 ('SO-00000418',969),
 ('SO-00000419',970),
 ('SO-00000420',971),
 ('SO-00000420',972),
 ('SO-00000421',973),
 ('SO-00000422',974),
 ('SO-00000423',975),
 ('SO-00000423',976),
 ('SO-00000424',977),
 ('SO-00000424',978),
 ('SO-00000425',979),
 ('SO-00000425',980),
 ('SO-00000426',981),
 ('SO-00000426',982),
 ('SO-00000427',983),
 ('SO-00000428',984),
 ('SO-00000428',985),
 ('SO-00000429',986),
 ('SO-00000429',987),
 ('SO-00000430',988),
 ('SO-00000431',989),
 ('SO-00000431',990),
 ('SO-00000432',991),
 ('SO-00000432',992),
 ('SO-00000432',993),
 ('SO-00000432',994),
 ('SO-00000433',995),
 ('SO-00000433',996),
 ('SO-00000433',997),
 ('SO-00000433',998),
 ('SO-00000433',999),
 ('SO-00000433',1000),
 ('SO-00000434',1001),
 ('SO-00000434',1002),
 ('SO-00000434',1003),
 ('SO-00000434',1004),
 ('SO-00000435',1005),
 ('SO-00000435',1006),
 ('SO-00000436',1007),
 ('SO-00000436',1008),
 ('SO-00000437',1009),
 ('SO-00000437',1010),
 ('SO-00000437',1011),
 ('SO-00000437',1012),
 ('SO-00000437',1013),
 ('SO-00000438',1014),
 ('SO-00000438',1015),
 ('SO-00000438',1016),
 ('SO-00000438',1017),
 ('SO-00000439',1018),
 ('SO-00000439',1019),
 ('SO-00000439',1020),
 ('SO-00000440',1021),
 ('SO-00000440',1022),
 ('SO-00000440',1023),
 ('SO-00000441',1024),
 ('SO-00000441',1025),
 ('SO-00000441',1026),
 ('SO-00000442',1027),
 ('SO-00000442',1028),
 ('SO-00000442',1029),
 ('SO-00000443',1030),
 ('SO-00000444',1031),
 ('SO-00000444',1032),
 ('SO-00000444',1033),
 ('SO-00000444',1034),
 ('SO-00000445',1035),
 ('SO-00000445',1036),
 ('SO-00000445',1037),
 ('SO-00000445',1038),
 ('SO-00000445',1039),
 ('SO-00000445',1040),
 ('SO-00000446',1041),
 ('SO-00000446',1042),
 ('SO-00000446',1043),
 ('SO-00000447',1044),
 ('SO-00000448',1045),
 ('SO-00000449',1046),
 ('SO-00000449',1047),
 ('SO-00000449',1048),
 ('SO-00000450',1049),
 ('SO-00000450',1050),
 ('SO-00000450',1051),
 ('SO-00000450',1052),
 ('SO-00000450',1053),
 ('SO-00000450',1054),
 ('SO-00000450',1055),
 ('SO-00000451',1056),
 ('SO-00000451',1057),
 ('SO-00000451',1058),
 ('SO-00000451',1059),
 ('SO-00000451',1060),
 ('SO-00000451',1061),
 ('SO-00000451',1062),
 ('SO-00000451',1063),
 ('SO-00000452',1064),
 ('SO-00000452',1065),
 ('SO-00000452',1066),
 ('SO-00000452',1067),
 ('SO-00000452',1068),
 ('SO-00000452',1069),
 ('SO-00000452',1070),
 ('SO-00000452',1071),
 ('SO-00000452',1072),
 ('SO-00000452',1073),
 ('SO-00000452',1074),
 ('SO-00000452',1075),
 ('SO-00000452',1076),
 ('SO-00000453',1077),
 ('SO-00000453',1078),
 ('SO-00000454',1079),
 ('SO-00000454',1080),
 ('SO-00000454',1081),
 ('SO-00000454',1082),
 ('SO-00000455',1083),
 ('SO-00000455',1084),
 ('SO-00000456',1085),
 ('SO-00000456',1086),
 ('SO-00000456',1087),
 ('SO-00000457',1088),
 ('SO-00000458',1089),
 ('SO-00000459',1090),
 ('SO-00000459',1091),
 ('SO-00000460',1092),
 ('SO-00000460',1093),
 ('SO-00000461',1094),
 ('SO-00000462',1095),
 ('SO-00000463',1096),
 ('SO-00000464',1097),
 ('SO-00000465',1098),
 ('SO-00000465',1099),
 ('SO-00000466',1100),
 ('SO-00000466',1101),
 ('SO-00000467',1102),
 ('SO-00000468',1103),
 ('SO-00000469',1104),
 ('SO-00000469',1105),
 ('SO-00000470',1106),
 ('SO-00000470',1107),
 ('SO-00000470',1108),
 ('SO-00000471',1109),
 ('SO-00000471',1110),
 ('SO-00000472',1111),
 ('SO-00000473',1112),
 ('SO-00000473',1113),
 ('SO-00000474',1114),
 ('SO-00000475',1115),
 ('SO-00000476',1116),
 ('SO-00000477',1117),
 ('SO-00000477',1118),
 ('SO-00000477',1119),
 ('SO-00000478',1120),
 ('SO-00000479',1121),
 ('SO-00000479',1122),
 ('SO-00000479',1123),
 ('SO-00000479',1124),
 ('SO-00000479',1125),
 ('SO-00000480',1126),
 ('SO-00000481',1127),
 ('SO-00000482',1128),
 ('SO-00000482',1129),
 ('SO-00000482',1130),
 ('SO-00000482',1131),
 ('SO-00000482',1132),
 ('SO-00000483',1133),
 ('SO-00000483',1134),
 ('SO-00000483',1135),
 ('SO-00000484',1136),
 ('SO-00000484',1137),
 ('SO-00000485',1138),
 ('SO-00000485',1139),
 ('SO-00000485',1140),
 ('SO-00000485',1141),
 ('SO-00000486',1142),
 ('SO-00000486',1143),
 ('SO-00000486',1144),
 ('SO-00000486',1145),
 ('SO-00000487',1146),
 ('SO-00000487',1147),
 ('SO-00000487',1148),
 ('SO-00000488',1149),
 ('SO-00000488',1150),
 ('SO-00000488',1151),
 ('SO-00000489',1152),
 ('SO-00000489',1153),
 ('SO-00000489',1154),
 ('SO-00000489',1155),
 ('SO-00000489',1156),
 ('SO-00000489',1157),
 ('SO-00000489',1158),
 ('SO-00000489',1159),
 ('SO-00000489',1160),
 ('SO-00000490',1161),
 ('SO-00000490',1162),
 ('SO-00000491',1163),
 ('SO-00000491',1164),
 ('SO-00000491',1165),
 ('SO-00000491',1166),
 ('SO-00000491',1167),
 ('SO-00000492',1168),
 ('SO-00000492',1169),
 ('SO-00000492',1170),
 ('SO-00000492',1171),
 ('SO-00000492',1172),
 ('SO-00000492',1173),
 ('SO-00000493',1174),
 ('SO-00000493',1175),
 ('SO-00000493',1176),
 ('SO-00000494',1177),
 ('SO-00000494',1178),
 ('SO-00000494',1179),
 ('SO-00000494',1180),
 ('SO-00000495',1181),
 ('SO-00000495',1182),
 ('SO-00000496',1183),
 ('SO-00000496',1184),
 ('SO-00000496',1185),
 ('SO-00000496',1186),
 ('SO-00000496',1187),
 ('SO-00000496',1188),
 ('SO-00000496',1189),
 ('SO-00000496',1190),
 ('SO-00000496',1191),
 ('SO-00000496',1192),
 ('SO-00000497',1193),
 ('SO-00000497',1194),
 ('SO-00000498',1195),
 ('SO-00000498',1196),
 ('SO-00000498',1197),
 ('SO-00000498',1198),
 ('SO-00000499',1199),
 ('SO-00000499',1200),
 ('SO-00000499',1201),
 ('SO-00000499',1202),
 ('SO-00000499',1203),
 ('SO-00000499',1204),
 ('SO-00000499',1205),
 ('SO-00000499',1206),
 ('SO-00000499',1207),
 ('SO-00000500',1208),
 ('SO-00000500',1209),
 ('SO-00000500',1210),
 ('SO-00000500',1211),
 ('SO-00000500',1212),
 ('SO-00000500',1213),
 ('SO-00000500',1214),
 ('SO-00000500',1215),
 ('SO-00000500',1216),
 ('SO-00000500',1217),
 ('SO-00000501',1218),
 ('SO-00000501',1219),
 ('SO-00000502',1220),
 ('SO-00000503',1221),
 ('SO-00000503',1222),
 ('SO-00000504',1223),
 ('SO-00000504',1224),
 ('SO-00000504',1225),
 ('SO-00000505',1226),
 ('SO-00000506',1227),
 ('SO-00000507',1228),
 ('SO-00000507',1229),
 ('SO-00000507',1230),
 ('SO-00000507',1231),
 ('SO-00000507',1232),
 ('SO-00000508',1233),
 ('SO-00000508',1234),
 ('SO-00000509',1235),
 ('SO-00000510',1236),
 ('SO-00000511',1237),
 ('SO-00000511',1238),
 ('SO-00000511',1239),
 ('SO-00000512',1240),
 ('SO-00000512',1241),
 ('SO-00000512',1242),
 ('SO-00000512',1243),
 ('SO-00000513',1244),
 ('SO-00000514',1245),
 ('SO-00000514',1246),
 ('SO-00000515',1247),
 ('SO-00000516',1248),
 ('SO-00000516',1249),
 ('SO-00000517',1250),
 ('SO-00000518',1251),
 ('SO-00000519',1252),
 ('SO-00000520',1253),
 ('SO-00000520',1254),
 ('SO-00000520',1255),
 ('SO-00000520',1256),
 ('SO-00000520',1257),
 ('SO-00000520',1258),
 ('SO-00000520',1259),
 ('SO-00000520',1260),
 ('SO-00000521',1261),
 ('SO-00000521',1262),
 ('SO-00000521',1263),
 ('SO-00000521',1264),
 ('SO-00000521',1265),
 ('SO-00000521',1266),
 ('SO-00000521',1267),
 ('SO-00000521',1268),
 ('SO-00000521',1269),
 ('SO-00000521',1270),
 ('SO-00000521',1271),
 ('SO-00000522',1272),
 ('SO-00000522',1273),
 ('SO-00000522',1274),
 ('SO-00000522',1275),
 ('SO-00000522',1276),
 ('SO-00000522',1277),
 ('SO-00000522',1278),
 ('SO-00000522',1279),
 ('SO-00000523',1280),
 ('SO-00000523',1281),
 ('SO-00000524',1282),
 ('SO-00000524',1283),
 ('SO-00000525',1284),
 ('SO-00000525',1285),
 ('SO-00000525',1286),
 ('SO-00000526',1287),
 ('SO-00000526',1288),
 ('SO-00000527',1289),
 ('SO-00000528',1290),
 ('SO-00000528',1291),
 ('SO-00000528',1292),
 ('SO-00000529',1293),
 ('SO-00000529',1294),
 ('SO-00000529',1295),
 ('SO-00000529',1296),
 ('SO-00000529',1297),
 ('SO-00000529',1298),
 ('SO-00000530',1299),
 ('SO-00000531',1300),
 ('SO-00000531',1301),
 ('SO-00000531',1302),
 ('SO-00000531',1303),
 ('SO-00000531',1304),
 ('SO-00000531',1305),
 ('SO-00000531',1306),
 ('SO-00000531',1307),
 ('SO-00000531',1308),
 ('SO-00000531',1309),
 ('SO-00000531',1310),
 ('SO-00000531',1311),
 ('SO-00000531',1312),
 ('SO-00000531',1313),
 ('SO-00000531',1314),
 ('SO-00000531',1315),
 ('SO-00000531',1316),
 ('SO-00000531',1317),
 ('SO-00000531',1318),
 ('SO-00000531',1319),
 ('SO-00000531',1320),
 ('SO-00000531',1321),
 ('SO-00000532',1322),
 ('SO-00000532',1323),
 ('SO-00000533',1324),
 ('SO-00000533',1325),
 ('SO-00000534',1326),
 ('SO-00000534',1327),
 ('SO-00000535',1328),
 ('SO-00000535',1329),
 ('SO-00000536',1330),
 ('SO-00000536',1331),
 ('SO-00000536',1332),
 ('SO-00000536',1333),
 ('SO-00000536',1334),
 ('SO-00000536',1335),
 ('SO-00000537',1336),
 ('SO-00000537',1337),
 ('SO-00000537',1338),
 ('SO-00000537',1339),
 ('SO-00000537',1340),
 ('SO-00000537',1341),
 ('SO-00000537',1342),
 ('SO-00000537',1343),
 ('SO-00000538',1344),
 ('SO-00000538',1345),
 ('SO-00000539',1346),
 ('SO-00000539',1347),
 ('SO-00000539',1348),
 ('SO-00000539',1349),
 ('SO-00000540',1350),
 ('SO-00000541',1351),
 ('SO-00000542',1352),
 ('SO-00000542',1353),
 ('SO-00000542',1354),
 ('SO-00000542',1355),
 ('SO-00000542',1356),
 ('SO-00000542',1357),
 ('SO-00000542',1358),
 ('SO-00000542',1359),
 ('SO-00000542',1360),
 ('SO-00000542',1361),
 ('SO-00000542',1362),
 ('SO-00000542',1363),
 ('SO-00000542',1364),
 ('SO-00000542',1365),
 ('SO-00000543',1366),
 ('SO-00000544',1367),
 ('SO-00000545',1368),
 ('SO-00000545',1369),
 ('SO-00000545',1370),
 ('SO-00000545',1371),
 ('SO-00000545',1372),
 ('SO-00000545',1373),
 ('SO-00000546',1374),
 ('SO-00000546',1375),
 ('SO-00000546',1376),
 ('SO-00000546',1377),
 ('SO-00000546',1378),
 ('SO-00000546',1379),
 ('SO-00000546',1380),
 ('SO-00000546',1381),
 ('SO-00000547',1382),
 ('SO-00000548',1383),
 ('SO-00000548',1384),
 ('SO-00000548',1385),
 ('SO-00000548',1386),
 ('SO-00000549',1387),
 ('SO-00000549',1388),
 ('SO-00000549',1389),
 ('SO-00000549',1390),
 ('SO-00000549',1391),
 ('SO-00000550',1392),
 ('SO-00000551',1393),
 ('SO-00000551',1394),
 ('SO-00000551',1395),
 ('SO-00000551',1396),
 ('SO-00000552',1397),
 ('SO-00000552',1398),
 ('SO-00000552',1399),
 ('SO-00000553',1400),
 ('SO-00000553',1401),
 ('SO-00000553',1402),
 ('SO-00000553',1403),
 ('SO-00000553',1404),
 ('SO-00000553',1405),
 ('SO-00000553',1406),
 ('SO-00000553',1407),
 ('SO-00000554',1408),
 ('SO-00000554',1409),
 ('SO-00000554',1410),
 ('SO-00000554',1411),
 ('SO-00000554',1412),
 ('SO-00000555',1413),
 ('SO-00000556',1414),
 ('SO-00000557',1415),
 ('SO-00000557',1416),
 ('SO-00000558',1417),
 ('SO-00000559',1418),
 ('SO-00000559',1419),
 ('SO-00000559',1420),
 ('SO-00000559',1421),
 ('SO-00000560',1422),
 ('SO-00000560',1423),
 ('SO-00000560',1424),
 ('SO-00000561',1425),
 ('SO-00000561',1426),
 ('SO-00000561',1427),
 ('SO-00000561',1428),
 ('SO-00000562',1429),
 ('SO-00000562',1430),
 ('SO-00000562',1431),
 ('SO-00000562',1432),
 ('SO-00000562',1433),
 ('SO-00000562',1434),
 ('SO-00000562',1435),
 ('SO-00000562',1436),
 ('SO-00000562',1437),
 ('SO-00000562',1438),
 ('SO-00000563',1439),
 ('SO-00000563',1440),
 ('SO-00000563',1441),
 ('SO-00000564',1442),
 ('SO-00000564',1443),
 ('SO-00000564',1444),
 ('SO-00000564',1445),
 ('SO-00000564',1446),
 ('SO-00000564',1447),
 ('SO-00000564',1448),
 ('SO-00000564',1449),
 ('SO-00000564',1450),
 ('SO-00000564',1451),
 ('SO-00000565',1452),
 ('SO-00000565',1453),
 ('SO-00000565',1454),
 ('SO-00000566',1455),
 ('SO-00000566',1456),
 ('SO-00000566',1457),
 ('SO-00000566',1458),
 ('SO-00000566',1459),
 ('SO-00000566',1460),
 ('SO-00000566',1461),
 ('SO-00000566',1462),
 ('SO-00000567',1463),
 ('SO-00000567',1464),
 ('SO-00000567',1465),
 ('SO-00000567',1466),
 ('SO-00000568',1467),
 ('SO-00000568',1468),
 ('SO-00000568',1469),
 ('SO-00000568',1470),
 ('SO-00000568',1471),
 ('SO-00000568',1472),
 ('SO-00000568',1473),
 ('SO-00000568',1474),
 ('SO-00000569',1475),
 ('SO-00000569',1476),
 ('SO-00000569',1477),
 ('SO-00000569',1478),
 ('SO-00000570',1479),
 ('SO-00000570',1480),
 ('SO-00000570',1481),
 ('SO-00000571',1482),
 ('SO-00000572',1483),
 ('SO-00000572',1484),
 ('SO-00000573',1485),
 ('SO-00000573',1486),
 ('SO-00000574',1487),
 ('SO-00000575',1488),
 ('SO-00000576',1489),
 ('SO-00000576',1490),
 ('SO-00000576',1491),
 ('SO-00000576',1492),
 ('SO-00000576',1493),
 ('SO-00000576',1494),
 ('SO-00000577',1495),
 ('SO-00000577',1496),
 ('SO-00000577',1497),
 ('SO-00000577',1498),
 ('SO-00000578',1499),
 ('SO-00000578',1500),
 ('SO-00000578',1501),
 ('SO-00000578',1502),
 ('SO-00000579',1503),
 ('SO-00000579',1504),
 ('SO-00000579',1505),
 ('SO-00000579',1506),
 ('SO-00000580',1507),
 ('SO-00000580',1508),
 ('SO-00000581',1509),
 ('SO-00000582',1510),
 ('SO-00000582',1511),
 ('SO-00000582',1512),
 ('SO-00000582',1513),
 ('SO-00000583',1514),
 ('SO-00000584',1515),
 ('SO-00000585',1516),
 ('SO-00000585',1517),
 ('SO-00000585',1518),
 ('SO-00000586',1519),
 ('SO-00000587',1520),
 ('SO-00000587',1521),
 ('SO-00000587',1522),
 ('SO-00000587',1523),
 ('SO-00000587',1524),
 ('SO-00000588',1525),
 ('SO-00000589',1526),
 ('SO-00000589',1527),
 ('SO-00000589',1528),
 ('SO-00000589',1529),
 ('SO-00000589',1530),
 ('SO-00000590',1531),
 ('SO-00000590',1532),
 ('SO-00000590',1533),
 ('SO-00000590',1534),
 ('SO-00000590',1535),
 ('SO-00000591',1536),
 ('SO-00000591',1537),
 ('SO-00000592',1538),
 ('SO-00000592',1539),
 ('SO-00000592',1540),
 ('SO-00000593',1541),
 ('SO-00000593',1542),
 ('SO-00000593',1543),
 ('SO-00000594',1544),
 ('SO-00000595',1545),
 ('SO-00000595',1546),
 ('SO-00000596',1547),
 ('SO-00000597',1548),
 ('SO-00000598',1549),
 ('SO-00000599',1550),
 ('SO-00000599',1551),
 ('SO-00000599',1552),
 ('SO-00000599',1553),
 ('SO-00000599',1554),
 ('SO-00000599',1555),
 ('SO-00000599',1556),
 ('SO-00000599',1557),
 ('SO-00000599',1558),
 ('SO-00000600',1559),
 ('SO-00000600',1560),
 ('SO-00000601',1561),
 ('SO-00000601',1562),
 ('SO-00000601',1563),
 ('SO-00000601',1564),
 ('SO-00000601',1565),
 ('SO-00000602',1566),
 ('SO-00000602',1567),
 ('SO-00000602',1568),
 ('SO-00000602',1569),
 ('SO-00000602',1570),
 ('SO-00000602',1571),
 ('SO-00000602',1572),
 ('SO-00000602',1573),
 ('SO-00000603',1574),
 ('SO-00000603',1575),
 ('SO-00000604',1576),
 ('SO-00000604',1577),
 ('SO-00000604',1578),
 ('SO-00000604',1579),
 ('SO-00000604',1580),
 ('SO-00000604',1581),
 ('SO-00000604',1582),
 ('SO-00000604',1583),
 ('SO-00000605',1584),
 ('SO-00000605',1585),
 ('SO-00000605',1586),
 ('SO-00000605',1587),
 ('SO-00000606',1588),
 ('SO-00000607',1589),
 ('SO-00000607',1590),
 ('SO-00000607',1591),
 ('SO-00000607',1592),
 ('SO-00000608',1593),
 ('SO-00000608',1594),
 ('SO-00000608',1595),
 ('SO-00000608',1596),
 ('SO-00000609',1597),
 ('SO-00000609',1598),
 ('SO-00000609',1599),
 ('SO-00000609',1600),
 ('SO-00000610',1601),
 ('SO-00000610',1602),
 ('SO-00000610',1603),
 ('SO-00000610',1604),
 ('SO-00000611',1605),
 ('SO-00000611',1606),
 ('SO-00000611',1607),
 ('SO-00000611',1608),
 ('SO-00000611',1609),
 ('SO-00000612',1610),
 ('SO-00000612',1611),
 ('SO-00000613',1612),
 ('SO-00000613',1613),
 ('SO-00000614',1614),
 ('SO-00000614',1615),
 ('SO-00000614',1616),
 ('SO-00000614',1617),
 ('SO-00000614',1618),
 ('SO-00000615',1619),
 ('SO-00000615',1620),
 ('SO-00000615',1621),
 ('SO-00000615',1622),
 ('SO-00000616',1623),
 ('SO-00000617',1624),
 ('SO-00000617',1625),
 ('SO-00000618',1626),
 ('SO-00000618',1627),
 ('SO-00000619',1628),
 ('SO-00000620',1629),
 ('SO-00000620',1630),
 ('SO-00000620',1631),
 ('SO-00000621',1632),
 ('SO-00000621',1633),
 ('SO-00000621',1634),
 ('SO-00000621',1635),
 ('SO-00000622',1636),
 ('SO-00000622',1637),
 ('SO-00000622',1638),
 ('SO-00000622',1639),
 ('SO-00000623',1640),
 ('SO-00000623',1641),
 ('SO-00000623',1642),
 ('SO-00000623',1643),
 ('SO-00000623',1644),
 ('SO-00000624',1645),
 ('SO-00000625',1646),
 ('SO-00000626',1647),
 ('SO-00000626',1648),
 ('SO-00000626',1649),
 ('SO-00000626',1650),
 ('SO-00000626',1651),
 ('SO-00000626',1652),
 ('SO-00000626',1653),
 ('SO-00000627',1654),
 ('SO-00000627',1655),
 ('SO-00000627',1656),
 ('SO-00000627',1657),
 ('SO-00000627',1658),
 ('SO-00000628',1659),
 ('SO-00000629',1660),
 ('SO-00000629',1661),
 ('SO-00000629',1662),
 ('SO-00000629',1663),
 ('SO-00000630',1664),
 ('SO-00000630',1665),
 ('SO-00000631',1666),
 ('SO-00000631',1667),
 ('SO-00000632',1668),
 ('SO-00000632',1669),
 ('SO-00000632',1670),
 ('SO-00000633',1671),
 ('SO-00000633',1672),
 ('SO-00000633',1673),
 ('SO-00000633',1674),
 ('SO-00000634',1675),
 ('SO-00000635',1676),
 ('SO-00000635',1677),
 ('SO-00000635',1678),
 ('SO-00000636',1679),
 ('SO-00000636',1680),
 ('SO-00000636',1681),
 ('SO-00000636',1682),
 ('SO-00000637',1683),
 ('SO-00000637',1684),
 ('SO-00000637',1685),
 ('SO-00000638',1686),
 ('SO-00000638',1687),
 ('SO-00000638',1688),
 ('SO-00000639',1689),
 ('SO-00000639',1690),
 ('SO-00000639',1691),
 ('SO-00000639',1692),
 ('SO-00000640',1693),
 ('SO-00000640',1694),
 ('SO-00000640',1695),
 ('SO-00000640',1696),
 ('SO-00000641',1697),
 ('SO-00000642',1698),
 ('SO-00000642',1699),
 ('SO-00000643',1700),
 ('SO-00000643',1701),
 ('SO-00000643',1702),
 ('SO-00000643',1703),
 ('SO-00000644',1704),
 ('SO-00000644',1705),
 ('SO-00000644',1706),
 ('SO-00000644',1707),
 ('SO-00000644',1708),
 ('SO-00000644',1709),
 ('SO-00000644',1710),
 ('SO-00000645',1711),
 ('SO-00000645',1712),
 ('SO-00000646',1713),
 ('SO-00000646',1714),
 ('SO-00000646',1715),
 ('SO-00000646',1716),
 ('SO-00000646',1717),
 ('SO-00000646',1718),
 ('SO-00000646',1719),
 ('SO-00000646',1720),
 ('SO-00000646',1721),
 ('SO-00000646',1722),
 ('SO-00000646',1723),
 ('SO-00000646',1724),
 ('SO-00000646',1725),
 ('SO-00000646',1726),
 ('SO-00000646',1727),
 ('SO-00000646',1728),
 ('SO-00000646',1729),
 ('SO-00000646',1730),
 ('SO-00000647',1731),
 ('SO-00000647',1732),
 ('SO-00000647',1733),
 ('SO-00000647',1734),
 ('SO-00000647',1735),
 ('SO-00000647',1736),
 ('SO-00000648',1737),
 ('SO-00000649',1738),
 ('SO-00000650',1739),
 ('SO-00000651',1740),
 ('SO-00000651',1741),
 ('SO-00000652',1742),
 ('SO-00000652',1743),
 ('SO-00000652',1744),
 ('SO-00000653',1745),
 ('SO-00000653',1746),
 ('SO-00000653',1747),
 ('SO-00000653',1748),
 ('SO-00000653',1749),
 ('SO-00000653',1750),
 ('SO-00000654',1751),
 ('SO-00000655',1752),
 ('SO-00000655',1753),
 ('SO-00000655',1754),
 ('SO-00000655',1755),
 ('SO-00000655',1756),
 ('SO-00000655',1757),
 ('SO-00000655',1758),
 ('SO-00000656',1759),
 ('SO-00000656',1760),
 ('SO-00000657',1761),
 ('SO-00000657',1762),
 ('SO-00000657',1763),
 ('SO-00000657',1764),
 ('SO-00000657',1765),
 ('SO-00000658',1766),
 ('SO-00000658',1767),
 ('SO-00000658',1768),
 ('SO-00000659',1769),
 ('SO-00000659',1770),
 ('SO-00000659',1771),
 ('SO-00000659',1772),
 ('SO-00000659',1773),
 ('SO-00000659',1774),
 ('SO-00000660',1775),
 ('SO-00000660',1776),
 ('SO-00000660',1777),
 ('SO-00000660',1778),
 ('SO-00000660',1779),
 ('SO-00000660',1780),
 ('SO-00000661',1781),
 ('SO-00000661',1782),
 ('SO-00000661',1783),
 ('SO-00000661',1784),
 ('SO-00000661',1785),
 ('SO-00000661',1786),
 ('SO-00000661',1787),
 ('SO-00000661',1788),
 ('SO-00000661',1789),
 ('SO-00000662',1790),
 ('SO-00000662',1791),
 ('SO-00000662',1792),
 ('SO-00000662',1793),
 ('SO-00000662',1794),
 ('SO-00000663',1795),
 ('SO-00000663',1796),
 ('SO-00000663',1797),
 ('SO-00000663',1798),
 ('SO-00000664',1799),
 ('SO-00000664',1800),
 ('SO-00000664',1801),
 ('SO-00000665',1802),
 ('SO-00000665',1803),
 ('SO-00000666',1804),
 ('SO-00000666',1805),
 ('SO-00000666',1806),
 ('SO-00000667',1807),
 ('SO-00000667',1808),
 ('SO-00000668',1809),
 ('SO-00000668',1810),
 ('SO-00000668',1811),
 ('SO-00000668',1812),
 ('SO-00000668',1813),
 ('SO-00000668',1814),
 ('SO-00000668',1815),
 ('SO-00000668',1816),
 ('SO-00000668',1817),
 ('SO-00000668',1818),
 ('SO-00000668',1819),
 ('SO-00000668',1820),
 ('SO-00000668',1821),
 ('SO-00000668',1822),
 ('SO-00000668',1823),
 ('SO-00000669',1824),
 ('SO-00000669',1825),
 ('SO-00000669',1826),
 ('SO-00000669',1827),
 ('SO-00000669',1828),
 ('SO-00000669',1829),
 ('SO-00000670',1830),
 ('SO-00000671',1831),
 ('SO-00000671',1832),
 ('SO-00000671',1833),
 ('SO-00000671',1834),
 ('SO-00000671',1835),
 ('SO-00000672',1836),
 ('SO-00000673',1837),
 ('SO-00000673',1838),
 ('SO-00000673',1839),
 ('SO-00000673',1840),
 ('SO-00000674',1841),
 ('SO-00000674',1842),
 ('SO-00000674',1843),
 ('SO-00000674',1844),
 ('SO-00000674',1845),
 ('SO-00000675',1846),
 ('SO-00000675',1847),
 ('SO-00000675',1848),
 ('SO-00000675',1849),
 ('SO-00000675',1850),
 ('SO-00000675',1851),
 ('SO-00000675',1852),
 ('SO-00000675',1853),
 ('SO-00000676',1854),
 ('SO-00000677',1855),
 ('SO-00000677',1856),
 ('SO-00000677',1857),
 ('SO-00000677',1858),
 ('SO-00000677',1859),
 ('SO-00000677',1860),
 ('SO-00000677',1861),
 ('SO-00000677',1862),
 ('SO-00000677',1863),
 ('SO-00000677',1864),
 ('SO-00000678',1865),
 ('SO-00000678',1866),
 ('SO-00000679',1867),
 ('SO-00000679',1868),
 ('SO-00000679',1869),
 ('SO-00000679',1870),
 ('SO-00000679',1871),
 ('SO-00000680',1872),
 ('SO-00000681',1873),
 ('SO-00000681',1874),
 ('SO-00000681',1875),
 ('SO-00000681',1876),
 ('SO-00000681',1877),
 ('SO-00000681',1878),
 ('SO-00000682',1879),
 ('SO-00000682',1880),
 ('SO-00000682',1881),
 ('SO-00000682',1882),
 ('SO-00000682',1883),
 ('SO-00000682',1884),
 ('SO-00000682',1885),
 ('SO-00000683',1886),
 ('SO-00000684',1887),
 ('SO-00000684',1888),
 ('SO-00000684',1889),
 ('SO-00000685',1890),
 ('SO-00000686',1891),
 ('SO-00000686',1892),
 ('SO-00000686',1893),
 ('SO-00000687',1894),
 ('SO-00000687',1895),
 ('SO-00000687',1896),
 ('SO-00000687',1897),
 ('SO-00000687',1898),
 ('SO-00000687',1899),
 ('SO-00000687',1900),
 ('SO-00000687',1901),
 ('SO-00000687',1902),
 ('SO-00000687',1903),
 ('SO-00000687',1904),
 ('SO-00000688',1905),
 ('SO-00000688',1906),
 ('SO-00000688',1907),
 ('SO-00000689',1908),
 ('SO-00000690',1909),
 ('SO-00000690',1910),
 ('SO-00000690',1911),
 ('SO-00000690',1912),
 ('SO-00000690',1913),
 ('SO-00000690',1914),
 ('SO-00000691',1915),
 ('SO-00000691',1916),
 ('SO-00000691',1917),
 ('SO-00000691',1918),
 ('SO-00000691',1919),
 ('SO-00000691',1920),
 ('SO-00000691',1921),
 ('SO-00000692',1922),
 ('SO-00000693',1923),
 ('SO-00000693',1924),
 ('SO-00000693',1925),
 ('SO-00000693',1926),
 ('SO-00000694',1927),
 ('SO-00000694',1928),
 ('SO-00000695',1929),
 ('SO-00000695',1930),
 ('SO-00000695',1931),
 ('SO-00000695',1932),
 ('SO-00000695',1933),
 ('SO-00000695',1934),
 ('SO-00000695',1935),
 ('SO-00000695',1936),
 ('SO-00000695',1937),
 ('SO-00000695',1938),
 ('SO-00000695',1939),
 ('SO-00000695',1940),
 ('SO-00000695',1941),
 ('SO-00000695',1942),
 ('SO-00000695',1943),
 ('SO-00000695',1944),
 ('SO-00000695',1945),
 ('SO-00000695',1946),
 ('SO-00000695',1947),
 ('SO-00000695',1948),
 ('SO-00000695',1949),
 ('SO-00000695',1950),
 ('SO-00000695',1951),
 ('SO-00000695',1952),
 ('SO-00000695',1953),
 ('SO-00000695',1954),
 ('SO-00000696',1955),
 ('SO-00000696',1956),
 ('SO-00000696',1957),
 ('SO-00000696',1958),
 ('SO-00000696',1959),
 ('SO-00000696',1960),
 ('SO-00000696',1961),
 ('SO-00000696',1962),
 ('SO-00000696',1963),
 ('SO-00000696',1964),
 ('SO-00000696',1965),
 ('SO-00000696',1966),
 ('SO-00000696',1967),
 ('SO-00000696',1968),
 ('SO-00000696',1969),
 ('SO-00000696',1970),
 ('SO-00000696',1971),
 ('SO-00000696',1972),
 ('SO-00000696',1973),
 ('SO-00000696',1974),
 ('SO-00000696',1975),
 ('SO-00000696',1976),
 ('SO-00000696',1977),
 ('SO-00000696',1978),
 ('SO-00000696',1979),
 ('SO-00000696',1980),
 ('SO-00000696',1981),
 ('SO-00000696',1982),
 ('SO-00000696',1983),
 ('SO-00000697',1984),
 ('SO-00000697',1985),
 ('SO-00000697',1986),
 ('SO-00000697',1987),
 ('SO-00000697',1988),
 ('SO-00000697',1989),
 ('SO-00000697',1990),
 ('SO-00000698',1991),
 ('SO-00000698',1992),
 ('SO-00000698',1993),
 ('SO-00000698',1994),
 ('SO-00000699',1995),
 ('SO-00000699',1996),
 ('SO-00000699',1997),
 ('SO-00000700',1998),
 ('SO-00000700',1999),
 ('SO-00000700',2000);
/*!40000 ALTER TABLE `stock_out_transaction_stock_out_items` ENABLE KEYS */;


--
-- Definition of table `temp`
--

DROP TABLE IF EXISTS `temp`;
CREATE TABLE `temp` (
  `item_id` int(10) unsigned DEFAULT NULL,
  `item_code` varchar(45) DEFAULT NULL,
  `ending_balance` double(10,2) DEFAULT NULL,
  `item_qty` double(10,2) DEFAULT NULL
) ENGINE=InnoDB DEFAULT CHARSET=latin1;

--
-- Dumping data for table `temp`
--

/*!40000 ALTER TABLE `temp` DISABLE KEYS */;
INSERT INTO `temp` (`item_id`,`item_code`,`ending_balance`,`item_qty`) VALUES 
 (1,'CBM',5.00,6.00),
 (2,'CSM',0.00,5.00),
 (3,'CGM',8.00,5.00),
 (4,'CLM',151.00,87.50),
 (5,'BSC',15.00,14.00),
 (6,'BFC',13.00,12.00),
 (7,'Milko Plus',24.00,24.00),
 (8,'NSP',102.00,99.50),
 (9,'NGP',28.00,329.50),
 (10,'NBP',394.00,368.00),
 (11,'PSP',147.00,138.50),
 (12,'LSP',195.00,163.50),
 (13,'PGP',0.00,0.00),
 (14,'PGR',5.00,4.00),
 (15,'NLB',8.00,7.00),
 (16,'NLB-pack',0.00,19.00),
 (17,'NLP',63.00,47.00),
 (18,'NLP-pack',0.00,-8.00),
 (19,'HSC',2.00,1.00),
 (20,'HGP',59.00,1.50),
 (21,'HFP',14.00,-2.00),
 (22,'PDP (s)',12.00,15.00),
 (23,'PDP (o)',40.00,30.00),
 (24,'7 Kinds',16.00,13.00),
 (25,'Slasher',11.00,6.00),
 (26,'C-Corn',57.00,42.00),
 (27,'Christine',20.50,87.00),
 (28,'RED RICE',19.00,19.50),
 (29,'Royal Crown',141.50,131.50),
 (30,'Honey ',585.00,549.50),
 (31,'THB Booster',10.00,8.00),
 (32,'THB Booster-pack',13.00,7.00),
 (33,'THB Developer',10.00,7.00),
 (34,'THB Developer-pack',12.00,3.00),
 (35,'THB Enertone',12.00,19.00),
 (36,'THB Enertone-pack',0.00,2.00),
 (37,'THB Platinum',3.00,3.50),
 (38,'THB Platinum-pack',0.00,9.00),
 (39,'THB Hi-Protein',0.00,1.00),
 (40,'THB Hi-Protein-pack',0.00,0.00),
 (41,'THB Successor',0.00,0.00),
 (42,'THB Successor-pack',0.00,16.00),
 (43,'THB Multigrain',1.00,1.00),
 (44,'THB Multigrain-pack',0.00,0.00),
 (45,'THB Hi-Lander',0.00,0.00),
 (46,'THB Hi-Lander-pack',0.00,0.00),
 (47,'FRYMASH',9.00,9.00),
 (48,'PBC',1.00,21.00),
 (49,'PBS',0.00,9.00),
 (50,'PBG',4.00,0.00),
 (51,'PBF',4.00,4.00),
 (52,'SBS',0.00,43.00),
 (53,'SBG',0.00,2.00),
 (54,'SBF',1.00,31.00),
 (55,'Apralyte 6g x 48',0.00,13.50),
 (56,'Apralyte 6g (pcs)',0.00,12.00),
 (57,'Bacterid 100ml',0.00,0.00),
 (58,'Bacterid 10ml',0.00,0.00),
 (59,'Baxidil SE 6g x 48',0.00,0.00),
 (60,'Baxidil SE 6g (pcs)',0.00,0.00),
 (61,'Baxidil 7g x 48',0.00,0.00),
 (62,'Baxidil 7g (pcs)',0.00,0.00),
 (63,'Bexan SP 100ml',0.00,0.00),
 (64,'Bexan SP 10ml',0.00,0.00),
 (65,'Bexan SP 20ml',0.00,0.00),
 (66,'Bexan XP 100ml',0.00,0.00),
 (67,'Bexan XP 20ml',0.00,0.00),
 (68,'Bexan XP 10ml',0.00,0.00),
 (69,'Electrogen D+ 20g x 12',0.00,0.00),
 (70,'Electrogen D+ 20g (pcs)',0.00,0.00),
 (71,'Jectran Premium 100ml',0.00,0.00),
 (72,'Jectran Premium 20ml',0.00,5.00),
 (73,'Jectran Premium 10ml',8.00,5.00),
 (74,'Latigo 1000 SD 5g x 48',0.00,13.00),
 (75,'Latigo 1000 SD 5g (pcs)',0.00,0.00),
 (76,'Latigo 1000 MD 10g x 24',0.00,0.00),
 (77,'Latigo 1000 MD 10g (pcs)',0.00,12.00),
 (78,'Major D 20ml x 30',0.00,0.00),
 (79,'Major D 20ml (pcs)',0.00,0.00),
 (80,'Mammavet 100ml',0.00,0.00),
 (81,'Mammavet 10ml',0.00,0.00),
 (82,'Sustalin LA 100ml',0.00,0.00),
 (83,'Sustalin LA 10ml',0.00,0.00),
 (84,'Vetracin Classic 5g x 48 ',0.00,-0.50),
 (85,'Vetracin Classic 5g (pcs)',0.00,0.00),
 (86,'Vetracin Gold 5g x 48',0.00,12.50),
 (87,'Vetracin Gold 5g (pcs)',46.00,22.00),
 (88,'Vetracin Gold Capsule',0.00,0.00),
 (89,'Vetracin Gold Capsule (pcs)',8.00,8.00),
 (90,'Vetracin Premium 5g x 48',0.00,-0.50),
 (91,'Vetracin Premium 5g (pcs)',0.00,36.00),
 (92,'Viton-500 10ml',0.00,0.00),
 (93,'Cecical 200g',2.00,57.00),
 (94,'Pidro 2.4g x 50',3.00,8.00),
 (95,'Pidro 2.4g (pcs)',0.00,26.00),
 (96,'V-22 200g',0.00,0.00),
 (97,'V-22 Tablet 100 ',0.00,10.00),
 (98,'DCM 50ml',0.00,0.00),
 (99,'Redbik 100ml',0.00,0.00),
 (100,'Redbik 10ml',0.00,0.00),
 (101,'TMPS Pig Doser 120ml',0.00,0.00),
 (102,'Amtyl 500 100s',0.00,0.00),
 (103,'Amtyl 500 (pcs)',0.00,69.00),
 (104,'B-50 Forteen 200s',1.00,3.00),
 (105,'B-50 Forteen (pcs)',128.00,67.00),
 (106,'Belamyl 100ml',0.00,10.00),
 (107,'Belamyl 20ml',0.00,0.00),
 (108,'Belamyl 10ml',0.00,0.00),
 (109,'Belamyl 50ml',0.00,0.00),
 (110,'Calcium Lactate ',3.00,2.00),
 (111,'Calcium Lactate (pcs)',43.00,37.00),
 (112,'Choramphenicol 500g ',0.00,0.00),
 (113,'Choramphenicol 500g (pcs)',0.00,0.00),
 (114,'Combinex 40g',0.00,0.00),
 (115,'Combinex 86g',9.00,9.00),
 (116,'Dextrolyte 100ml',0.00,0.00),
 (117,'Disposable Syringe 10ml',0.00,0.00),
 (118,'Disposable Syringe 5ml',0.00,0.00),
 (119,'Disposable Syringe 3ml',0.00,0.00),
 (120,'Disposable Syringe 2.5ml',0.00,0.00),
 (121,'Disposable Syringe 1ml',0.00,0.00),
 (122,'Doxylak Forte 7g x 48',0.00,0.00),
 (123,'Doxylak Forte 7g (pcs)',0.00,0.00),
 (124,'Electrolyte Proto-lyte 250ml',0.00,0.00),
 (125,'Hammer 200s',0.00,0.00),
 (126,'Hammer (pcs)',0.00,0.00),
 (127,'LDI-B12 100s',0.00,0.00),
 (128,'LDI-B12 (pcs)',0.00,0.00),
 (129,'Multivitamins',1.00,0.00),
 (130,'Multivitamins (pcs)',0.00,44.00),
 (131,'Nutridrench 15ml',3.00,3.00),
 (132,'Trisulak 7g x 48',0.00,0.00),
 (133,'Trisulak 7g (pcs)',0.00,0.00),
 (134,'Viminolak 100s',0.00,2.00),
 (135,'Viminolak (pcs)',0.00,0.00),
 (136,'B-12 AAFEES',4.00,14.00),
 (137,'Wormal 100s',0.00,0.00),
 (138,'Wormal (pcs)',0.00,70.00),
 (139,'Complexor 3000 10ml',0.00,0.00),
 (140,'Pusham 10ml x 30',0.00,0.00),
 (141,'Pusham 10ml (pcs)',0.00,0.00),
 (142,'Tiki-Tiki',14.00,15.00),
 (143,'FCP',0.00,2.00),
 (144,'FCC',2.00,2.00),
 (145,'KOI',0.00,100.00),
 (146,'Fine Corn',1.00,1.00),
 (147,'RFG',0.00,0.00),
 (148,'FRYBOOSTER',0.00,0.00),
 (149,'Slashertone',0.00,0.00),
 (150,'Vermex',0.00,0.00),
 (151,'Vermex (pcs)',0.00,20.00),
 (152,'PEP',0.00,44.00),
 (153,'TMP',0.00,0.00),
 (154,'Cattle Concentrate',2.00,2.00),
 (155,'STF',0.00,0.00);
/*!40000 ALTER TABLE `temp` ENABLE KEYS */;


--
-- Definition of table `useraccount`
--

DROP TABLE IF EXISTS `useraccount`;
CREATE TABLE `useraccount` (
  `username` varchar(50) NOT NULL,
  `password` varchar(50) NOT NULL,
  `user_type` varchar(50) NOT NULL DEFAULT 'user',
  PRIMARY KEY (`username`)
) ENGINE=InnoDB DEFAULT CHARSET=latin1;

--
-- Dumping data for table `useraccount`
--

/*!40000 ALTER TABLE `useraccount` DISABLE KEYS */;
INSERT INTO `useraccount` (`username`,`password`,`user_type`) VALUES 
 ('admin','21232f297a57a5a743894a0e4a801fc3','admin'),
 ('beng','cd3f7da784bfbb8b5b0a9cbbe753a73d','admin'),
 ('user','4297f44b13955235245b2497399d7a93','user');
/*!40000 ALTER TABLE `useraccount` ENABLE KEYS */;


--
-- Definition of view `view_ending_balance`
--

DROP TABLE IF EXISTS `view_ending_balance`;
DROP VIEW IF EXISTS `view_ending_balance`;
CREATE ALGORITHM=UNDEFINED DEFINER=`root`@`localhost` SQL SECURITY DEFINER VIEW `view_ending_balance` AS select `items`.`item_code` AS `item_code`,`items`.`item_qty` AS `item_qty` from `items`;



/*!40101 SET SQL_MODE=@OLD_SQL_MODE */;
/*!40014 SET FOREIGN_KEY_CHECKS=@OLD_FOREIGN_KEY_CHECKS */;
/*!40014 SET UNIQUE_CHECKS=@OLD_UNIQUE_CHECKS */;
/*!40101 SET CHARACTER_SET_CLIENT=@OLD_CHARACTER_SET_CLIENT */;
/*!40101 SET CHARACTER_SET_RESULTS=@OLD_CHARACTER_SET_RESULTS */;
/*!40101 SET COLLATION_CONNECTION=@OLD_COLLATION_CONNECTION */;
/*!40101 SET CHARACTER_SET_CLIENT=@OLD_CHARACTER_SET_CLIENT */;
