-- MySQL Administrator dump 1.4
--
-- ------------------------------------------------------
-- Server version	5.1.59-community


/*!40101 SET @OLD_CHARACTER_SET_CLIENT=@@CHARACTER_SET_CLIENT */;
/*!40101 SET @OLD_CHARACTER_SET_RESULTS=@@CHARACTER_SET_RESULTS */;
/*!40101 SET @OLD_COLLATION_CONNECTION=@@COLLATION_CONNECTION */;
/*!40101 SET NAMES utf8 */;

/*!40014 SET @OLD_UNIQUE_CHECKS=@@UNIQUE_CHECKS, UNIQUE_CHECKS=0 */;
/*!40014 SET @OLD_FOREIGN_KEY_CHECKS=@@FOREIGN_KEY_CHECKS, FOREIGN_KEY_CHECKS=0 */;
/*!40101 SET @OLD_SQL_MODE=@@SQL_MODE, SQL_MODE='NO_AUTO_VALUE_ON_ZERO' */;


--
-- Create schema dbinventory
--

CREATE DATABASE IF NOT EXISTS dbinventory;
USE dbinventory;

--
-- Definition of table `account_receivable`
--

DROP TABLE IF EXISTS `account_receivable`;
CREATE TABLE `account_receivable` (
  `sales_order_no` varchar(45) NOT NULL DEFAULT '0',
  `remarks` varchar(45) DEFAULT 'unsettled',
  `date` datetime DEFAULT NULL,
  PRIMARY KEY (`sales_order_no`)
) ENGINE=InnoDB DEFAULT CHARSET=latin1;

--
-- Dumping data for table `account_receivable`
--

/*!40000 ALTER TABLE `account_receivable` DISABLE KEYS */;
INSERT INTO `account_receivable` (`sales_order_no`,`remarks`,`date`) VALUES 
 ('SO-000000','unsettled','2012-08-13 10:39:58'),
 ('SO-0000010','unsettled','2012-08-13 13:34:50'),
 ('SO-0000011','unsettled','2012-08-13 13:44:34'),
 ('SO-0000012','unsettled','2012-08-13 13:46:37'),
 ('SO-0000013','unsettled','2012-08-13 13:48:45'),
 ('SO-0000014','unsettled','2012-08-13 13:50:18'),
 ('SO-0000015','fully paid','2012-08-13 13:57:01'),
 ('SO-000002','unsettled','2012-08-13 11:06:36'),
 ('SO-000003','unsettled','2012-08-13 11:12:12'),
 ('SO-000004','unsettled','2012-08-13 11:36:04'),
 ('SO-000005','unsettled','2012-08-13 13:14:07'),
 ('SO-000006','unsettled','2012-08-13 13:16:12'),
 ('SO-000007','unsettled','2012-08-13 13:17:07'),
 ('SO-000008','unsettled','2012-08-13 13:28:14'),
 ('SO-000009','unsettled','2012-08-13 13:32:13'),
 ('SO-00019','unsettled','2012-08-13 11:12:19'),
 ('SO-00020','unsettled','2012-08-13 11:18:27'),
 ('SO-00022','unsettled','2012-08-13 11:57:35'),
 ('SO-00023','unsettled','2012-08-13 12:00:03'),
 ('SO-00038','unsettled','2012-08-13 14:26:51'),
 ('SO-0033708','unsettled','2012-08-14 01:36:42'),
 ('SO-0033709','unsettled','2012-08-14 01:40:58'),
 ('SO-0033711','unsettled','2012-08-14 01:46:11'),
 ('SO-0033712','unsettled','2012-08-14 01:48:19'),
 ('SO-0033713','unsettled','2012-08-14 01:57:55'),
 ('SO-0033714','unsettled','2012-08-14 01:59:23'),
 ('SO-0033715','unsettled','2012-08-14 02:00:35'),
 ('SO-0033716','unsettled','2012-08-14 02:02:18'),
 ('SO-0033717','unsettled','2012-08-14 02:02:56'),
 ('SO-0033718','unsettled','2012-08-14 02:04:07'),
 ('SO-0033719','unsettled','2012-08-14 02:05:40'),
 ('SO-0033720','unsettled','2012-08-14 02:17:46'),
 ('SO-0033721','unsettled','2012-08-14 02:19:07'),
 ('SO-0033722','unsettled','2012-08-14 02:28:22'),
 ('SO-0033723','unsettled','2012-08-14 02:35:58'),
 ('SO-0033724','unsettled','2012-08-14 02:36:52'),
 ('SO-0033725','unsettled','2012-08-14 02:44:25'),
 ('SO-0033726','unsettled','2012-08-14 02:49:52'),
 ('SO-0033727','unsettled','2012-08-14 02:51:25'),
 ('SO-0033728','unsettled','2012-08-14 02:52:33'),
 ('SO-0033729','unsettled','2012-08-14 02:53:41'),
 ('SO-0033730','unsettled','2012-08-14 02:55:32'),
 ('SO-0033731','unsettled','2012-08-14 02:57:47'),
 ('SO-0033732','unsettled','2012-08-14 02:59:41'),
 ('SO-0033733','unsettled','2012-08-14 03:01:16'),
 ('SO-0033734','unsettled','2012-08-14 03:11:27'),
 ('SO-0033735','unsettled','2012-08-14 03:13:31'),
 ('SO-0033736','unsettled','2012-08-14 03:14:21'),
 ('SO-0033737','unsettled','2012-08-14 10:32:30'),
 ('SO-0033738','unsettled','2012-08-14 10:41:03'),
 ('SO-0033739','unsettled','2012-08-14 10:49:43'),
 ('SO-0033740','unsettled','2012-08-14 14:34:40'),
 ('SO-0033741','unsettled','2012-08-14 11:16:55'),
 ('SO-0033742','unsettled','2012-08-14 11:18:07'),
 ('SO-0033743','unsettled','2012-08-14 11:18:58'),
 ('SO-0033744','unsettled','2012-08-14 11:25:36'),
 ('SO-0033745','unsettled','2012-08-14 11:34:32'),
 ('SO-0033746','unsettled','2012-08-14 11:35:21'),
 ('SO-0033747','unsettled','2012-08-14 11:42:02'),
 ('SO-0033748','unsettled','2012-08-14 11:46:52'),
 ('SO-0033749','unsettled','2012-08-14 11:47:32'),
 ('SO-0033750','unsettled','2012-08-14 11:52:02'),
 ('SO-0033751','unsettled','2012-08-14 11:56:39'),
 ('SO-0033752','unsettled','2012-08-14 12:06:08'),
 ('SO-0033753','unsettled','2012-08-14 12:07:41'),
 ('SO-0033754','unsettled','2012-08-14 12:23:27'),
 ('SO-0033755','unsettled','2012-08-14 12:30:28'),
 ('SO-0033756','unsettled','2012-08-14 12:31:25'),
 ('SO-0033757','unsettled','2012-08-14 12:37:13'),
 ('SO-0033758','unsettled','2012-08-14 12:38:38'),
 ('SO-0033759','unsettled','2012-08-14 12:43:39'),
 ('SO-0033760','unsettled','2012-08-14 12:48:12'),
 ('SO-0033761','unsettled','2012-08-14 12:49:38'),
 ('SO-0033762','unsettled','2012-08-14 12:52:55'),
 ('SO-0033763','unsettled','2012-08-14 12:55:27'),
 ('SO-0033764','unsettled','2012-08-14 12:57:32'),
 ('SO-0033765','unsettled','2012-08-14 12:59:48'),
 ('SO-0033766','unsettled','2012-08-14 13:00:28'),
 ('SO-0033767','unsettled','2012-08-14 13:03:55'),
 ('SO-0033768','unsettled','2012-08-14 13:04:47'),
 ('SO-0033769','unsettled','2012-08-14 13:06:20'),
 ('SO-0033770','unsettled','2012-08-14 13:07:17'),
 ('SO-0033771','unsettled','2012-08-14 13:10:31'),
 ('SO-0033772','unsettled','2012-08-14 13:12:54'),
 ('SO-0033773','unsettled','2012-08-14 13:15:27'),
 ('SO-0033774','unsettled','2012-08-14 13:18:32'),
 ('SO-0033775','unsettled','2012-08-14 13:19:15'),
 ('SO-0033776','unsettled','2012-08-14 13:21:52'),
 ('SO-0033777','unsettled','2012-08-14 13:24:54'),
 ('SO-0033778','unsettled','2012-08-14 13:26:20'),
 ('SO-0033779','unsettled','2012-08-14 13:26:52'),
 ('SO-0033780','unsettled','2012-08-14 13:31:57'),
 ('SO-0033781','unsettled','2012-08-14 13:33:51'),
 ('SO-0033782','unsettled','2012-08-14 13:38:50'),
 ('SO-0033783','unsettled','2012-08-14 13:39:55'),
 ('SO-0033784','unsettled','2012-08-14 13:40:26'),
 ('SO-0033785','unsettled','2012-08-14 14:54:48'),
 ('SO-0033786','unsettled','2012-08-14 14:55:41'),
 ('SO-0033787','unsettled','2012-08-14 15:07:51'),
 ('SO-0033788','unsettled','2012-08-14 15:13:16'),
 ('SO-0033789','unsettled','2012-08-14 15:23:14'),
 ('SO-0033790','unsettled','2012-08-14 15:32:53'),
 ('SO-0033791','unsettled','2012-08-14 15:38:16'),
 ('SO-0033792','unsettled','2012-08-14 15:41:32'),
 ('SO-0033793','unsettled','2012-08-14 15:44:30'),
 ('SO-0033794','unsettled','2012-08-14 15:46:53'),
 ('SO-0033795','unsettled','2012-08-14 15:48:47');
/*!40000 ALTER TABLE `account_receivable` ENABLE KEYS */;


--
-- Definition of table `account_recievable_cart`
--

DROP TABLE IF EXISTS `account_recievable_cart`;
CREATE TABLE `account_recievable_cart` (
  `acount_recievable_cart_id` int(10) unsigned NOT NULL AUTO_INCREMENT,
  `item_code` varchar(45) NOT NULL,
  `qty` int(10) unsigned NOT NULL,
  `customer_type` varchar(45) NOT NULL,
  `acount_recievable_cart_date` datetime NOT NULL,
  `price` double(2,2) NOT NULL,
  `total_price` double(2,2) NOT NULL,
  `discount_amount` double(2,2) NOT NULL,
  PRIMARY KEY (`acount_recievable_cart_id`)
) ENGINE=InnoDB DEFAULT CHARSET=latin1;

--
-- Dumping data for table `account_recievable_cart`
--

/*!40000 ALTER TABLE `account_recievable_cart` DISABLE KEYS */;
/*!40000 ALTER TABLE `account_recievable_cart` ENABLE KEYS */;


--
-- Definition of table `account_recievable_payments`
--

DROP TABLE IF EXISTS `account_recievable_payments`;
CREATE TABLE `account_recievable_payments` (
  `account_recievable_id` int(10) unsigned NOT NULL DEFAULT '0',
  `payment_id` int(10) unsigned DEFAULT NULL,
  PRIMARY KEY (`account_recievable_id`)
) ENGINE=InnoDB DEFAULT CHARSET=latin1;

--
-- Dumping data for table `account_recievable_payments`
--

/*!40000 ALTER TABLE `account_recievable_payments` DISABLE KEYS */;
/*!40000 ALTER TABLE `account_recievable_payments` ENABLE KEYS */;


--
-- Definition of table `account_recievable_to_account_recievable_cart`
--

DROP TABLE IF EXISTS `account_recievable_to_account_recievable_cart`;
CREATE TABLE `account_recievable_to_account_recievable_cart` (
  `account_recievable_id` int(10) unsigned NOT NULL AUTO_INCREMENT,
  `id` int(10) unsigned NOT NULL,
  PRIMARY KEY (`account_recievable_id`)
) ENGINE=InnoDB DEFAULT CHARSET=latin1;

--
-- Dumping data for table `account_recievable_to_account_recievable_cart`
--

/*!40000 ALTER TABLE `account_recievable_to_account_recievable_cart` DISABLE KEYS */;
/*!40000 ALTER TABLE `account_recievable_to_account_recievable_cart` ENABLE KEYS */;


--
-- Definition of table `agent`
--

DROP TABLE IF EXISTS `agent`;
CREATE TABLE `agent` (
  `agent_id` int(10) unsigned NOT NULL AUTO_INCREMENT,
  `Name` varchar(45) NOT NULL,
  `Mobile` varchar(45) DEFAULT NULL,
  `address` varchar(100) DEFAULT NULL,
  PRIMARY KEY (`agent_id`)
) ENGINE=InnoDB AUTO_INCREMENT=13 DEFAULT CHARSET=latin1;

--
-- Dumping data for table `agent`
--

/*!40000 ALTER TABLE `agent` DISABLE KEYS */;
INSERT INTO `agent` (`agent_id`,`Name`,`Mobile`,`address`) VALUES 
 (1,'MARLON PORTES','09095137892','SAN AGUSTIN, TALIBON, BOHOL'),
 (2,'NARCISO BUTAL','09127525387','CALINGINAN, SEVILLA, BOHOL'),
 (3,'ZAIDE MENCIAS','09461422830','CANSIBUAN, ANTEQUERA, BOHOL'),
 (4,'JOLITO GAMBE','09203990280','POBLACION, PILAR, BOHOL'),
 (5,'DARIO MEDINA','09286321347','TUBORAN, UBAY, BOHOL'),
 (6,'NIC LOMOCSO','09129720502','YANAYA, BILAR, BOHOL'),
 (7,'REYNALDO LEQUIN','09104666212','LA UNION, TRINIDAD, BOHOL'),
 (8,'ROEL LOPECEROS','09183395029','HINLAYAGAN, TRINIDAD, BOHOL'),
 (9,'ROLAND PATAC','09482536709','BAANG, CATIGBIAN, BOHOL'),
 (10,'EDGAR JUARES','09302312772','CASABAS, PILAR, BOHOL'),
 (11,'JOSEPH MAYO','09208215447','CLARIN, BOHOL'),
 (12,'JULIUS MARIMON','09264383459','CATAGBACAN, LOON BOHOL');
/*!40000 ALTER TABLE `agent` ENABLE KEYS */;


--
-- Definition of table `agent_customers`
--

DROP TABLE IF EXISTS `agent_customers`;
CREATE TABLE `agent_customers` (
  `agent_id` int(10) unsigned DEFAULT NULL,
  `customers_id` int(10) unsigned DEFAULT NULL
) ENGINE=InnoDB DEFAULT CHARSET=latin1;

--
-- Dumping data for table `agent_customers`
--

/*!40000 ALTER TABLE `agent_customers` DISABLE KEYS */;
INSERT INTO `agent_customers` (`agent_id`,`customers_id`) VALUES 
 (9,2),
 (10,3),
 (10,5),
 (10,6),
 (4,7),
 (4,8),
 (2,9),
 (3,11),
 (2,12),
 (3,13),
 (4,14),
 (12,15),
 (3,16),
 (9,17),
 (12,18),
 (8,21),
 (2,22),
 (4,23),
 (3,24),
 (10,26),
 (4,28),
 (12,29),
 (2,30),
 (2,31),
 (10,33),
 (10,34),
 (12,35),
 (8,36),
 (9,38),
 (9,40),
 (5,41),
 (10,42),
 (9,44),
 (4,45),
 (12,46),
 (3,47),
 (6,48),
 (6,51),
 (10,56),
 (10,57),
 (4,59),
 (9,60),
 (12,62),
 (10,64),
 (2,65),
 (12,66),
 (3,67),
 (2,69),
 (2,70),
 (6,71),
 (3,73),
 (6,74),
 (7,75),
 (9,77),
 (2,78),
 (2,79),
 (12,80),
 (6,81),
 (2,82),
 (10,83),
 (12,84),
 (2,85),
 (4,86),
 (10,87),
 (6,88),
 (6,89),
 (2,91),
 (9,92),
 (4,93),
 (4,94),
 (10,96),
 (12,97),
 (6,101),
 (4,102),
 (6,104),
 (6,107),
 (12,108),
 (6,109),
 (12,110),
 (12,111),
 (2,112),
 (4,113),
 (3,114),
 (4,115),
 (4,116),
 (10,118),
 (3,119),
 (12,122),
 (4,123),
 (2,124),
 (3,125),
 (2,126),
 (2,127),
 (3,128),
 (4,129),
 (2,130),
 (4,131),
 (2,132),
 (9,133),
 (4,134),
 (12,136),
 (6,138),
 (2,139),
 (9,142),
 (4,143),
 (2,144),
 (12,145),
 (4,146),
 (4,147),
 (3,149),
 (10,151),
 (9,152),
 (10,153),
 (4,154),
 (6,158),
 (3,160),
 (4,161),
 (4,162),
 (7,164),
 (6,165),
 (4,166),
 (6,167),
 (12,172),
 (3,174),
 (2,175),
 (6,176),
 (12,177),
 (12,178),
 (4,180),
 (6,181),
 (10,184),
 (2,185),
 (6,186),
 (8,188),
 (4,189),
 (9,191),
 (10,192),
 (4,194),
 (6,196),
 (9,197),
 (4,198),
 (12,200),
 (10,201),
 (9,202),
 (12,203),
 (2,204),
 (4,205),
 (9,206),
 (3,208),
 (7,210),
 (2,211),
 (2,212),
 (7,213),
 (3,216),
 (12,217),
 (4,218),
 (10,219),
 (6,223),
 (9,224),
 (9,225),
 (12,226),
 (6,227),
 (2,228),
 (12,229),
 (6,230),
 (4,231),
 (6,232),
 (2,233),
 (2,234),
 (12,235),
 (3,236),
 (12,237),
 (12,238),
 (10,239),
 (12,243),
 (12,245),
 (4,247),
 (12,248),
 (3,250),
 (9,251),
 (6,252),
 (4,253),
 (9,255),
 (8,256),
 (12,257),
 (2,258),
 (9,259),
 (8,260),
 (9,262),
 (2,263),
 (10,265),
 (4,266),
 (12,267),
 (2,269),
 (9,270),
 (10,271),
 (10,273),
 (3,275),
 (4,276),
 (2,277),
 (8,278),
 (12,279),
 (6,280),
 (6,282),
 (10,283),
 (10,284),
 (2,285),
 (4,286),
 (4,287),
 (6,288),
 (4,289),
 (8,291),
 (2,295),
 (12,296),
 (6,297),
 (9,298),
 (4,299),
 (4,301),
 (6,302),
 (9,303),
 (4,304),
 (8,305),
 (2,306),
 (3,307),
 (4,311),
 (12,312),
 (10,313),
 (12,317),
 (12,318),
 (10,320),
 (12,321),
 (4,322),
 (6,323),
 (9,324),
 (2,325),
 (12,326),
 (2,330),
 (10,332),
 (3,333),
 (6,334),
 (4,337),
 (3,338),
 (2,339),
 (4,340),
 (9,341),
 (12,342),
 (9,343),
 (2,344),
 (12,345),
 (10,347),
 (6,348),
 (4,349),
 (4,350),
 (2,351),
 (6,352),
 (4,353),
 (6,354),
 (2,355),
 (10,356),
 (12,357),
 (6,360),
 (12,361),
 (4,362),
 (12,363),
 (10,366),
 (12,367),
 (10,368),
 (7,369),
 (10,370),
 (9,371),
 (8,372),
 (2,374),
 (10,376),
 (12,377),
 (8,378),
 (4,379),
 (2,380),
 (4,381),
 (12,382),
 (9,383),
 (12,384),
 (6,385),
 (4,387),
 (4,390),
 (10,391),
 (10,392),
 (4,393),
 (2,394),
 (6,395),
 (2,396),
 (12,397),
 (12,398),
 (6,400),
 (12,401),
 (9,403),
 (4,404),
 (7,405),
 (3,407),
 (6,408),
 (6,409),
 (12,410),
 (4,412),
 (7,414),
 (12,416),
 (10,419),
 (7,420),
 (7,421),
 (6,423),
 (10,424),
 (4,426),
 (4,428),
 (4,429),
 (9,432),
 (8,433),
 (4,434),
 (9,435),
 (8,436),
 (4,437),
 (10,438),
 (6,439),
 (9,440),
 (12,441),
 (3,442),
 (4,443),
 (12,445),
 (9,449),
 (4,450),
 (3,451),
 (12,453),
 (2,455),
 (3,456),
 (2,458),
 (12,459),
 (12,461),
 (8,462),
 (2,463),
 (2,464),
 (7,465),
 (4,467),
 (6,468),
 (2,470),
 (4,471),
 (12,472),
 (3,473),
 (8,474),
 (4,476),
 (4,478),
 (4,479),
 (12,480),
 (10,481),
 (3,482),
 (12,484),
 (9,485),
 (6,486),
 (10,487),
 (12,488),
 (12,489),
 (12,490),
 (12,493),
 (3,494),
 (6,495),
 (12,496),
 (6,497),
 (4,499),
 (12,500),
 (6,501),
 (12,502),
 (9,504),
 (4,505),
 (10,506),
 (9,507),
 (12,508),
 (9,509),
 (12,510),
 (8,511),
 (12,512),
 (12,514),
 (2,515),
 (4,516),
 (9,517),
 (2,518),
 (3,519),
 (8,520),
 (8,521),
 (9,523),
 (4,524),
 (6,525),
 (3,526),
 (9,527),
 (9,528),
 (6,529),
 (4,531),
 (4,534),
 (4,535),
 (7,536),
 (12,537),
 (4,539),
 (7,540),
 (3,541),
 (9,542),
 (6,543),
 (8,544),
 (12,546),
 (3,547),
 (4,549),
 (6,550),
 (10,551),
 (4,552),
 (8,556),
 (12,559),
 (2,560),
 (12,561),
 (3,562),
 (3,563),
 (4,564),
 (4,566),
 (10,569),
 (12,570),
 (8,571),
 (10,572),
 (3,573),
 (3,574),
 (4,576),
 (12,577),
 (6,578),
 (9,579),
 (8,580),
 (6,581),
 (8,583),
 (12,585),
 (9,588),
 (9,589),
 (9,590),
 (6,591),
 (2,592),
 (12,594),
 (10,595),
 (4,596),
 (8,597),
 (7,599),
 (9,600),
 (7,601),
 (6,602),
 (2,603),
 (12,605),
 (8,606),
 (10,607),
 (12,608),
 (3,609),
 (4,610),
 (8,611),
 (2,612),
 (12,614),
 (12,617),
 (3,619),
 (3,621),
 (6,623),
 (2,626),
 (7,629),
 (9,630),
 (2,631),
 (3,634),
 (6,635),
 (9,637),
 (8,638),
 (2,640),
 (6,642),
 (12,643),
 (10,644),
 (7,645),
 (9,646),
 (12,647),
 (6,648),
 (2,649),
 (9,650),
 (4,651),
 (7,653),
 (10,654),
 (12,655),
 (12,658),
 (4,660),
 (6,661),
 (6,662),
 (12,663),
 (6,666),
 (4,667),
 (6,670),
 (12,671),
 (8,672),
 (12,673),
 (12,674),
 (2,675),
 (6,680),
 (10,681),
 (6,682),
 (8,683),
 (10,684),
 (12,685),
 (12,686),
 (9,687),
 (10,689),
 (4,690),
 (2,691),
 (3,692),
 (4,694),
 (4,695),
 (4,696),
 (12,697),
 (4,699),
 (10,700),
 (2,701),
 (6,702),
 (10,703),
 (9,704),
 (2,705),
 (4,707),
 (6,708),
 (4,709),
 (3,710),
 (4,711),
 (12,713),
 (12,714),
 (12,719),
 (4,722),
 (2,723),
 (10,724),
 (12,725),
 (4,726),
 (2,728),
 (7,729),
 (6,731),
 (12,732),
 (10,733),
 (1,1),
 (1,669),
 (3,735),
 (12,736),
 (6,737),
 (9,738),
 (1,739),
 (1,740),
 (3,742),
 (12,745),
 (1,415),
 (1,587),
 (10,748),
 (2,749),
 (3,750),
 (10,751),
 (1,586),
 (6,757),
 (6,758),
 (6,759),
 (1,616),
 (6,760),
 (1,319),
 (1,193),
 (1,335),
 (12,761),
 (1,274),
 (1,159),
 (1,657),
 (1,261),
 (1,553),
 (12,762),
 (6,763),
 (1,425),
 (1,764),
 (1,388),
 (1,308),
 (1,664),
 (1,768),
 (1,214),
 (1,50);
/*!40000 ALTER TABLE `agent_customers` ENABLE KEYS */;


--
-- Definition of table `cart`
--

DROP TABLE IF EXISTS `cart`;
CREATE TABLE `cart` (
  `cart_id` int(10) unsigned NOT NULL AUTO_INCREMENT,
  `item_code` varchar(45) NOT NULL,
  `qty` int(10) unsigned NOT NULL,
  `customer_type` varchar(45) NOT NULL,
  `cart_date` datetime NOT NULL,
  `price` double(2,2) NOT NULL,
  `total_price` double(2,2) NOT NULL,
  `discount` varchar(45) NOT NULL,
  `discount_amount` double(2,2) NOT NULL,
  PRIMARY KEY (`cart_id`)
) ENGINE=InnoDB DEFAULT CHARSET=latin1;

--
-- Dumping data for table `cart`
--

/*!40000 ALTER TABLE `cart` DISABLE KEYS */;
/*!40000 ALTER TABLE `cart` ENABLE KEYS */;


--
-- Definition of table `cod`
--

DROP TABLE IF EXISTS `cod`;
CREATE TABLE `cod` (
  `sales_order_no` varchar(45) NOT NULL DEFAULT '0',
  `remarks` varchar(45) DEFAULT NULL,
  `date` datetime DEFAULT NULL,
  PRIMARY KEY (`sales_order_no`)
) ENGINE=InnoDB DEFAULT CHARSET=latin1;

--
-- Dumping data for table `cod`
--

/*!40000 ALTER TABLE `cod` DISABLE KEYS */;
INSERT INTO `cod` (`sales_order_no`,`remarks`,`date`) VALUES 
 ('SO-000001','','2012-08-13 10:13:06'),
 ('SO-0000016','','2012-08-13 16:30:28'),
 ('SO-0000017','','2012-08-13 17:30:33'),
 ('SO-00018','','2012-08-13 09:27:20'),
 ('SO-00021','','2012-08-13 11:51:19'),
 ('SO-00024','','2012-08-13 12:01:19'),
 ('SO-00025','','2012-08-13 12:28:53'),
 ('SO-00026','','2012-08-13 12:40:01'),
 ('SO-00027','','2012-08-13 13:09:59'),
 ('SO-00028','','2012-08-13 13:22:39'),
 ('SO-00029','','2012-08-13 13:25:54'),
 ('SO-00030','','2012-08-13 13:26:54'),
 ('SO-00031','','2012-08-13 13:30:19'),
 ('SO-00032','','2012-08-13 13:42:06'),
 ('SO-00033','','2012-08-13 13:43:43'),
 ('SO-00034','','2012-08-13 13:49:55'),
 ('SO-00035','','2012-08-13 14:12:27'),
 ('SO-00036','','2012-08-13 14:21:36'),
 ('SO-00037','','2012-08-13 14:23:10'),
 ('SO-00039','','2012-08-13 14:31:39'),
 ('SO-00040','','2012-08-13 14:37:23'),
 ('SO-00041','','2012-08-13 14:43:47'),
 ('SO-00042','','2012-08-13 15:01:33'),
 ('SO-00043','','2012-08-13 15:05:24'),
 ('SO-00044','','2012-08-13 15:18:14'),
 ('SO-00045','','2012-08-13 15:20:20'),
 ('SO-00046','','2012-08-13 15:21:01'),
 ('SO-00047','','2012-08-13 15:23:11'),
 ('SO-00048','','2012-08-13 15:25:08'),
 ('SO-00049','','2012-08-13 15:26:15'),
 ('SO-0033796','','2012-08-14 16:44:33'),
 ('SO-0033797','','2012-08-14 16:45:58'),
 ('SO-0033798','','2012-08-14 17:25:14'),
 ('SO-0033799','','2012-08-14 17:26:46'),
 ('SO-0033800','','2012-08-14 17:29:35'),
 ('SO-0033801','','2012-08-14 17:30:30'),
 ('SO-0033802','','2012-08-14 17:31:42'),
 ('SO-0033803','','2012-08-14 17:33:08'),
 ('SO-0033804','','2012-08-14 17:37:28'),
 ('SO-0033805','','2012-08-14 17:43:13'),
 ('SO-0033806','','2012-08-14 17:46:18'),
 ('SO-0033807','','2012-08-14 17:50:13'),
 ('SO-0033808','','2012-08-14 17:50:50'),
 ('SO-0033809','','2012-08-14 17:52:06'),
 ('SO-0033810','','2012-08-14 17:52:43'),
 ('SO-0033811','','2012-08-14 17:56:22'),
 ('SO-0033812','','2012-08-14 17:57:16'),
 ('SO-0033813','','2012-08-14 17:59:49'),
 ('SO-0033814','','2012-08-14 18:07:00'),
 ('SO-0033815','','2012-08-14 18:09:15'),
 ('SO-0033816','','2012-08-14 18:09:53'),
 ('SO-0033817','','2012-08-14 18:11:00'),
 ('SO-0033818','','2012-08-14 18:11:46'),
 ('SO-0033819','','2012-08-14 18:12:16'),
 ('SO-0033820','','2012-08-14 18:13:03'),
 ('SO-0033821','','2012-08-14 18:16:39'),
 ('SO-0033822','','2012-08-14 18:17:56'),
 ('SO-0033823','','2012-08-14 18:19:25'),
 ('SO-0033824','','2012-08-14 18:21:25');
/*!40000 ALTER TABLE `cod` ENABLE KEYS */;


--
-- Definition of table `cod_remitted`
--

DROP TABLE IF EXISTS `cod_remitted`;
CREATE TABLE `cod_remitted` (
  `id` int(10) unsigned NOT NULL AUTO_INCREMENT,
  `sales_date` date DEFAULT NULL,
  `remit_by` varchar(45) DEFAULT NULL,
  `received_by` varchar(45) DEFAULT NULL,
  `date_accepted` date DEFAULT NULL,
  `amount` double(10,2) DEFAULT NULL,
  PRIMARY KEY (`id`)
) ENGINE=InnoDB DEFAULT CHARSET=latin1;

--
-- Dumping data for table `cod_remitted`
--

/*!40000 ALTER TABLE `cod_remitted` DISABLE KEYS */;
/*!40000 ALTER TABLE `cod_remitted` ENABLE KEYS */;


--
-- Definition of table `customers`
--

DROP TABLE IF EXISTS `customers`;
CREATE TABLE `customers` (
  `customers_id` int(10) unsigned NOT NULL AUTO_INCREMENT,
  `customers_name` varchar(45) DEFAULT NULL,
  `customers_add` varchar(45) DEFAULT NULL,
  `customers_number` varchar(45) DEFAULT NULL,
  `dealers_type` varchar(45) DEFAULT 'dealer',
  `credit_limit` double(10,2) DEFAULT NULL,
  `visible` tinyint(3) unsigned DEFAULT '1',
  PRIMARY KEY (`customers_id`)
) ENGINE=InnoDB AUTO_INCREMENT=775 DEFAULT CHARSET=latin1;

--
-- Dumping data for table `customers`
--

/*!40000 ALTER TABLE `customers` DISABLE KEYS */;
INSERT INTO `customers` (`customers_id`,`customers_name`,`customers_add`,`customers_number`,`dealers_type`,`credit_limit`,`visible`) VALUES 
 (1,'4N STORE ','BUENAVISTA,Bohol','','dealer',0.00,1),
 (2,'ABNER AMODIA','CATIGBIAN, BOHOL','','dealer',0.00,1),
 (3,'ABRENILLA','JAGNA, BOHOL','','dealer',0.00,1),
 (4,'ABUCEJO ANABEL','GARCIA, BOHOL','','dealer',0.00,1),
 (5,'ACAS ASTER','JAGNA, BOHOL','','dealer',0.00,1),
 (6,'ACEBES STORE /HARVERIN STORE','JAGNA, BOHOL','','dealer',0.00,1),
 (7,'ACHACOSO STORE','CANDIJAY, BOHOL','','dealer',0.00,1),
 (8,'ACOG','ALBUR, BOHOL','','dealer',0.00,1),
 (9,'ACUÑA','SEVILLA, BOHOL','','dealer',0.00,1),
 (10,'ADELA PINTAL','TAGBILARAN CITY, BOHOL','','dealer',0.00,1),
 (11,'ADIE LUMAIN','CORELLA, BOHOL','','dealer',0.00,1),
 (12,'ADING BALANE','LILA, BOHOL','','dealer',0.00,1),
 (13,'ADING TABIGUE','CORTES, BOHOL','','dealer',0.00,1),
 (14,'AGUIPO COOP','MABINI, BOHOL','','dealer',0.00,1),
 (15,'AGUSTIN ALERIA','BACLAYON, BOHOL','','dealer',0.00,1),
 (16,'ALBA STORE','CORTES, BOHOL','','dealer',0.00,1),
 (17,'ALBEZO','SAGBAYAN, BOHOL','','consumer',0.00,1),
 (18,'ALBOLERAS','PANGLAO, BOHOL','','dealer',0.00,1),
 (19,'ALEX VILLA ','TAGBILARAN CITY, BOHOL','','dealer',0.00,1),
 (20,'ALFIE OCBA','TAGBILARAN CITY, BOHOL','','dealer',0.00,1),
 (21,'ALFONSA MAHUMOT','SAN MIGUEL, BOHOL','','dealer',0.00,1),
 (22,'ALICE LAGUMBAY','LILA, BOHOL','','dealer',0.00,1),
 (23,'ALLAN CANO','MABINI, BOHOL','','dealer',0.00,1),
 (24,'ALLAN LUMANTA','CORTEZ, BOHOL','','dealer',0.00,1),
 (25,'ALLYN JUMAWAN','SIQUIJOR  C/O TAGBILARAN ','','dealer',0.00,1),
 (26,'ALMA STORE','TALISAY, ANDA, BOHOL','','dealer',0.00,1),
 (27,'ALONG BARRETE','TAGBILARAN, CITY BOHOL','','dealer',0.00,1),
 (28,'ALONG RAYMONDE','CANDIJAY, BOHOL','','dealer',0.00,1),
 (29,'AMALAT','MARIBOJOC, BOHOL','','consumer',0.00,1),
 (30,'AMAY GANADE','SEVILLA, BOHOL','','consumer',0.00,1),
 (31,'AMORES JULIETH','LILA, BOHOL','','dealer',0.00,1),
 (32,'AMPARO FEEDS','TAGBILARAN CITY, BOHOL','','dealer',0.00,1),
 (33,'AMPER - ANDA','ANDA, BOHOL','','dealer',0.00,1),
 (34,'AMPER EVELYN','GUINDULMAN, BOHOL','','dealer',0.00,1),
 (35,'ANABEL SUMAYLO','PANGLAO, BOHOL','','dealer',0.00,1),
 (36,'ANALEE PALMA','SAN MIGUEL, BOHOL','','dealer',0.00,1),
 (37,'ANALIZA MENDOZA','TAGBILARAN CITY, BOHOL','','dealer',0.00,1),
 (38,'ANALUNA RACOMA','SAGBAYAN, BOHOL','','consumer',0.00,1),
 (39,'ANDEMIL\'S STORE ','TAGBILARAN CITY, BOHOL','','dealer',0.00,1),
 (40,'ANDRES SUMIPO','SAN ISIDRO, BOHOL','','dealer',0.00,1),
 (41,'ANDREW HINTON','TALIBON, BOHOL','','consumer',0.00,1),
 (42,'ANGELO QUARTEROS','CAN-IPOL, JAGNA, BOHOL','','dealer',0.00,1),
 (43,'ANINAPON','ANTIQUERA, BOHOL','','dealer',0.00,1),
 (44,'ANNIE OREG','BALILIHAN, BOHOL','','consumer',0.00,1),
 (45,'ANTONIA VALLECERA','MABINI, BOHOL','','dealer',0.00,1),
 (46,'ANUYA','MARIBOJOC, BOHOL','','consumer',0.00,1),
 (47,'ARAUL INTONG','SIKATUNA, BOHOL','','consumer',0.00,1),
 (48,'ARCIE DECASA','BILAR, BOHOL','','consumer',0.00,1),
 (49,'ARLENE BUTAL STORE','HAGBUAYA, CATIGBIAN, BOHOL','','dealer',0.00,1),
 (50,'ARNEL DACULA','CATIGBIAN,Bohol','','dealer',0.00,1),
 (51,'ARSENIA IDAGO','DAGOHOY, BOHOL','','dealer',0.00,1),
 (52,'ARSENIA TUSOY','SIERRA BULLONES, BOHOL','','',0.00,1),
 (53,'A\'S STORE','TAGBILARAN CITY, BOHOL','','dealer',0.00,1),
 (54,'ASTER ANG','MANGA DIST., BOHOL','','dealer',0.00,1),
 (55,'ASUBAR','TAGBILARAN CITY, BOHOL','','',0.00,1),
 (56,'ATONG TINDAHAN / BONCATO','VALENCIA, BOHOL','','dealer',0.00,1),
 (57,'ATTY. JESUS ACEBES','JAGNA, BOHOL','','consumer',0.00,1),
 (58,'AX-AX LIM','TAGBILARAN CITY, BOHOL','','consumer',0.00,1),
 (59,'AYAG STORE','MABINI, BOHOL','','dealer',0.00,1),
 (60,'AZON\'S MINIMART','BALILIHAN, BOHOL','','dealer',0.00,1),
 (61,'B N D STORE','CATIG-BIAN, BOHOL','','dealer',0.00,1),
 (62,'BACARISA STORE','MARIBOHOC, BOHOL','','dealer',0.00,1),
 (63,'BAGTIC-COOP STORE','POB. CATIGIBIAN, BOHOL','','dealer',0.00,1),
 (64,'BAGUINANG','JAGNA, BOHOL','','consumer',0.00,1),
 (65,'BALANDRA','LOAY, BOHOL','','consumer',0.00,1),
 (66,'BALDACHINO','DAUIS, BOHOL','','consumer',0.00,1),
 (67,'BALLESTEROS','CORELLA, BOHOL','','consumer',0.00,1),
 (68,'BALOT STORE','MANGA DIST., BOHOL','','dealer',0.00,1),
 (69,'BAÑANOLA STORE','LOBOC, BOHOL','','dealer',0.00,1),
 (70,'BANGA STORE','SEVILLA, BOHOL','','dealer',0.00,1),
 (71,'BANILDOS STORE','POB. DAGOHOY, BOHOL','','dealer',0.00,1),
 (72,'BARRIOS','TAGBILARAN, BOHOL','','dealer',0.00,1),
 (73,'BASILIO TODTOD','CAMBUAC NORTE, SIKATUNA, BOHOL','','dealer',0.00,1),
 (74,'BAYRON STORE','BILAR, BOHOL','','dealer',0.00,1),
 (75,'BB PIG-OT','LOON, BOHOL','','dealer',0.00,1),
 (76,'BCIC','TAGBILARAN CITY, BOHOL','','dealer',0.00,1),
 (77,'BEBELYN MISADOR','SAGBAYAN, BOHOL','','consumer',0.00,1),
 (78,'BEBIE DIGAL STORE','BANGA, SEVILLA','','dealer',0.00,1),
 (79,'BEBIE PAJAR','LOBOC, BOHOL','','dealer',0.00,1),
 (80,'BEBIE TORCULAS','LIBAONG, PANGLAO, BOHOL','','dealer',0.00,1),
 (81,'BEGIE','CARMEN, BOHOL','','dealer',0.00,1),
 (82,'BELEN IGCALENOS','LILA, BOHOL','','dealer',0.00,1),
 (83,'BELEN PELIGRINNO','GUINDULMAN BOHOL','','dealer',0.00,1),
 (84,'BELEN STORE','ALBUR, BOHOL','','dealer',0.00,1),
 (85,'BELLA BANGA','LOBOC, BOHOL','','dealer',0.00,1),
 (86,'BELLA BULAC','MABINI, BOHOL','','dealer',0.00,1),
 (87,'BEN GAMALO','VALENCIA, BOHOL','','dealer',0.00,1),
 (88,'BENG DUMAGUING','POB. DAGOHOY, BOHOL','','dealer',0.00,1),
 (89,'BENG2X SENTORIAS','CAGAWASAN, DAGOHOY, BOHOL','','dealer',0.00,1),
 (90,'BENITO AGAD','CAMBAILAN, CATIGBIAN, BOHOL','','consumer',0.00,1),
 (91,'BENJIE RAMEN','BUGHO, LOBOC, BOHOL','','dealer',0.00,1),
 (92,'BERNARDA AGBO','SAN ISIDRO, BOHOL','','dealer',0.00,1),
 (93,'BERNIE BERSABE','CANDIJAY, BOHOL','','dealer',0.00,1),
 (94,'BERT BERNALES','COGTONG, CANDIJAY, BOHOL','','dealer',0.00,1),
 (95,'BESAS AGRIVET','TAGBILARAN CITY, BOHOL','','dealer',0.00,1),
 (96,'BETANCOR','GUINDULMAN, BOHOL','','dealer',0.00,1),
 (97,'BETTY ARANCON','PUROK 1 SAN ISIDRO, DAUIS, BOHOL','','dealer',0.00,1),
 (98,'BETTY EVANGELISTA STORE','CAMBAILAN, CATIGBIAN, BOHOL','','dealer',0.00,1),
 (99,'BETTY GUMAPAC','BAANG, CATIGBIAN, BOHOL','','dealer',0.00,1),
 (100,'BETTY LACEA','TAGBILARAN CITY, BOHOL','','dealer',0.00,1),
 (101,'BIBIE ANCOG','BILAR, BOHOL','','dealer',0.00,1),
 (102,'BIBOY DOYDORA','ALICIA, BOHOL','','dealer',0.00,1),
 (103,'BIGAY / ERIC NISTAL','TAGBILARAN CITY, BOHOL','','dealer',0.00,1),
 (104,'BILLY SARASPE','DAGOHOY, BOHOL','','dealer',0.00,1),
 (105,'BIMBAM ALCALA','TAGBILARAN CITY, BOHOL','','consumer',0.00,1),
 (106,'BODBOD','GARCIA, BOHOL','','dealer',0.00,1),
 (107,'BOLANIO MARILYN','DAGOHOY, BOHOL','','dealer',0.00,1),
 (108,'BONGABONG','ALBUR, BOHOL','','dealer',0.00,1),
 (109,'BONIE FUERTES','YANAYA, BILAR, BOHOL','','consumer',0.00,1),
 (110,'BONIFACIA ARANCON','DAUIS, BOHOL','','dealer',0.00,1),
 (111,'BOY BADING','BACLAYON, BOHOL','','dealer',0.00,1),
 (112,'BOY JALA','LOBOC, BOHOL','','dealer',0.00,1),
 (113,'BOY MACAS','CANDIJAY, BOHOL','','dealer',0.00,1),
 (114,'BOY MOSQUEDA ','CAN AGON, SIKATUNA','','dealer',0.00,1),
 (115,'BOY PILOTON','CANDIJAY, BOHOL','','dealer',0.00,1),
 (116,'BOYETTE OLANDRIA','CANDIJAY, BOHOL','','dealer',0.00,1),
 (117,'BREEDER\'S MARAPAO BRANCH','TAGBILARAN CITY, BOHOL','','dealer',0.00,1),
 (118,'BRGY. DANAO, VALENCIA ','DANAO, VALENCIA, BOHOL','','consumer',0.00,1),
 (119,'BUEN MOSQUEDA','CAN-AGONG, SIKATUNA, BOHOL','','dealer',0.00,1),
 (120,'BUSTRILLOS','TAGBILARAN CITY, BOHOL','','consumer',0.00,1),
 (121,'CABAL STORE','TAGBILARAN CITY, BOHOL','','dealer',0.00,1),
 (122,'CABILLON','MARIBOJOC, BOHOL','','dealer',0.00,1),
 (123,'CAGAPE','PILAR, BOHOL','','dealer',0.00,1),
 (124,'CAHANAP','LILA, BOHOL','','dealer',0.00,1),
 (125,'CALIMUTAN','CORTES, BOHOL','','dealer',0.00,1),
 (126,'CALOY INCON','LOBOC, BOHOL','','dealer',0.00,1),
 (127,'CALUNASAN COOP','LOBOC, BOHOL','','dealer',0.00,1),
 (128,'CANANGCAAN COOP','CORELLA, BOHOL','','dealer',0.00,1),
 (129,'CANCIO PEQUERO','CANDIJAY, BOHOL','','consumer',0.00,1),
 (130,'CANDABONG COOP','LOBOC, BOHOL','','dealer',0.00,1),
 (131,'CANELARIO','COGTONG, CANDIJAY, BOHOL','','consumer',0.00,1),
 (132,'CAPT RAOT','LILA, BOHOL','','dealer',0.00,1),
 (133,'CAPT. ELENA DUGOY STORE','HANOPOL, BALILIHAN, BOHOL','','dealer',0.00,1),
 (134,'CAPT. RUBEN MAGLANA','LUNGSOD DAAN, MABINI, BOHOL','','dealer',0.00,1),
 (135,'CARAJAY','ANTEQUERA, BOHOL','','dealer',0.00,1),
 (136,'CARMEN BAYLON','DAUIS, BOHOL','','dealer',0.00,1),
 (137,'CARMEN LIBRES','MANGA, BAHOL','','dealer',0.00,1),
 (138,'CARMEN MINDORO ','BILAR, BOHOL','','dealer',0.00,1),
 (139,'CASIMERO LLUBIT','DIMIAO, BOHOL','','dealer',0.00,1),
 (140,'CATALINA DACULA','CATIGBIAN, BOHOL','','dealer',0.00,1),
 (141,'CEBALLOS','TAGBILARAN CITY, BOHOL','','dealer',0.00,1),
 (142,'CECILIA CHATTO','HANOPOL, BALILIHAN, BOHOL','','dealer',0.00,1),
 (143,'CELDA BUSANO','ALICIA, BOHOL','','dealer',0.00,1),
 (144,'CELINE CARESOSA','LILA, BOHOL','','dealer',0.00,1),
 (145,'CELING STORE','ALBUR BOHOL','','dealer',0.00,1),
 (146,'CELSO PILOTON','CANDIJAY, BOHOL','','consumer',0.00,1),
 (147,'CERILO ALABA','CANDIJAY, BOHOL','','dealer',0.00,1),
 (148,'CERILO FALLAR','TAGBILARAN CITY, BOHOL','','consumer',0.00,1),
 (149,'CERINO REVITA','CANANGCAAN, CORELLA, BOHOL','','consumer',0.00,1),
 (150,'CHAMICO STORE','MANGA, BOHOL','','dealer',0.00,1),
 (151,'CHIKIE LICAYAN','DUERO, BOHOL','','consumer',0.00,1),
 (152,'CHRIS PALUA','BALILIHAN, BOHOL','','consumer',0.00,1),
 (153,'CHRISTINE LAGURA','GUINDULMAN, BOHOL','','dealer',0.00,1),
 (154,'CHRISTOPHER CONTRERAS','CANDIJAY, BOHOL','','consumer',0.00,1),
 (155,'CHRISTOPHER SENIO','TAGBILARAN CITY, BOHOL','','dealer',0.00,1),
 (156,'CICY TAN','TAGBILARAN CITY BOHOL','','dealer',0.00,1),
 (157,'CLARO','MANGA DIST. TAGB. BOHOL','','dealer',0.00,1),
 (158,'CLAVATON','CARMEN, BOHOL','','dealer',0.00,1),
 (159,'CLEMEN JALA','SAN-ISIDRO,Bohol','','consumer',0.00,1),
 (160,'CLEOFE TABANERA','LAPAZ, CORTEZ, BOHOL','','dealer',0.00,1),
 (161,'COLASTY AURING','CANDIJAY, BOHOL','','consumer',0.00,1),
 (162,'CONCEPCION COOP','MABINI, BOHOL','','dealer',0.00,1),
 (163,'CONNIE MADELO','GARCIA, BAHOL','','dealer',0.00,1),
 (164,'CORBITA','LOON, BOHOL','','dealer',0.00,1),
 (165,'COWBOY','CARMEN BOHOL','','dealer',0.00,1),
 (166,'CRATE','PILAR, BOHOL','','dealer',0.00,1),
 (167,'CRISTY ANCOG','BILAR, BOHOL','','dealer',0.00,1),
 (168,'CUACO','TAGBILARAN CITY, BOHOL','','consumer',0.00,1),
 (169,'CUBRESIS - ESCABARTE','TAGBILARAN CITY BOHOL','','dealer',0.00,1),
 (170,'CUENCA','ANTEQUERA, BOHOL','','dealer',0.00,1),
 (171,'DABALOS','TAGBILARAN CITY, BOHOL','','dealer',0.00,1),
 (172,'DADANG EMIL','ALBUR, BOHOL','','dealer',0.00,1),
 (173,'DADONG JAMERO','GARCIA, BOHOL','','dealer',0.00,1),
 (174,'DAGA-ANG','SIKATUNA, BOHOL','','consumer',0.00,1),
 (175,'DAG-UM AGRIVET','LOBOC, BOHOL','','dealer',0.00,1),
 (176,'DALAGAN STORE','BILAR, BOHOL','','dealer',0.00,1),
 (177,'DALANAS','DAUIS, BOHOL','','consumer',0.00,1),
 (178,'DALLY UNGAB','ALBUR, BOHOL','','dealer',0.00,1),
 (179,'DALMAO','TAGBILARAN CITY, BOHOL','','consumer',0.00,1),
 (180,'DALUGDOG AGRIVET','MABINI, BOHOL','','dealer',0.00,1),
 (181,'DARIOS/LORNA FERNIZ','POB., BILAR, BOHOL','','dealer',0.00,1),
 (182,'DARUNDAY STORE','DAO DIST., TAGBILARAN CITY, BOHOL','','dealer',0.00,1),
 (183,'DELING','TAGBILARAN CITY, BOHOL','','dealer',0.00,1),
 (184,'DEM BOOC','GUINDULMAN, BOHOL','','dealer',0.00,1),
 (185,'DENNIS GAMAO','LILA, BOHOL','','dealer',0.00,1),
 (186,'DENNIS TUYOR','BILAR, BOHOL','','consumer',0.00,1),
 (187,'DESTACAMENTO','TAGBILARAN CITY, BOHOL','','consumer',0.00,1),
 (188,'DIDI REFUGIO','SAN MIGUEL, BOHOL','','dealer',0.00,1),
 (189,'DINA BERNASOR','CANDIJAY, BOHOL','','dealer',0.00,1),
 (190,'DING STORE','GARCIA, BOHOL','','dealer',0.00,1),
 (191,'DINOROG','SAN-ISIDRO, BOHOL','','dealer',0.00,1),
 (192,'DITCHIEJOY ','GUINDULMAN, BOHOL','','dealer',0.00,1),
 (193,'DODONG BANIADOS','SAN MIGUEL,Bohol','','dealer',0.00,1),
 (194,'DODONG CORCIEGA','PILAR, BOHOL','','dealer',0.00,1),
 (195,'DODONG DIEZ','ANTEQUERA, BOHOL','','consumer',0.00,1),
 (196,'DODONG LAMOSTE','CALUWASAN, DAGOHOY, BOHOL','','dealer',0.00,1),
 (197,'DODONG LORENTE','BALILIHAN, BOHOL','','dealer',0.00,1),
 (198,'DODONG PEQUERO','CANDIJAY, BOHOL','','consumer',0.00,1),
 (199,'DODOY DIEZ','PUB., MARKET, CATIGBIAN, BOHOL','','consumer',0.00,1),
 (200,'DOLLY BONGCARAS','PANGLAO, BOHOL','','consumer',0.00,1),
 (201,'DOMINADOR COPINCO','VALENCIA, BOHOL','','consumer',0.00,1),
 (202,'DOMY CHATO','BALILIHAN, BOHOL','','dealer',0.00,1),
 (203,'DONA ESCABARTE','MARIBOJOC, BOHOL','','dealer',0.00,1),
 (204,'DORIA','SEVILLA, BOHOL','','dealer',0.00,1),
 (205,'DORIO PIOC','MABINI, BOHOL','','dealer',0.00,1),
 (206,'DORIS ASOY','SAN ISIDRO, BOHOL','','dealer',0.00,1),
 (207,'DOYSABAS','ANTIQUERA, BOHOL','','dealer',0.00,1),
 (208,'DRA. ERLINDA MAHINAY','CORELLA, BOHOL','','consumer',0.00,1),
 (209,'DRA. LIMBAGA','TAGBILARAN CITY, BOHOL','','consumer',0.00,1),
 (210,'DUNKRIM','LOON PUBLIC MARKET','','dealer',0.00,1),
 (211,'EBOY STORE','LOBOC, BOHOL','','dealer',0.00,1),
 (212,'ECOR/GIL GUMANIT','SEVILLA, BOHOL','','consumer',0.00,1),
 (213,'ED DELOSO','CALAPE, BOHOL','','consumer',0.00,1),
 (214,'EDDIE DIEZ','MARIBOJOC,Bohol','','dealer',0.00,1),
 (215,'EDITH ARANZADO','TAGBILARAN CITY, BOHOL','','consumer',0.00,1),
 (216,'EDMUNDO COSMOD','CORTES, BOHOL','','consumer',0.00,1),
 (217,'EDOC','ALBUR, BOHOL','','dealer',0.00,1),
 (218,'EFREN CASTAÑARES','CANDIJAY, BOHOL','','consumer',0.00,1),
 (219,'EGEL ABREA','GUINDULMAN, BOHOL','','consumer',0.00,1),
 (220,'EJH STORE','GARCIA, BOHOL','','dealer',0.00,1),
 (221,'EJOC','CATIGBIAN, BOHOL','','dealer',0.00,1),
 (222,'EL ROSE','DAO DISTR. TAGBILARAN CITY, BOHOL','','dealer',0.00,1),
 (223,'ELENA BIGCAL','BATUAN, BOHOL','','dealer',0.00,1),
 (224,'ELENA DUGOY','BALILIHAN, BOHOL','','dealer',0.00,1),
 (225,'ELICANO','SAN ISIDRO, BOHOL','','consumer',0.00,1),
 (226,'ELMER BELOTINDOS','DAUIS, BOHOL','','dealer',0.00,1),
 (227,'ELMER MINDORO','BILAR, BOHOL','','dealer',0.00,1),
 (228,'ELPEDIA CABERTE','SEVILLA, BOHOL','','dealer',0.00,1),
 (229,'ELSA ECHAVIA','MARIBOJOC, BOHOL','','dealer',0.00,1),
 (230,'ELVIE APOR','LAPAZ, CARMEN, BOHOL','','consumer',0.00,1),
 (231,'ELVIRA HINALOC','CANDIJAY, BOHOL','','dealer',0.00,1),
 (232,'EMIGDIA DUMAYAC','DAGOHOY, BOHOL','','consumer',0.00,1),
 (233,'EMMA DE DIOS','LILA, BOHOL','','dealer',0.00,1),
 (234,'EMMANUEL UNGAB','LOBOC, BOHOL','','dealer',0.00,1),
 (235,'ERIC TIMBAL','DAUIS, BOHOL','','consumer',0.00,1),
 (236,'ERLAN CALIMPUSAN','SIKATUNA, BOHOL','','dealer',0.00,1),
 (237,'ERNAN MORI','PANGLAO, BOHOL','','consumer',0.00,1),
 (238,'ERWIN BOLORON','DAUIS, BOHOL','','dealer',0.00,1),
 (239,'ESBOY WAPAÑO','DUERO, BOHOL','','dealer',0.00,1),
 (240,'ESCALONA','TAGBILARAN CITY, BOHOL','','consumer',0.00,1),
 (241,'ESPIJO','TAGBILARAN CITY, BOHOL','','dealer',0.00,1),
 (242,'ESTER LARGO','CATIGBIAN, BOHOL','','dealer',0.00,1),
 (243,'ESTER STORE','ALBUR, BOHOL','','dealer',0.00,1),
 (244,'ESTER VILLORIJO STORE','POB., CATIGBIAN, BOHOL','','dealer',0.00,1),
 (245,'ESTOMATA','SONGCULAN, DAUIS, BOHOL','','dealer',0.00,1),
 (246,'EUGENE TEH','TAGBILARAN CITY, BOHOL','','consumer',0.00,1),
 (247,'EULALIO LADERA','PILAR, BOHOL','','consumer',0.00,1),
 (248,'EVA PENALES','DAUIS, BOHOL','','dealer',0.00,1),
 (249,'EVANGELINE DELA PIÑA','LIBORON, CATIGBIAN, BOHOL','','consumer',0.00,1),
 (250,'EVIC AGUR','CORELLA, BOHOL','','dealer',0.00,1),
 (251,'FAJARDO','SAN ISIDRO, BOHOL','','consumer',0.00,1),
 (252,'FANUEL CADELIÑA','BILAR, BOHOL','','consumer',0.00,1),
 (253,'FE VERGARA','MABINI, BOHOL','','dealer',0.00,1),
 (254,'FELINA ABUCEJO','GARCIA, BOHOL','','dealer',0.00,1),
 (255,'FELIPE UTBO','DEL CARMEN, BALIILIHAN, BOHOL','','consumer',0.00,1),
 (256,'FELIX REFUGIO','SAN MIGUEL, BOHOL','','consumer',0.00,1),
 (257,'FELIX ROMARATE','MARIBOJOC, BOHOL','','dealer',0.00,1),
 (258,'FELIX VALLE','LILA, BOHOL','','dealer',0.00,1),
 (259,'FELLY CHATTO','BALILIHAN, BOHOL','','dealer',0.00,1),
 (260,'FIL-JUN ','SAN MIGUEL, BOHOL','','dealer',0.00,1),
 (261,'FINA AYONAN','PILAR,Bohol','','dealer',0.00,1),
 (262,'FLOR CORAZON','SAN ISIDRO, BOHOL','','consumer',0.00,1),
 (263,'FLOR DIGAL','SEVILLA, BOHOL','','dealer',0.00,1),
 (264,'FLOR MAGALLANES','TAGBILARAN CITY, BOHOL','','dealer',0.00,1),
 (265,'FLORO AMPER','ANDA, BOHOL','','dealer',0.00,1),
 (266,'FLORO OLAER','CANDIJAY, BOHOL','','dealer',0.00,1),
 (267,'FRANK BONGALOS','DAUIS, BOHOL','','dealer',0.00,1),
 (268,'FREDO TONGCO','CATIGBIAN, BOHOL','','dealer',0.00,1),
 (269,'FULGENCIO DALAGAN','LOBOC, BOHOL','','consumer',0.00,1),
 (270,'GAGA LEPARTO','HANOPOL, BALILIHAN, BOHOL','','consumer',0.00,1),
 (271,'GALBISO ','JAGNA, BOHOL','','dealer',0.00,1),
 (272,'GALENDES FAVIOLA','GARCIA, BOHOL','','dealer',0.00,1),
 (273,'GAMUTAN','VALENCIA, BOHOL','','consumer',0.00,1),
 (274,'GEMMA BONGABONG','ALBUR,Bohol','','dealer',0.00,1),
 (275,'GEMMA OCON','CORTES, BOHOL','','consumer',0.00,1),
 (276,'GENESIS STORE','MABINI, BOHOL','','dealer',0.00,1),
 (277,'GENETTE AGRIVET','LILA, BOHOL','','dealer',0.00,1),
 (278,'GENNETE AVENIDO','SAN MIGUEL, BOHOL','','dealer',0.00,1),
 (279,'GENOVEVA MAGDOSA','MARIBOJOC, BOHOL','','consumer',0.00,1),
 (280,'GEORGE DALATINA','BATUAN, BOHOL','','dealer',0.00,1),
 (281,'GEORGE LIM','TAGBILARAN CITY BOHOL','','dealer',0.00,1),
 (282,'GERARDA MINDORO','BILAR, BOHOL','','dealer',0.00,1),
 (283,'GERMAN ACAS','JAGNA, BOHOL','','dealer',0.00,1),
 (284,'GERY TAMBAGO','VALENCIA, BOHOL','','consumer',0.00,1),
 (285,'GILDA LAOLAO','LOBOC, BOHOL','','consumer',0.00,1),
 (286,'GILMA TUYOR','MABINI, BOHOL','','dealer',0.00,1),
 (287,'GINA STORE','CANDIJAY, BOHOL','','dealer',0.00,1),
 (288,'GING2X CAHUCOM','CAMPAGAO, BILAR, BOHOL','','consumer',0.00,1),
 (289,'GLADYS AMORA','CANDIJAY, BOHOL','','dealer',0.00,1),
 (290,'GOMEZ FUNERAL','TAGBILARAN CITY, BOHOL','','consumer',0.00,1),
 (291,'GONIE GASTONES','SAN MIGUEL, BOHOL','','consumer',0.00,1),
 (292,'GONZAGA','TAGBILARAN, BOHOL','','consumer',0.00,1),
 (293,'GONZALOS','GARCIA HERNANDEZ, BOHO','','consumer',0.00,1),
 (294,'GORDO','TAGBILARAN CITY, BOHOL','','consumer',0.00,1),
 (295,'GOTOZON COOP','LOBOC, BOHOL','','dealer',0.00,1),
 (296,'GRACE AND JAY STORE','DAUIS, BOHOL','','dealer',0.00,1),
 (297,'GRACE LAMBUS','BILAR, BOHOL ','','dealer',0.00,1),
 (298,'GRACE SAMUCENO','SAN-ISIDRO, BOHOL','','consumer',0.00,1),
 (299,'GRACE STORE','CASABAS, PILAR, BOHOL','','dealer',0.00,1),
 (300,'GUEN BORJA','MANGA DISTRICT. TAGBILARAN CITY, BOHOL','','dealer',0.00,1),
 (301,'GUIO-ANG COOP','CANDUJAY, BOHOL','','dealer',0.00,1),
 (302,'GUJIL','BILAR, BOHOL','','consumer',0.00,1),
 (303,'GUMANID','SAN-ISIDRO, BOHOL','','dealer',0.00,1),
 (304,'HAZEL ARATAN ','MABINI, BOHOL','','dealer',0.00,1),
 (305,'HELEN PATRON','MAHAYAG, SAN MIGUEL, BOHOL','','dealer',0.00,1),
 (306,'HELEN SASOSCO','LILA, BOHOL ','','dealer',0.00,1),
 (307,'HENRY CALIPUSAN','SIKATUNA BOHOL','','consumer',0.00,1),
 (308,'HENRY LEGASPI','TAGBILARAN CITY,Bohol','','consumer',0.00,1),
 (309,'HERLIZ','TAGBILARAN CITY, BOHOL','','dealer',0.00,1),
 (310,'HERMITS','ANTEQUERA, BOHOL','','dealer',0.00,1),
 (311,'HEROES AGRIVET','CANDIJAY, BOHOL','','dealer',0.00,1),
 (312,'HG5 STORE','MARIBOJOC, BOHOL','','dealer',0.00,1),
 (313,'HIMPIT STORE','GUINDULMAN, BOHOL','','dealer',0.00,1),
 (314,'HJ5 STORE','TAGBILARAN, BOHOL','','dealer',0.00,1),
 (315,'IAN DELING','TAGBILARAN CITY, BOHOL','','dealer',0.00,1),
 (316,'IAN UY','TAGBILARAN CITY, BOHOL','','dealer',0.00,1),
 (317,'IDA QUIJADA','DAUIS, BOHOL','','dealer',0.00,1),
 (318,'IDNALGAN','MARIBOJOC, BOHOL','','dealer',0.00,1),
 (319,'INDAY KLUSSMAN','DAGOHOY,Bohol','','dealer',0.00,1),
 (320,'IPANAG','VALENCIA, BOHOL','','consumer',0.00,1),
 (321,'IRENE LIBOT','ALBUR, BOHOL','','dealer',0.00,1),
 (322,'IRENE PENASO','MABINI, BOHOL','','consumer',0.00,1),
 (323,'ISABEL BANIADOS','DAGOHOY, BOHOL','','dealer',0.00,1),
 (324,'ISABELO TUBO','SAN ISIDRO, BOHOL','','consumer',0.00,1),
 (325,'ISIDRO LLUBIT','DIMIAO, BOHOL','','dealer',0.00,1),
 (326,'ISIDRO MICULOB','DAUIS, BOHOL','','dealer',0.00,1),
 (327,'JABINES','TAGBILARAN, BOHOL','','dealer',0.00,1),
 (328,'JACOB RUBILLAR/RUBILAR RTW','TAGBILARAN CITY, BOHOL','','dealer',0.00,1),
 (329,'JAEKELS','TALOTO DIST. BOHOL','','consumer',0.00,1),
 (330,'JAIME PALARAO','LOBOC, BOHOL','','dealer',0.00,1),
 (331,'JAMES ENTERPRISES','ANTIQUERA, BOHOL','','dealer',0.00,1),
 (332,'JAMOT STORE','DUERO, BOHOL','','dealer',0.00,1),
 (333,'JANCY SENSERO','LAPAZ,  CORTES, BOHOL','','consumer',0.00,1),
 (334,'JANE LORETE','DAGOHOY, BOHOL','','dealer',0.00,1),
 (335,'JANE PERSEGAS','SAN MIGUEL,Bohol','','dealer',0.00,1),
 (336,'JANETH PAGAORA','CATIGBIAN, BOHOL','','dealer',0.00,1),
 (337,'JANIES OLASO','CANDIJAY, BOHOL','','dealer',0.00,1),
 (338,'JARLIE AGRIVET','LAPAZ, CORTES, BOHOL','','dealer',0.00,1),
 (339,'JASPE','LOBOC, BOHOL','','dealer',0.00,1),
 (340,'JAY ROSE','COGTONG, CANDIJAY, BOHOL','','dealer',0.00,1),
 (341,'JEBOGS','DANAO, BOHOL','','dealer',0.00,1),
 (342,'JECK-JECK BAYLON','DAUIS, BOHOL','','dealer',0.00,1),
 (343,'JEJE TOPAS','BALILIHAN, BOHOL','','dealer',0.00,1),
 (344,'JENNY CALAMBA','GINUB-AN, SEVILLA, BOHOL','','dealer',0.00,1),
 (345,'JERMANO BONGCARAS','PANGLAO, BOHOL','','dealer',0.00,1),
 (346,'JERRY PURALAN','ANTIQUERA, BOHOL','','consumer',0.00,1),
 (347,'JERY TAMBAGO','VALENCIA, BOHOL','','consumer',0.00,1),
 (348,'JESMARK','DAGOHOY, BOHOL','','dealer',0.00,1),
 (349,'JESSIE','COGTONG, CANDIJAY BOHOL','','consumer',0.00,1),
 (350,'JESSIE MACADINE','CANDIJAY, BOHOL','','dealer',0.00,1),
 (351,'JETA VISKAYDA','EWON. SEVILLA','','dealer',0.00,1),
 (352,'JIMILO PUERTOS ','DAGOHOY, BOHOL','','consumer',0.00,1),
 (353,'JIMJELL STORE','MABINI, BOHOL','','dealer',0.00,1),
 (354,'JML AGRIVET','CARMEN, BOHOL','','dealer',0.00,1),
 (355,'JMR','LOAY, BOHOL','','dealer',0.00,1),
 (356,'JNC / JEFF TORRALBA','DUERO, BOHOL','','dealer',0.00,1),
 (357,'JOAN LOFRANCO','MARIBIJOC, BOHOL','','dealer',0.00,1),
 (358,'JOE JIM JANE STORE','CATIGBIAN, BOHOL','','dealer',0.00,1),
 (359,'JOE LAMBAN','TAGBILARAN, BOHOL','','dealer',0.00,1),
 (360,'JOEL CUBA','BATUAN, BOHOL','','dealer',0.00,1),
 (361,'JOHN ROMEA','DAUIS, BOHOL','','consumer',0.00,1),
 (362,'JOJO BALILI','PILAR, BOHOL','','dealer',0.00,1),
 (363,'JONATHAN ROJAS','MARIBOJOC, BOHOL','','dealer',0.00,1),
 (364,'JONG JONG KARAAN','TAGBILARAN CITY, BOHOL','','consumer',0.00,1),
 (365,'JORGE/RUFA LAMBAN','TAGBILARAN CITY, BOHOL','','dealer',0.00,1),
 (366,'JOSE GO','JAGNA, BOHOL','','dealer',0.00,1),
 (367,'JOSE JO','MARIBOJOC, BOHOL','','dealer',0.00,1),
 (368,'JOSE QUIETA','VALENCIA, BOHOL','','dealer',0.00,1),
 (369,'JOSE UY','LOON, BOHOL','','dealer',0.00,1),
 (370,'JOSEPHINE TAN','DUERO, BOHOL','','dealer',0.00,1),
 (371,'JOSIE TARROQUIN','BALILIHAN, BOHOL','','consumer',0.00,1),
 (372,'JOSIELAN-SASAN','MAHAYAG, SAN MIGUEL, BOHOL','','dealer',0.00,1),
 (373,'JOVENCIA LANTACA','GARCIA, BOHOL','','dealer',0.00,1),
 (374,'JR ORILLO','LOBOC, BOHOL','','consumer',0.00,1),
 (375,'JSL ','TAGBILARAN CITY, BOHOL','','dealer',0.00,1),
 (376,'JUDITH GALINATO','GUINDULMAN, BOHOL','','dealer',0.00,1),
 (377,'JUDITH ROMILORES','LOOC, PANGLAO, BOHOL','','dealer',0.00,1),
 (378,'JUIT STORE','SAN MIGUEL, BOHOL','','dealer',0.00,1),
 (379,'JULIANA COOK','SITIO TUHOB, CAN-OLIN, CANDIJAY BOHOL','','consumer',0.00,1),
 (380,'JULIET ALAMBATANG','LILA, BOHOL','','dealer',0.00,1),
 (381,'JULIUS CANTO','CANDIJAY, BOHOL','','consumer',0.00,1),
 (382,'JULIUS HONCULADA','DAUIS, BOHOL','','consumer',0.00,1),
 (383,'JUMAMIL','BALILIHAN, BOHOL','','dealer',0.00,1),
 (384,'JUMAWID ','BACLAYON, BOHOL','','dealer',0.00,1),
 (385,'JUN ANCOG','BATUAN, BOHOL','','dealer',0.00,1),
 (386,'JUN DIOLA ','MANGA, BOHOL','','dealer',0.00,1),
 (387,'JUN MAPUTI','CANDIJAY, BOHOL','','dealer',0.00,1),
 (388,'JUN PABE','BALILIHAN,Bohol','','dealer',0.00,1),
 (389,'JUN PARAC','TAGBILARAN CITY, BOHOL','','dealer',0.00,1),
 (390,'JUN RANGAS','ALICIA, BOHOL','','dealer',0.00,1),
 (391,'JUNIOR BESAS','GUINDULMAN, BOHOL','','dealer',0.00,1),
 (392,'JUNIOR JANDAYAN','ANDA, BOHOL','','dealer',0.00,1),
 (393,'JUNIOR LERION','CANDIJAY, BOHOL','','dealer',0.00,1),
 (394,'JUNIOR ORILLO','LOBOC, BOHOL','','dealer',0.00,1),
 (395,'JUNIOR TAVERA','DAGOHOY, BOHOL','','dealer',0.00,1),
 (396,'JUSTINO CANDA','LOAY, BOHOL','','dealer',0.00,1),
 (397,'JUVY DUMAYACA','DAUIS, BOHOL','','consumer',0.00,1),
 (398,'JUVY RAMO','BACLAYON, BOHOL','','dealer',0.00,1),
 (399,'KAUMAHAN','TAGBILARAN CITY, BOHOL','','dealer',0.00,1),
 (400,'KL STORE','BILAR, BOHOL','','dealer',0.00,1),
 (401,'KN STORE','MARIBOJOC, BOHOL','','dealer',0.00,1),
 (402,'L. ROSE','TAGBILARAN CITY, BOHOL','','dealer',0.00,1),
 (403,'LABANDERA STORE','BALILIHAN, BOHOL','','dealer',0.00,1),
 (404,'LAIDA AMOGIS','MABINI, BOHOL','','dealer',0.00,1),
 (405,'LALAINE PEREZ','LOON, BOHOL','','dealer',0.00,1),
 (406,'LANTACA STORE','GARCIA, BOHOL','','dealer',0.00,1),
 (407,'LARIO BAMUYA','CORELLA, BOHOL','','dealer',0.00,1),
 (408,'LARRY ATUP','CARMEN, BOHOL','','dealer',0.00,1),
 (409,'LCD','BILAR, BOHOL','','dealer',0.00,1),
 (410,'LEI COLUMNAS','DAUIS, BOHOL','','dealer',0.00,1),
 (411,'LEO MENDOZA','MANGA DISTRICT, TAGB. BOHOL','','dealer',0.00,1),
 (412,'LGM/JUN LERION','CANDIJAY, BOHOL','','dealer',0.00,1),
 (413,'LIDING BONILLA','SIQUEJOR/TAGBILARAN BOHOL','','dealer',0.00,1),
 (414,'LIGHT TRADING','LOON, BOHOL','','dealer',0.00,1),
 (415,'LINA DIEZ','MARIBOJOC,Bohol','','dealer',0.00,1),
 (416,'LINA NACOMA','DAUIS, BOHOL','','consumer',0.00,1),
 (417,'LINETH TRABAJO','TAGBILARAN CITY, BOHOL','','consumer',0.00,1),
 (418,'LINO TUASOC STORE','BAANG, CATIGBIAN, BOHOL','','dealer',0.00,1),
 (419,'LIPANA','VALENCIA, BOHOL','','consumer',0.00,1),
 (420,'LIT-LIT MANGARON','CATAGBACAN, LOON, BOHOL','','dealer',0.00,1),
 (421,'LIWAY','LOON, BOHOL','','dealer',0.00,1),
 (422,'LOLAY MASIONA','BAANG, CATIGBIAN, BOHOL','','dealer',0.00,1),
 (423,'LOLITA GALLETO','DAGOHOY, BOHOL','','dealer',0.00,1),
 (424,'LOLONG POMBO','DUERO, BOHOL','','consumer',0.00,1),
 (425,'LOLOY BAGUIO','LOBOC,Bohol','','dealer',0.00,1),
 (426,'LOLOY CELERES','CANDIJAY, BOHOL','','dealer',0.00,1),
 (427,'LOLOY FUENTES','TAGBILARAN, BOHOL','','dealer',0.00,1),
 (428,'LOLOY PALMA','CANDIJAY, BOHOL','','dealer',0.00,1),
 (429,'LOPEZ ','PILAR, BOHOL','','dealer',0.00,1),
 (430,'LOQUIAS','TAGBILARAN CITY, BOHOL','','dealer',0.00,1),
 (431,'LORENE TEJANO','BAANG, CATIGBIAN, BOHOL','','dealer',0.00,1),
 (432,'LORENZO MANTE','SAN-ISIDRO, BOHOL','','dealer',0.00,1),
 (433,'LORETE','SAN MIGUEL, BOHOL','','dealer',0.00,1),
 (434,'LORNA LAGOS','MABINI, BOHOL','','dealer',0.00,1),
 (435,'LOT-LOT BUDLONG','SAN-ISIDRO, TAGBILARAN','','dealer',0.00,1),
 (436,'LUCAS REFUGIO','SAN MIGUEL, BOHOL','','consumer',0.00,1),
 (437,'LUCERO','MABINI, BOHOL','','dealer',0.00,1),
 (438,'LUCIANO ACEBES','JAGNA, BOHOL','','consumer',0.00,1),
 (439,'LUMIE CARIO','CARMEN, BOHOL','','consumer',0.00,1),
 (440,'LUMIGUID','SAN-ISIDRO, BOHOL','','consumer',0.00,1),
 (441,'LUNA','MARIBOJOC, BOHOL','','dealer',0.00,1),
 (442,'LUNGAY','CORTES, BOHOL','','dealer',0.00,1),
 (443,'LUSICA','PILAR, BOHOL','','dealer',0.00,1),
 (444,'LUSITA MAGHINAY','TAGBILARAN CITY, BOHOL','','dealer',0.00,1),
 (445,'LUZ LARANIO','PANGLAO, BOHOL','','dealer',0.00,1),
 (446,'LUZ YBAÑEZ','TAGBILARAN CITY, BOHOL','','dealer',0.00,1),
 (447,'LUZON','TAGBILARAN CITY, BOHOL','','consumer',0.00,1),
 (448,'MABEL\'S ','TAGBILARAN CITY, BOHOL','','consumer',0.00,1),
 (449,'MACABODBOD','SAGBAYAN, BOHOL','','dealer',0.00,1),
 (450,'MACARAYAN','CANDIJAY, BOHOL','','dealer',0.00,1),
 (451,'MAGHUYOP','SIKATUNA, BOHOL','','consumer',0.00,1),
 (452,'MAGLAJUS','TAGBILARAN CITY, BOHOL','','dealer',0.00,1),
 (453,'MAGNA','POBLACION, MARIBOJOC, BOHOL','','dealer',0.00,1),
 (454,'MALACION','ANTEQUERA, BOHOL','','consumer',0.00,1),
 (455,'MALALIS','LOAY, BOHOL','','dealer',0.00,1),
 (456,'MALANOG','CORELLA, BOHOL','','consumer',0.00,1),
 (457,'MALUENDA','TAGBILARAN, BOHOL','','consumer',0.00,1),
 (458,'MANAGUING','LOBOC, BOHOL','','dealer',0.00,1),
 (459,'MANANGUIT','MARIBOJOC, BOHOL','','dealer',0.00,1),
 (460,'MANUEL ROSALES','D.A SIERRA-BULLONES','','consumer',0.00,1),
 (461,'MARCELINA \"CELING\" MALOTO','ALBUR, BOHOL','','dealer',0.00,1),
 (462,'MARCOS PERSEGAS','SAN MIGUEL, BOHOL','','consumer',0.00,1),
 (463,'MARETO GENOSAS','LOAY, BOHOL','','dealer',0.00,1),
 (464,'MARFE CONDRING','LOBOC, BOHOL','','dealer',0.00,1),
 (465,'MARGARITA CORITICO','LOON, BOHOL','','consumer',0.00,1),
 (466,'MARIA INTE','TAGBILARAN CITY, BOHOL','','dealer',0.00,1),
 (467,'MARICEL CUNADO','CANDIJAY, BOHOL','','dealer',0.00,1),
 (468,'MARICEL ROSLINDA','MAHAYAG, DAGOHOY, BOHOL','','dealer',0.00,1),
 (469,'MARICEL TIROL','TAGBILARAN CITY, BOHOL','','dealer',0.00,1),
 (470,'MARILOU ABARADO','LILA, BOHOL','','dealer',0.00,1),
 (471,'MARILYN OLAIVAR','MABINI, BOHOL','','dealer',0.00,1),
 (472,'MARINA ARCAMO','BACLAYON, BOHOL','','consumer',0.00,1),
 (473,'MARINA FABORADA','CORTES, BOHOL','','consumer',0.00,1),
 (474,'MARINETH FERNANDEZ','TRINIDAD, BOHOL','','',0.00,1),
 (475,'MARIO GALESA','TAGBILARAN CITY, BOHOL','','consumer',0.00,1),
 (476,'MARIVIC BANSALAO','COGTONG, CANDIJAY, BOHOL','','dealer',0.00,1),
 (477,'MARIVIC CABASAR','TRIPLE UNION, CATIGBIAN, BOHOL','','dealer',0.00,1),
 (478,'MARK AMORA STORE','CANDIJAY, BOHOL','','dealer',0.00,1),
 (479,'MARLIS STORE','CONCEPCION, MABINI','','dealer',0.00,1),
 (480,'MARLYN DOBLADOS','MARIBOJOC, BOHOL','','dealer',0.00,1),
 (481,'MARLYN GALGO','JAGNA, BOHOL','','dealer',0.00,1),
 (482,'MARLYN TAN','CORTES, BOHOL','','dealer',0.00,1),
 (483,'MARTHA IGANG','TAGBILARAN, BOHOL','','consumer',0.00,1),
 (484,'MARTIN ALCANO','DAUIS, BOHOL','','consumer',0.00,1),
 (485,'MARTINA PAÑA','BALILIHAN, BOHOL','','dealer',0.00,1),
 (486,'MARY ANN MANGAUANG','BILAR, BOHOL','','dealer',0.00,1),
 (487,'MARY CASTRODES','GUINDULMAN, BOHOL','','dealer',0.00,1),
 (488,'MARY FAITH PENALES','DAUIS, BOHOL','','dealer',0.00,1),
 (489,'MARY OCOT','ALBUR, BOHOL','','dealer',0.00,1),
 (490,'MAYA OPADA','DAUIS, BOHOL','','dealer',0.00,1),
 (491,'MAYETH MISSION','TAGBILARAN CITY, BOHOL','','dealer',0.00,1),
 (492,'MAYOR BERT SALINAS','CATIGBIAN, BOHOL','','consumer',0.00,1),
 (493,'MAYOR BONGGALOS','DAUIS, BOHOL','','dealer',0.00,1),
 (494,'MAYOR JOSE ELLORIMO','SIKATUNA, BOHOL','','consumer',0.00,1),
 (495,'MAYOR PALACIO','BILAR, BOHOL','','consumer',0.00,1),
 (496,'MAZAL TOV STORE','ALBUR, BOHOL','','dealer',0.00,1),
 (497,'MEDIE STORE','DAGOHOY, BOHOL','','dealer',0.00,1),
 (498,'MELEN STORE','SAN-ISIDRO DST., TAGBILARAN CITY, BOHOL','','dealer',0.00,1),
 (499,'MELINA ( BB ) TUTOR','CANDIJAY, BAHOL','','dealer',0.00,1),
 (500,'MELLY DOLOGAN','DAUIS, BOHOL','','dealer',0.00,1),
 (501,'MEÑOSA','BATUAN, BOHOL','','dealer',0.00,1),
 (502,'MERCY FUEGO','PANGLAO, BOHOL','','dealer',0.00,1),
 (503,'MERCY PUGIO','SIERRA, BULLONES','','dealer',0.00,1),
 (504,'MERENCILLO','SAN ISIDRO, BOHOL','','dealer',0.00,1),
 (505,'MERLINDA MENDEZ','CANDIJAY, BOHOL','','dealer',0.00,1),
 (506,'MERLINDA TADENA','JAGNA, BOHOL','','dealer',0.00,1),
 (507,'MERTING MONTESCO','SAN ISIDRO, TAGBILARAN','','consumer',0.00,1),
 (508,'MIAH  STORE','ALBUR, BOHOL','','dealer',0.00,1),
 (509,'MICHAEL MANTE','SAN ISIDRO, BOHOL','','consumer',0.00,1),
 (510,'MILLA DENAMPO','MARIVILES, DAUIS, BOHOL','','dealer',0.00,1),
 (511,'MIMI CONCHA-MORGIA','SAN MIGUEL, BOHOL','','consumer',0.00,1),
 (512,'MITCHELLE OPACO','TAWALA, PANGLAO, BOHOL','','dealer',0.00,1),
 (513,'ML AGRIVET C/O JASON TAGAAN','','','dealer',0.00,1),
 (514,'MORALA','DAUIS, BOHOL','','dealer',0.00,1),
 (515,'MYLIN EUSEÑA','SEVILLA, BOHOL','','dealer',0.00,1),
 (516,'MYRA MAGKALAYO','CANDIJAY, BOHOL','','consumer',0.00,1),
 (517,'NABIE OCLIDA','SAN-ISIDRO, PILAR, BOHOL','','dealer',0.00,1),
 (518,'NAGSULAY ','LILA, BOHOL','','dealer',0.00,1),
 (519,'NANCY STORE','LAPAZ, CORTEZ, BOHOL','','dealer',0.00,1),
 (520,'NANDING CUYNO','UBAY, BOHOL','','consumer',0.00,1),
 (521,'NARDO MALNEGRO','SAN MIGUEL, BOHOL','','dealer',0.00,1),
 (522,'NARDS STORE','ANTEQUERA, BOHOL','','dealer',0.00,1),
 (523,'NARRAGA','SAN ISIDRO, BOHOL','','consumer',0.00,1),
 (524,'NAWIN BAYRON','CANDIJAY, BOHOL','','dealer',0.00,1),
 (525,'NELLY LAMOSTE','CARMEN, BOHOL','','dealer',0.00,1),
 (526,'NEMAR SUMALINOG','CORTES, BOHOL','','consumer',0.00,1),
 (527,'NENA ALE','BALILIHAN, BOHOL','','consumer',0.00,1),
 (528,'NENE DIEZ','HANOPOL, BALILIHAN, BOHOL','','consumer',0.00,1),
 (529,'NENE EKAT','CARMEN, BOHOL','','dealer',0.00,1),
 (530,'NENENG BARRETE','TAGBILARAN CITY, BOHOL','','dealer',0.00,1),
 (531,'NERIO OLAJAY','MABINI, BOHOL','','consumer',0.00,1),
 (532,'NGUHO AGRIVET','TAGBILARAN CITY, BOHOL','','dealer',0.00,1),
 (533,'NICE STORE','TAGBILARAN CITY, BOHOL','','dealer',0.00,1),
 (534,'NICK CAJETAS','CANDIJAY, BOHOL','','dealer',0.00,1),
 (535,'NICK STORE','PILAR, BOHOL','','dealer',0.00,1),
 (536,'NITA PISCOS','LOON, BOHOL','','dealer',0.00,1),
 (537,'NIZA CAGULADA','ALBUR, BOHOL','','consumer',0.00,1),
 (538,'NOEL DACULA','CATIGBIAN, BOHOL','','consumer',0.00,1),
 (539,'NOEL STORE','CONCEPCION, MABINI','','dealer',0.00,1),
 (540,'NONOL SOMBRIO','LOON, BOHOL','','dealer',0.00,1),
 (541,'NONOY SENTORIAS','LIBHO, SIKATUNA, BOHOL','','dealer',0.00,1),
 (542,'NOREEN CALOPE','DEL CARMEN WEST, BALILIHAN, BOHOL','','dealer',0.00,1),
 (543,'NUTRIMART CARMEN','CARMEN, BOHOL','','dealer',0.00,1),
 (544,'NUTRIMART UBAY','UBAY, BOHOL','','dealer',0.00,1),
 (545,'OBET BATOLANON','POBLACION WEST PUROK 7, CATIGBIAN, BOHOL','','dealer',0.00,1),
 (546,'OBISPO','DAUIS, BOHOL','','consumer',0.00,1),
 (547,'OCHOCO','CORELLA, BOHOL','','consumer',0.00,1),
 (548,'OGIS CEJUDO','MANGA DISTRICT, TABILARAN CITY, BOHOL','','dealer',0.00,1),
 (549,'OLASO STORE / TATA','CANDIJAY, BOHOL','','dealer',0.00,1),
 (550,'OMAMALIN STORE','DAGOHOY, BOHOL','','dealer',0.00,1),
 (551,'ONDOY LIM','VALENCIA BAHOL','','dealer',0.00,1),
 (552,'ONDOY PIZAÑA','CANDIJAY, BOHOL','','dealer',0.00,1),
 (553,'ONIE LOSADA','DAGOHOY,Bohol','','consumer',0.00,1),
 (554,'ORLANDO LAJOT','TAGBILARAN CITY, BOHOL','','consumer',0.00,1),
 (555,'OSCAR ARCELLA','GARCIA, BOHOL','','dealer',0.00,1),
 (556,'P AND B COMMERCIAL','POB, SAN MIGUEL, BOHOL','','dealer',0.00,1),
 (557,'PAGSISIHAN','CATIGBIAN, BOHOL','','dealer',0.00,1),
 (558,'PAHANG','TAGBILARAN CITY, BOHOL','','dealer',0.00,1),
 (559,'PALDA STORE','TINAGO, DAUIS, BOHOL','','dealer',0.00,1),
 (560,'PALEN STORE','LOBOC, BOHOL','','dealer',0.00,1),
 (561,'PAME','ALBUR, BOHOL','','dealer',0.00,1),
 (562,'PANDAN','CORELLA, BOHOL','','dealer',0.00,1),
 (563,'PANDOL COOP','CORELLA, BOHOL','','dealer',0.00,1),
 (564,'PAPIAS, JAYOMA','MABINI, BOHOL','','dealer',0.00,1),
 (565,'PARKSIDE GEN. MDSE','POB. SIERRA, BULLONES','','dealer',0.00,1),
 (566,'PATI ABUEVA','MABINI, BOHOL','','dealer',0.00,1),
 (567,'PAUL ALAS','TAGBILARAN CITY, BOHOL','','dealer',0.00,1),
 (568,'PAUL CORAJE','TAGBILARAN, BOHOL','','dealer',0.00,1),
 (569,'PELIGRINO','GUINDULMAN, BOHOL','','dealer',0.00,1),
 (570,'PEOPLE','MARIBOJOC, BOHOL','','dealer',0.00,1),
 (571,'PERLA CAGAMPANG','HINLAYAGAN ILAYA, TRINIDAD (BOUNDERY)','','dealer',0.00,1),
 (572,'PETH BAJO','JAGNA, BOHOL','','dealer',0.00,1),
 (573,'PILING STORE','SIKATUNA, BOHOL','','dealer',0.00,1),
 (574,'PILITA BARAJAN','LAPAZ. CORTES, BOHOL','','dealer',0.00,1),
 (575,'PINLAC','TAGBILARAN CITY, BOHOL','','dealer',0.00,1),
 (576,'PIOC STORE','MABINI, BOHOL','','dealer',0.00,1),
 (577,'PITO BORJA','DAUIS, BOHOL','','consumer',0.00,1),
 (578,'PLANOS','DAGOHOY, BOHOL','','dealer',0.00,1),
 (579,'POJADAS','BALILIHAN, BOHOL','','dealer',0.00,1),
 (580,'POMPIA APOSTOL','SAN MIGUEL, BOHOL','','dealer',0.00,1),
 (581,'PONCIANO SUMAMPONG','BATUAN, BOHOL','','dealer',0.00,1),
 (582,'PRECILLA STORE','TAGBILARAN CITY, BOHOL','','dealer',0.00,1),
 (583,'PRESLEE AGRIVET','SAN MIGUEL, BOHOL','','dealer',0.00,1),
 (584,'PRG STORE','GARCIA, BOHOL','','dealer',0.00,1),
 (585,'PRINCESS STORE','MARIBOJOC, BOHOL','','dealer',0.00,1),
 (586,'PUAGANG','TAGBILARAN,Bohol','','dealer',0.00,1),
 (587,'PUTOL','ANTEQUERA,Bohol','','dealer',0.00,1),
 (588,'QUIÑO','BALILIHAN, BOHOL','','dealer',0.00,1),
 (589,'QUIRINO SAMUYA','SAN ISIDRO, BOHOL','','dealer',0.00,1),
 (590,'QUIRLY MANTE','SAN ISIDRO, BOHOL','','dealer',0.00,1),
 (591,'RAFFIÑAN','BILAR, BOHOL','','dealer',0.00,1),
 (592,'RAMIL BONGABONG','LOBOC, BOHOL','','dealer',0.00,1),
 (593,'RAMIL/JOCELYN MADRIGAL','CANDANAS ,GARCIA, BOHOL','','dealer',0.00,1),
 (594,'RAMYER','DAUIS, BOHOL','','dealer',0.00,1),
 (595,'RANIE CAGULADA','VALENCIA, BOHOL','','dealer',0.00,1),
 (596,'RAUL LACEA','PILAR, BOHOL','','dealer',0.00,1),
 (597,'REFUGIO STORE','SAN MIGUEL, BOHOL','','dealer',0.00,1),
 (598,'REMEGIO ABUCIJO','GARCIA, BOHOL','','dealer',0.00,1),
 (599,'REMORERAS','LOON, BOHOL','','dealer',0.00,1),
 (600,'REQUILLO STORE','HANOPOL, BALILIHAN, BOHOL','','dealer',0.00,1),
 (601,'REQUINA ALMA','LOON, BOHOL','','dealer',0.00,1),
 (602,'RESTY CABALLERO','BILAR, BOHOL','','dealer',0.00,1),
 (603,'REX RENTOMA','LOBOC, BOHOL ','','dealer',0.00,1),
 (604,'REY \"TATA\" GEMENTIZA','CATIGBIAN, BOHOL','','dealer',0.00,1),
 (605,'REY GO','DAUIS, BOHOL','','consumer',0.00,1),
 (606,'REY HILAGA','UBAY, BOHOL','','dealer',0.00,1),
 (607,'REY PANIZA','JAGNA, BOHOL','','consumer',0.00,1),
 (608,'REY RAMOS','BACLAYON, BOHOL','','consumer',0.00,1),
 (609,'RICALDE','CORELLA, BOHOL','','consumer',0.00,1),
 (610,'RICARDA LOTTO','CANDIJAY, BOHOL','','dealer',0.00,1),
 (611,'RICHARD SISON','SAN MIGUEL, BOHOL','','dealer',0.00,1),
 (612,'RINA DIGAL','SEVILLA, BOHOL','','dealer',0.00,1),
 (613,'RITA STORE','PANGLAO, BOHOL','','dealer',0.00,1),
 (614,'ROEL DACULA','CATIGBIAN, BOHOL','','consumer',0.00,1),
 (615,'ROEL REFUGIO','MAHAYAG, BOHOL','','dealer',0.00,1),
 (616,'ROGELIO BUTRON','S-BULLONES','','dealer',0.00,1),
 (617,'ROGER HERMOSA','DAUIS, BOHOL','','dealer',0.00,1),
 (618,'ROLANDO NAVARRO','TAGBILARAN CITY, BOHOL','','consumer',0.00,1),
 (619,'ROLDAN EBAJAY','CAN-AGONG, SIKATUNA, BOHOL','','consumer',0.00,1),
 (620,'RONIE DAMPOG','TAGBILARAN CITY, BOHOL','','dealer',0.00,1),
 (621,'RONIE LANAJA','CORELLA, BOHOL','','consumer',0.00,1),
 (622,'ROSAL AGRIVET / CHRISTINE UNIVET','CAMIGIN','','dealer',0.00,1),
 (623,'ROSE AGRIVET','BILAR, BOHOL','','dealer',0.00,1),
 (624,'ROWENA SENDO','CATIGBIAN, BOHOL','','dealer',0.00,1),
 (625,'RUBEN BALISTOY','TAGBILARAN CITY, BOHOL','','consumer',0.00,1),
 (626,'RUBENIAL','SEVILLA, BOHOL','','dealer',0.00,1),
 (627,'RUBILLAR','TAGBILARAN, BOHOL','','dealer',0.00,1),
 (628,'RUDING LIM','TAGBILARAN CITY, BOHOL','','consumer',0.00,1),
 (629,'RUDY LASCOÑA','LOON, BOHOL','','dealer',0.00,1),
 (630,'RUDY TAYABAS','BALILIHAN, BOHOL','','dealer',0.00,1),
 (631,'RUDYLYN STORE','LOBOC, BOHOL','','dealer',0.00,1),
 (632,'RUFINA RANAY','GARCIA, BOHOL','','dealer',0.00,1),
 (633,'RUJEBEL STORE','TAGBILARAN CITY, BOHOL','','dealer',0.00,1),
 (634,'RULE','SIKATUNA, BOHOL','','dealer',0.00,1),
 (635,'SALMASAN STORE','BICAO, CARMEN, BOHOL','','dealer',0.00,1),
 (636,'SAMSON SIA','TAGBILARAN CITY, BOHOL','','dealer',0.00,1),
 (637,'SAN ISIDRO FARMER\'S','SAN ISIDRO, BOHOL','','consumer',0.00,1),
 (638,'SAN MIGUEL AGRIVET','SAN MIGUEL, BOHOL','','dealer',0.00,1),
 (639,'SARAH DEJARESCO','TAGBILARAN CITY, BOHOL','','dealer',0.00,1),
 (640,'SARWIN STORE','LILA, BOHOL','','dealer',0.00,1),
 (641,'SAYAS RESTAURANT','TAGBILARAN CITY, BOHOL','','dealer',0.00,1),
 (642,'SAYON','BILAR, BOHOL','','dealer',0.00,1),
 (643,'SEAN SEAN STORE','LIBAONG, PANGLAO, BOHOL','','dealer',0.00,1),
 (644,'SERGIA CELLASAY','GUINDULMAN, BOHOL','','dealer',0.00,1),
 (645,'SF MINIMART','LOON, BOHOL','','dealer',0.00,1),
 (646,'SHARON RANTE','DEL CARMEN WEST, BALILIHAN, BOHOL','','dealer',0.00,1),
 (647,'SHERWIN MEDINA','DAUIS, BOHOL','','dealer',0.00,1),
 (648,'SM MINIMART','DAGOHOY, BOHOL','','dealer',0.00,1),
 (649,'SOFRING LACEA','LOBOC, BOHOL','','consumer',0.00,1),
 (650,'SOLLY REYES','BALILIHAN, BOHOL','','dealer',0.00,1),
 (651,'SOTTO','CANDIJAY BOHOL','','consumer',0.00,1),
 (652,'STEPHEN COTEJO','TAGBILARAN BOHOL','','dealer',0.00,1),
 (653,'STG MILLING','CALAPE BOHOL','','dealer',0.00,1),
 (654,'STO. NIÑO AGRIVET','VALENCIA, BOHOL','','dealer',0.00,1),
 (655,'SUSAN GUIOGUIO','PANGLAO, BOHOL','','dealer',0.00,1),
 (656,'SUSAN REDULLA','TAGBILARAN CITY, BOHOL','','dealer',0.00,1),
 (657,'TACCECO','TAGBILARAN CITY,Bohol','','consumer',0.00,1),
 (658,'TANJO','BACLAYON, BOHOL','','consumer',0.00,1),
 (659,'TARAY','ANTIQUERA, BOHOL','','dealer',0.00,1),
 (660,'TARCO OLAIZ','CANDIJAY, BOHOL','','consumer',0.00,1),
 (661,'TATA ARAUSA','CARMEN, BOHOL','','consumer',0.00,1),
 (662,'TATA FUERTES','BILAR, BOHOL','','consumer',0.00,1),
 (663,'TATA ROMARATE','MARIBOJOC, BOHOL','','dealer',0.00,1),
 (664,'TAYONA GEN. MDSE.','BILAR,Bohol','','dealer',0.00,1),
 (665,'TEMIO TADLE','TAGBILARAN CITY, BOHOL','','consumer',0.00,1),
 (666,'TERESA SIMBAJON','DAGOHOY, BOHOL ','','dealer',0.00,1),
 (667,'TERESITA SIMBAJON','CANDIJAY, BOHOL','','dealer',0.00,1),
 (668,'TESSIE PAG-ONG / CEMPRON','TAGBILARAN CITY, BOHOL','','dealer',0.00,1),
 (669,'THALIA STORE','MARIBOJOC,Bohol','','dealer',0.00,1),
 (670,'TINAMPAY','DAGOHOY, BOHOL','','dealer',0.00,1),
 (671,'TINDOY','DAUIS, BOHOL','','consumer',0.00,1),
 (672,'TINING MORGIA','SAN MIGUEL, BOHOL','','dealer',0.00,1),
 (673,'TITING NISTAL','DAUIS, BOHOL','','dealer',0.00,1),
 (674,'TJ TUBIO','DAUIS, BOHOL','','dealer',0.00,1),
 (675,'TOLETZ STORE','LOBOC, BOHOL','','dealer',0.00,1),
 (676,'TOLIO POJADAS','CATIGBIAN, BOHOL','','consumer',0.00,1),
 (677,'TONGCO','ANTEQUERA, BOHOL','','consumer',0.00,1),
 (678,'TORIA BARETE','TAGBILARAN CITY, BOHOL','','dealer',0.00,1),
 (679,'TOTO LAURONAL','ALEGRIA, CATIGBIAN, BOHOL','','dealer',0.00,1),
 (680,'TRAVELERS','BATUAN, BOHOL','','dealer',0.00,1),
 (681,'TRINING RAÑADA','JAGNA BOHOL','','dealer',0.00,1),
 (682,'TRIPLE F','CARMEN, BOHOL','','dealer',0.00,1),
 (683,'TRIPLE JOHN AGRIVET','SAN MIGUEL, BOHOL','','dealer',0.00,1),
 (684,'TRIPLE M','DUERO, BOHOL','','dealer',0.00,1),
 (685,'TRIPLE S','DAUIS, BOHOL','','dealer',0.00,1),
 (686,'TRUDY QUIJADA','DAUIS, BOHOL','','consumer',0.00,1),
 (687,'UTBO','BALILIHAN, BOHOL','','dealer',0.00,1),
 (688,'UTC','TAGBILARAN CITY, BOHOL','','dealer',0.00,1),
 (689,'VALENCIA BAKERY','VALENCIA, BOHOL','','dealer',0.00,1),
 (690,'VALLES','MABINI, BOHOL','','dealer',0.00,1),
 (691,'VARQUEZ','LOBOC, BOHOL','','dealer',0.00,1),
 (692,'VERGIE MILAY STORE','SIKATUNA, BOHOL','','dealer',0.00,1),
 (693,'VIC TRABAJO','TAGBILARAN CITY, BOHOL','','consumer',0.00,1),
 (694,'VICENTE BUSTOS','MABINI, BOHOL','','dealer',0.00,1),
 (695,'VICTOR ABANTAO AGRIVET','PILAR, BOHOL','','dealer',0.00,1),
 (696,'VICTOR JANDAYAN','CANDIJAY, BOHOL','','dealer',0.00,1),
 (697,'VICVIC','MARIBOJOC, BOHOL','','dealer',0.00,1),
 (698,'VILLANUEVA','TAGBILARAN CITY, BOHOL','','consumer',0.00,1),
 (699,'VILMA CABALLERO','CANDIJAY, BOHOL','','dealer',0.00,1),
 (700,'VIÑALON','JAGNA, BOHOL','','dealer',0.00,1),
 (701,'VIRGIE PASCO','LOAY, BOHOL','','dealer',0.00,1),
 (702,'VIRGIÑIA BANAC','BILAR, BOHOL','','dealer',0.00,1),
 (703,'VIRTUDAZO','GUINDULMAN, BOHOL','','dealer',0.00,1),
 (704,'VITA STORE','SAN ISIDRO, BOHOL','','dealer',0.00,1),
 (705,'VIVIAN EFONDO','LILA, BOHOL','','dealer',0.00,1),
 (706,'VIVIAN MALARAN','TAGBILARAN CITY, BOHOL','','consumer',0.00,1),
 (707,'VIVIAN TUYOR','MABINI, BOHOL','','dealer',0.00,1),
 (708,'WARHAWK STORE / AMBA','CAMPAGAO, BILAR, BOHOL','','dealer',0.00,1),
 (709,'WENNIE SEÑONG','MABINI, BOHOL','','consumer',0.00,1),
 (710,'WILLY LUBAY','CORTES, BOHOL','','consumer',0.00,1),
 (711,'WILMA AMITH','MABINI, BOHOL','','dealer',0.00,1),
 (712,'WILMER CORDENILLO','TAGBILARAN CITY BOHOL','','consumer',0.00,1),
 (713,'WL STORE','POB., MARIBOJOC, BOHOL','','dealer',0.00,1),
 (714,'WOK WOK DAUIS','DAUIS, BOHOL','','dealer',0.00,1),
 (715,'WOK-WOK AGORA','TAGBILARAN CITY, BOHOL','','dealer',0.00,1),
 (716,'WOK-WOK DAO','TAGBILARAN, BOHOL','','dealer',0.00,1),
 (717,'WOK-WOK JUSTICOR','TAGBILARAN, CITY BOHOL ','','dealer',0.00,1),
 (718,'WOKWOK MANGA','MANGA DISTRICT, TABILARAN CITY, BOHOL','','dealer',0.00,1),
 (719,'WOK-WOK PANGLAO','PANGLAO, BOHOL','','dealer',0.00,1),
 (720,'YADNI AGRIVET','CATIGBIAN, BOHOL','','dealer',0.00,1),
 (721,'YANING ALCALA','MANGA DIST, BOHOL','','consumer',0.00,1),
 (722,'YAN-YAN','ALICIA, BOHOL','','dealer',0.00,1),
 (723,'YDULZURA','DIMIAO, BOHOL','','dealer',0.00,1),
 (724,'YOL AMBAIC','JAGNA, BOHOL','','dealer',0.00,1),
 (725,'YOLLY CHIU','MARIBOJOC, BOHOL','','dealer',0.00,1),
 (726,'YOLLY CORSIGA','CANDIJAY, BOHOL','','consumer',0.00,1),
 (727,'YUSILLE MDSE','TAGBILARAN CITY, BOHOL','','dealer',0.00,1),
 (728,'Z AND T STORE','LOBOC, BOHOL','','dealer',0.00,1),
 (729,'ZAIDE CORITICO','LOON, BOHOL','','dealer',0.00,1),
 (730,'ZAMORA STORE','TAGBILARAN CITY, BOHOL','','dealer',0.00,1),
 (731,'ZENON LOMOD','CARMEN, LAPAZ','','consumer',0.00,1),
 (732,'ZENON TUMANDA','BACLAYON, BOHOL','','consumer',0.00,1),
 (733,'ZOSIMA GO','JAGNA, BOHOL','','dealer',0.00,1),
 (734,'cash','','','consumer',0.00,1),
 (735,'Walk in-tagbilaran','TAGBILARAN,Bohol','','consumer',0.00,1),
 (736,'AJ STORE /ABUCAY','MARIBOJOC,Bohol','','dealer',0.00,1),
 (737,'ROMEO OPPUS','BILAR,Bohol','','consumer',0.00,1),
 (738,'NAQUENAS','MARIBOJOC,Bohol','','dealer',0.00,1),
 (739,'TAMAYO','Manga,Bohol','','dealer',0.00,1),
 (740,'Store Retail','TAGBILARAN,Bohol','','consumer',0.00,1),
 (741,'Ramil','','','consumer',0.00,1),
 (742,'CSL TAGBILARAN','TAGBILARAN,Bohol','','dealer',0.00,1),
 (743,'OCON','','','consumer',0.00,1),
 (744,'CASH','','','consumer',0.00,1),
 (745,'BACLAYON AGRIVET','BACLAYON,Bohol','','dealer',0.00,1),
 (746,'CASH','','','consumer',0.00,1),
 (747,'ARBASTO','','','consumer',0.00,1),
 (748,'HEDELIZA IDO','GARCIA,Bohol','','dealer',0.00,1),
 (749,'BOYET LOBOC','LOBOC,Bohol','','consumer',0.00,1),
 (750,'MERLYN TAN','CORTES,Bohol','','dealer',0.00,1),
 (751,'LEO CAGAANAN','ANDA,Bohol','','consumer',0.00,1),
 (752,'CASH','','','consumer',0.00,1),
 (753,'ALVATEC','','','consumer',0.00,1),
 (754,'ACEDO','','','consumer',0.00,1),
 (755,'CORDENILLO','','','consumer',0.00,1),
 (756,'CASH','','','consumer',0.00,1),
 (757,'ARIEL SOLITO','BILAR,Bohol','','dealer',0.00,1),
 (758,'ELLY OLODIN','CARMEN,Bohol','','dealer',0.00,1),
 (759,'CERIACA GAMBE','DAGOHOY,Bohol','','dealer',0.00,1),
 (760,'RODRIGO BUÑAO','CARMEN,Bohol','','consumer',0.00,1),
 (761,'WACKY TAN','ALBUR,Bohol','','dealer',0.00,1),
 (762,'SALOMA','BACLAYON,Bohol','','dealer',0.00,1),
 (763,'NORMA EJOC','BILAR,Bohol','','dealer',0.00,1),
 (764,'CALAPE STOCKOUT','CALAPE,Bohol','','dealer',0.00,1),
 (765,'LITO','','','consumer',0.00,1),
 (766,'CASH','','','consumer',0.00,1),
 (767,'KELVIN','','','consumer',0.00,1),
 (768,'ALMARIO TAYONE','SEVILLA,Bohol','','consumer',0.00,1),
 (769,'RAMIREZ','','','consumer',0.00,1),
 (770,'CASH','','','consumer',0.00,1),
 (771,'CASH','','','consumer',0.00,1),
 (772,'CASH','','','consumer',0.00,1),
 (773,'CASH','','','consumer',0.00,1),
 (774,'RITA CHAVEZ','','','consumer',0.00,1);
/*!40000 ALTER TABLE `customers` ENABLE KEYS */;


--
-- Definition of table `customers_discount`
--

DROP TABLE IF EXISTS `customers_discount`;
CREATE TABLE `customers_discount` (
  `customers_id` int(10) unsigned NOT NULL DEFAULT '0',
  `discount_id` int(10) unsigned DEFAULT NULL,
  PRIMARY KEY (`customers_id`)
) ENGINE=InnoDB DEFAULT CHARSET=latin1;

--
-- Dumping data for table `customers_discount`
--

/*!40000 ALTER TABLE `customers_discount` DISABLE KEYS */;
/*!40000 ALTER TABLE `customers_discount` ENABLE KEYS */;


--
-- Definition of table `deleted_so`
--

DROP TABLE IF EXISTS `deleted_so`;
CREATE TABLE `deleted_so` (
  `sales_order_no` varchar(45) NOT NULL,
  `responsible_customer` int(10) unsigned DEFAULT NULL,
  `responsible_agent` int(10) unsigned DEFAULT NULL,
  `discount` double(10,2) NOT NULL,
  `grand_total` double(10,2) NOT NULL,
  `net_total` double(10,2) NOT NULL,
  `tendered_amount` double(10,2) DEFAULT NULL,
  `change` double(10,2) DEFAULT NULL,
  `delivery_date` datetime NOT NULL,
  `prepared_by` varchar(45) NOT NULL
) ENGINE=InnoDB DEFAULT CHARSET=latin1;

--
-- Dumping data for table `deleted_so`
--

/*!40000 ALTER TABLE `deleted_so` DISABLE KEYS */;
/*!40000 ALTER TABLE `deleted_so` ENABLE KEYS */;


--
-- Definition of table `discount`
--

DROP TABLE IF EXISTS `discount`;
CREATE TABLE `discount` (
  `discount_id` int(10) unsigned NOT NULL AUTO_INCREMENT,
  `discount_code` varchar(45) DEFAULT NULL,
  `discount_name` varchar(45) DEFAULT NULL,
  `amount` double(10,2) DEFAULT NULL,
  PRIMARY KEY (`discount_id`)
) ENGINE=InnoDB DEFAULT CHARSET=latin1;

--
-- Dumping data for table `discount`
--

/*!40000 ALTER TABLE `discount` DISABLE KEYS */;
/*!40000 ALTER TABLE `discount` ENABLE KEYS */;


--
-- Definition of table `inventory`
--

DROP TABLE IF EXISTS `inventory`;
CREATE TABLE `inventory` (
  `id` int(10) unsigned NOT NULL AUTO_INCREMENT,
  `item_id` int(11) DEFAULT NULL,
  `item_code` varchar(45) DEFAULT NULL,
  `beginning_balance` double(10,2) DEFAULT NULL,
  `ending_balance` double(10,2) DEFAULT NULL,
  `date` datetime DEFAULT NULL,
  PRIMARY KEY (`id`)
) ENGINE=InnoDB AUTO_INCREMENT=1447 DEFAULT CHARSET=latin1;

--
-- Dumping data for table `inventory`
--

/*!40000 ALTER TABLE `inventory` DISABLE KEYS */;
INSERT INTO `inventory` (`id`,`item_id`,`item_code`,`beginning_balance`,`ending_balance`,`date`) VALUES 
 (1,1,'CBM-25',0.00,0.00,'2012-08-06 09:21:12'),
 (2,2,'CBM-50',0.00,0.00,'2012-08-06 09:21:12'),
 (3,3,'CSM',0.00,0.00,'2012-08-06 09:21:12'),
 (4,4,'CGM',0.00,0.00,'2012-08-06 09:21:12'),
 (5,5,'CLM',0.00,0.00,'2012-08-06 09:21:12'),
 (6,6,'CLM-1(CUS)',0.00,0.00,'2012-08-06 09:21:12'),
 (7,7,'BSC',0.00,0.00,'2012-08-06 09:21:12'),
 (8,8,'BFC',0.00,0.00,'2012-08-06 09:21:12'),
 (9,9,'MILKO PLUS',0.00,0.00,'2012-08-06 09:21:12'),
 (10,10,'NSP',0.00,0.00,'2012-08-06 09:21:12'),
 (11,11,'NGP',10.00,10.00,'2012-08-06 09:21:12'),
 (12,12,'NBP',10.00,10.00,'2012-08-06 09:21:12'),
 (13,13,'PSP',0.00,0.00,'2012-08-06 09:21:12'),
 (14,14,'LSP',0.00,0.00,'2012-08-06 09:21:12'),
 (15,15,'PGP B',0.00,0.00,'2012-08-06 09:21:12'),
 (16,16,'PGP R',0.00,0.00,'2012-08-06 09:21:12'),
 (17,17,'NLB',0.00,0.00,'2012-08-06 09:21:12'),
 (18,18,'NLP',0.00,0.00,'2012-08-06 09:21:12'),
 (19,19,'HSC',0.00,0.00,'2012-08-06 09:21:12'),
 (20,20,'HGP',0.00,0.00,'2012-08-06 09:21:12'),
 (21,21,'HFP',0.00,0.00,'2012-08-06 09:21:12'),
 (22,22,'PDP SPECIAL',0.00,0.00,'2012-08-06 09:21:12'),
 (23,23,'PDP ORD',0.00,0.00,'2012-08-06 09:21:12'),
 (24,24,'PEP',0.00,0.00,'2012-08-06 09:21:12'),
 (25,25,'PPM',0.00,0.00,'2012-08-06 09:21:12'),
 (26,26,'PGM',0.00,0.00,'2012-08-06 09:21:12'),
 (27,27,'MEGA 1000',0.00,0.00,'2012-08-06 09:21:12'),
 (28,28,'MEGA 1000 CRAFT',0.00,0.00,'2012-08-06 09:21:12'),
 (29,29,'MEGA 2000',0.00,0.00,'2012-08-06 09:21:12'),
 (30,30,'MEGA 2000 CRAFT',0.00,0.00,'2012-08-06 09:21:12'),
 (31,31,'MEGA 3000 CRAFT',0.00,0.00,'2012-08-06 09:21:12'),
 (32,32,'FCP 4000',0.00,0.00,'2012-08-06 09:21:12'),
 (33,33,'FCP 4000 CRAFT',0.00,0.00,'2012-08-06 09:21:12'),
 (34,34,'ACE 5000 CRAFT',0.00,0.00,'2012-08-06 09:21:12'),
 (35,35,'TUFF M',0.00,0.00,'2012-08-06 09:21:12'),
 (36,36,'SLASHER TONE',0.00,0.00,'2012-08-06 09:21:12'),
 (37,37,'7 KINDS',0.00,0.00,'2012-08-06 09:21:12'),
 (38,38,'SPECIAL 16',0.00,0.00,'2012-08-06 09:21:12'),
 (39,39,'SLASHER   ',0.00,0.00,'2012-08-06 09:21:12'),
 (40,40,'C.CORN',0.00,0.00,'2012-08-06 09:21:12'),
 (41,41,'C.CORN F',0.00,0.00,'2012-08-06 09:21:12'),
 (42,42,'FCC-25',0.00,0.00,'2012-08-06 09:21:12'),
 (43,43,'PIGEON FANCY',0.00,0.00,'2012-08-06 09:21:12'),
 (44,44,'COCK MANNA',0.00,0.00,'2012-08-06 09:21:12'),
 (45,45,'JOCKEY OATS',0.00,0.00,'2012-08-06 09:21:12'),
 (46,46,'THB BOOSTER',0.00,0.00,'2012-08-06 09:21:12'),
 (47,47,'THB DEVELOPER',0.00,0.00,'2012-08-06 09:21:12'),
 (48,48,'THB DEVELOPER 4+',0.00,0.00,'2012-08-06 09:21:12'),
 (49,49,'THB ENERTONE',0.00,0.00,'2012-08-06 09:21:12'),
 (50,50,'THB PLATINUM',0.00,0.00,'2012-08-06 09:21:12'),
 (51,51,'THB FINISHER',0.00,0.00,'2012-08-06 09:21:12'),
 (52,52,'THB SUCCESOR',0.00,0.00,'2012-08-06 09:21:12'),
 (53,53,'MULTI GRAIN',0.00,0.00,'2012-08-06 09:21:12'),
 (54,54,'HI-LANDER',0.00,0.00,'2012-08-06 09:21:12'),
 (55,55,'GMP 1',0.00,0.00,'2012-08-06 09:21:12'),
 (56,56,'GMP 2',0.00,0.00,'2012-08-06 09:21:12'),
 (57,57,'GMP 3',0.00,0.00,'2012-08-06 09:21:12'),
 (58,58,'GMP 4',0.00,0.00,'2012-08-06 09:21:12'),
 (59,59,'FRY B',0.00,0.00,'2012-08-06 09:21:12'),
 (60,60,'FRY M',0.00,0.00,'2012-08-06 09:21:12'),
 (61,61,'GROUPER#1',0.00,0.00,'2012-08-06 09:21:12'),
 (62,62,'GROUPER#2',0.00,0.00,'2012-08-06 09:21:12'),
 (63,63,'GROUPER#3',0.00,0.00,'2012-08-06 09:21:12'),
 (64,64,'GROUPER#4',0.00,0.00,'2012-08-06 09:21:12'),
 (65,65,'GROUPER#5',0.00,0.00,'2012-08-06 09:21:12'),
 (66,66,'GROUPER#6',0.00,0.00,'2012-08-06 09:21:12'),
 (67,67,'GROUPER#7',0.00,0.00,'2012-08-06 09:21:12'),
 (68,68,'KOI 5MM',0.00,0.00,'2012-08-06 09:21:12'),
 (69,69,'KOI 7MM',0.00,0.00,'2012-08-06 09:21:12'),
 (70,70,'POMPANO#1',0.00,0.00,'2012-08-06 09:21:12'),
 (71,71,'POMPANO#2',0.00,0.00,'2012-08-06 09:21:12'),
 (72,72,'POMPANO#3',0.00,0.00,'2012-08-06 09:21:12'),
 (73,73,'POMPANO#4',0.00,0.00,'2012-08-06 09:21:12'),
 (74,74,'POMPANO#5',0.00,0.00,'2012-08-06 09:21:12'),
 (75,75,'PPS #1',0.00,0.00,'2012-08-06 09:21:12'),
 (76,76,'PPS #2',0.00,0.00,'2012-08-06 09:21:12'),
 (77,77,'PBC',0.00,0.00,'2012-08-06 09:21:12'),
 (78,78,'PBF',0.00,0.00,'2012-08-06 09:21:12'),
 (79,79,'PBG',0.00,0.00,'2012-08-06 09:21:12'),
 (80,80,'PBS',0.00,0.00,'2012-08-06 09:21:12'),
 (81,81,'PMC',0.00,0.00,'2012-08-06 09:21:12'),
 (82,82,'RFF',0.00,0.00,'2012-08-06 09:21:12'),
 (83,83,'RFG',0.00,0.00,'2012-08-06 09:21:12'),
 (84,84,'RF-PRE',0.00,0.00,'2012-08-06 09:21:12'),
 (85,85,'RFS',0.00,0.00,'2012-08-06 09:21:12'),
 (86,86,'SNAPPER#3',0.00,0.00,'2012-08-06 09:21:12'),
 (87,87,'SNAPPER#4',0.00,0.00,'2012-08-06 09:21:12'),
 (88,88,'SNAPPER#7',0.00,0.00,'2012-08-06 09:21:12'),
 (89,89,'SBF-AQUA',0.00,0.00,'2012-08-06 09:21:12'),
 (90,90,'SBF ',0.00,0.00,'2012-08-06 09:21:12'),
 (91,91,'SBG-AQUA ',0.00,0.00,'2012-08-06 09:21:12'),
 (92,92,'SBG ',0.00,0.00,'2012-08-06 09:21:12'),
 (93,93,'SBS',0.00,0.00,'2012-08-06 09:21:12'),
 (94,94,'STS-PRE',0.00,0.00,'2012-08-06 09:21:12'),
 (95,95,'VANNAMIE#1',0.00,0.00,'2012-08-06 09:21:12'),
 (96,96,'VANNAMIE#2',0.00,0.00,'2012-08-06 09:21:12'),
 (97,97,'VANNAMIE#3',0.00,0.00,'2012-08-06 09:21:12'),
 (98,98,'ADI-R.',0.00,0.00,'2012-08-06 09:21:12'),
 (99,99,'AJUNE-R.',0.00,0.00,'2012-08-06 09:21:12'),
 (100,100,'BENG-R.(W)',0.00,0.00,'2012-08-06 09:21:12'),
 (101,101,'BENG-R.(Y)',0.00,0.00,'2012-08-06 09:21:12'),
 (102,102,'BIG-B',0.00,0.00,'2012-08-06 09:21:12'),
 (103,103,'BUKID-R.',0.00,0.00,'2012-08-06 09:21:12'),
 (104,104,'CANDICE-R.',0.00,0.00,'2012-08-06 09:21:12'),
 (105,105,'CHRISTINE-B',0.00,0.00,'2012-08-06 09:21:12'),
 (106,106,'CHRISTINE-R.',0.00,0.00,'2012-08-06 09:21:12'),
 (107,107,'CORONA-R.',0.00,0.00,'2012-08-06 09:21:12'),
 (108,108,'CROWN-R.',0.00,0.00,'2012-08-06 09:21:12'),
 (109,109,'CUPID-R.',0.00,0.00,'2012-08-06 09:21:12'),
 (110,110,'DIDI-R.',0.00,0.00,'2012-08-06 09:21:12'),
 (111,111,'GOLDEN-K',0.00,0.00,'2012-08-06 09:21:12'),
 (112,112,'HONEY(W)',0.00,0.00,'2012-08-06 09:21:12'),
 (113,113,'HONEY(Y)',0.00,0.00,'2012-08-06 09:21:12'),
 (114,114,'LORENCE-R.',0.00,0.00,'2012-08-06 09:21:12'),
 (115,115,'MASKARA-R.',0.00,0.00,'2012-08-06 09:21:12'),
 (116,116,'MAX-R.',0.00,0.00,'2012-08-06 09:21:12'),
 (117,117,'NFA(PLAIN)',0.00,0.00,'2012-08-06 09:21:12'),
 (118,118,'NFA(W/IRON)',0.00,0.00,'2012-08-06 09:21:12'),
 (119,119,'PIÑA-R.',0.00,0.00,'2012-08-06 09:21:12'),
 (120,120,'PLAIN-R.',0.00,0.00,'2012-08-06 09:21:12'),
 (121,121,'PLAIN-R(B)',0.00,0.00,'2012-08-06 09:21:12'),
 (122,122,'RED-R.',0.00,0.00,'2012-08-06 09:21:12'),
 (123,123,'RM-R.',0.00,0.00,'2012-08-06 09:21:12'),
 (124,124,'ROYALC-R.',0.00,0.00,'2012-08-06 09:21:12'),
 (125,125,'RPG-R.',0.00,0.00,'2012-08-06 09:21:12'),
 (126,126,'SNOWHITE-R.',0.00,0.00,'2012-08-06 09:21:12'),
 (127,127,'SUNRISE-R.',0.00,0.00,'2012-08-06 09:21:12'),
 (128,128,'TWINKLE-R.',0.00,0.00,'2012-08-06 09:21:12'),
 (129,129,'WATERD-R.',0.00,0.00,'2012-08-06 09:21:12'),
 (130,130,'WHITE-R.',0.00,0.00,'2012-08-06 09:21:12'),
 (131,131,'YUMMY-R.',0.00,0.00,'2012-08-06 09:21:12'),
 (132,132,'AI',0.00,0.00,'2012-08-06 09:21:12'),
 (133,133,'BUGGING-C',0.00,0.00,'2012-08-06 09:21:12'),
 (134,134,'CLAYPOT',0.00,0.00,'2012-08-06 09:21:12'),
 (135,135,'COCKBOX(D)',0.00,0.00,'2012-08-06 09:21:12'),
 (136,136,'COCKBOX(S)',0.00,0.00,'2012-08-06 09:21:12'),
 (137,137,'CORD-L',0.00,0.00,'2012-08-06 09:21:12'),
 (138,138,'CORD-M',0.00,0.00,'2012-08-06 09:21:12'),
 (139,139,'CORD-S',0.00,0.00,'2012-08-06 09:21:12'),
 (140,140,'EURO10ML',0.00,0.00,'2012-08-06 09:21:12'),
 (141,141,'FEEDER-C',0.00,0.00,'2012-08-06 09:21:12'),
 (142,142,'FEEDER-L',0.00,0.00,'2012-08-06 09:21:12'),
 (143,143,'HYPO15X1/12',0.00,0.00,'2012-08-06 09:21:12'),
 (144,144,'HYPO16X1',0.00,0.00,'2012-08-06 09:21:12'),
 (145,145,'HYPO17X1',0.00,0.00,'2012-08-06 09:21:12'),
 (146,146,'HYPO17X1(1/2)',0.00,0.00,'2012-08-06 09:21:12'),
 (147,147,'HYPO18',0.00,0.00,'2012-08-06 09:21:12'),
 (148,148,'HYPO18X1/2',0.00,0.00,'2012-08-06 09:21:12'),
 (149,149,'HYPO20',0.00,0.00,'2012-08-06 09:21:12'),
 (150,150,'HYPO20X1/2',0.00,0.00,'2012-08-06 09:21:12'),
 (151,151,'HYPO21X1/2',0.00,0.00,'2012-08-06 09:21:12'),
 (152,152,'HYPO22',0.00,0.00,'2012-08-06 09:21:12'),
 (153,153,'HYPO22X1/2',0.00,0.00,'2012-08-06 09:21:12'),
 (154,154,'HYPO23',0.00,0.00,'2012-08-06 09:21:12'),
 (155,155,'NIPPLE(B)',0.00,0.00,'2012-08-06 09:21:12'),
 (156,156,'NIPPLE(S)',0.00,0.00,'2012-08-06 09:21:12'),
 (157,157,'PANIIL',0.00,0.00,'2012-08-06 09:21:12'),
 (158,158,'PLASLOT(P)',0.00,0.00,'2012-08-06 09:21:12'),
 (159,159,'PLASLOT(S)',0.00,0.00,'2012-08-06 09:21:12'),
 (160,160,'RUB',0.00,0.00,'2012-08-06 09:21:12'),
 (161,161,'SCRAT 2KG',0.00,0.00,'2012-08-06 09:21:12'),
 (162,162,'SCRAT 3KG',0.00,0.00,'2012-08-06 09:21:12'),
 (163,163,'SEM',0.00,0.00,'2012-08-06 09:21:12'),
 (164,164,'SURG-B',0.00,0.00,'2012-08-06 09:21:12'),
 (165,165,'SYR10ML',0.00,0.00,'2012-08-06 09:21:12'),
 (166,166,'SYR1ML',0.00,0.00,'2012-08-06 09:21:12'),
 (167,167,'SYR2.5ML',0.00,0.00,'2012-08-06 09:21:12'),
 (168,168,'SYR3ML',0.00,0.00,'2012-08-06 09:21:12'),
 (169,169,'SYR5ML',0.00,0.00,'2012-08-06 09:21:12'),
 (170,170,'TEETHC',0.00,0.00,'2012-08-06 09:21:12'),
 (171,171,'WAT1/2(M)',0.00,0.00,'2012-08-06 09:21:12'),
 (172,172,'WAT1/4(S)',0.00,0.00,'2012-08-06 09:21:12'),
 (173,173,'WAT1GAL',0.00,0.00,'2012-08-06 09:21:12'),
 (174,174,'AGME-2G(PCS)',0.00,0.00,'2012-08-06 09:21:12'),
 (175,175,'AGMEC-5G(S)',0.00,0.00,'2012-08-06 09:21:12'),
 (176,176,'AGMEC-5G(B)',0.00,0.00,'2012-08-06 09:21:12'),
 (177,177,'AMBROX-5G(S)',0.00,0.00,'2012-08-06 09:21:12'),
 (178,178,'AMBROX-5G(B)',0.00,0.00,'2012-08-06 09:21:12'),
 (179,179,'AMOXI(PCS)',0.00,0.00,'2012-08-06 09:21:12'),
 (180,180,'AMOXT5G(PCS)',0.00,0.00,'2012-08-06 09:21:12'),
 (181,181,'AMOXT-5G(B)',0.00,0.00,'2012-08-06 09:21:12'),
 (182,182,'AMTYL(PCS)',0.00,0.00,'2012-08-06 09:21:12'),
 (183,183,'AMTYL(BOX)',0.00,0.00,'2012-08-06 09:21:12'),
 (184,184,'ANIM10ML',0.00,0.00,'2012-08-06 09:21:12'),
 (185,185,'APRA1KG',0.00,0.00,'2012-08-06 09:21:12'),
 (186,186,'APRA6G(PCS)',0.00,0.00,'2012-08-06 09:21:12'),
 (187,187,'APRA6G(B)',0.00,0.00,'2012-08-06 09:21:12'),
 (188,188,'AQUAD5G(S)',0.00,0.00,'2012-08-06 09:21:12'),
 (189,189,'LIV',0.00,0.00,'2012-08-06 09:21:12'),
 (190,190,'ASTIG(PCS)',0.00,0.00,'2012-08-06 09:21:12'),
 (191,191,'ASTIG(B)',0.00,0.00,'2012-08-06 09:21:12'),
 (192,192,'AXYLIN5G(S)',0.00,0.00,'2012-08-06 09:21:12'),
 (193,193,'B12(AFFES)PCS.',0.00,0.00,'2012-08-06 09:21:12'),
 (194,194,'B12(AFFES)BOT.',0.00,0.00,'2012-08-06 09:21:12'),
 (195,195,'B12(LDI)PCS.',0.00,0.00,'2012-08-06 09:21:12'),
 (196,196,'B50(PCS)',0.00,0.00,'2012-08-06 09:21:12'),
 (197,197,'B50TABS(B)',0.00,0.00,'2012-08-06 09:21:12'),
 (198,198,'BACT100ML',0.00,0.00,'2012-08-06 09:21:12'),
 (199,199,'BACT10ML',0.00,0.00,'2012-08-06 09:21:12'),
 (200,200,'BAXISE6G(S)',0.00,0.00,'2012-08-06 09:21:12'),
 (201,201,'BAXITABS(B)',0.00,0.00,'2012-08-06 09:21:12'),
 (202,202,'BAXI7G(S)',0.00,0.00,'2012-08-06 09:21:12'),
 (203,203,'BAXI7G(B)',0.00,0.00,'2012-08-06 09:21:12'),
 (204,204,'BAXI25G(B)',0.00,0.00,'2012-08-06 09:21:12'),
 (205,205,'BAXI30G',0.00,0.00,'2012-08-06 09:21:12'),
 (206,206,'BAXI1KG(G)',0.00,0.00,'2012-08-06 09:21:12'),
 (207,207,'BAXISE6G(B)',0.00,0.00,'2012-08-06 09:21:12'),
 (208,208,'BAXITABS(PCS)',0.00,0.00,'2012-08-06 09:21:12'),
 (209,209,'B-COMP100ML',0.00,0.00,'2012-08-06 09:21:12'),
 (210,210,'BEE-P(B)',0.00,0.00,'2012-08-06 09:21:12'),
 (211,211,'BEE-P(PCS)',0.00,0.00,'2012-08-06 09:21:12'),
 (212,212,'BELA100ML',0.00,0.00,'2012-08-06 09:21:12'),
 (213,213,'BELA10ML',0.00,0.00,'2012-08-06 09:21:12'),
 (214,214,'BELA20ML',0.00,0.00,'2012-08-06 09:21:12'),
 (215,215,'BELA50ML',0.00,0.00,'2012-08-06 09:21:12'),
 (216,216,'BEXSP100ML',0.00,0.00,'2012-08-06 09:21:12'),
 (217,217,'BEXSP10ML',0.00,0.00,'2012-08-06 09:21:12'),
 (218,218,'BEXSP20ML',0.00,0.00,'2012-08-06 09:21:12'),
 (219,219,'BEXXP100ML',0.00,0.00,'2012-08-06 09:21:12'),
 (220,220,'BEXXP10ML',0.00,0.00,'2012-08-06 09:21:12'),
 (221,221,'BEXXP20ML',0.00,0.00,'2012-08-06 09:21:12'),
 (222,222,'BIGGC2(5GM)',0.00,0.00,'2012-08-06 09:21:12'),
 (223,223,'BIOT100ML',0.00,0.00,'2012-08-06 09:21:12'),
 (224,224,'BOTSPRAY',0.00,0.00,'2012-08-06 09:21:12'),
 (225,225,'BTS(S)',0.00,0.00,'2012-08-06 09:21:12'),
 (226,226,'CALC',0.00,0.00,'2012-08-06 09:21:12'),
 (227,227,'CALCLAC',0.00,0.00,'2012-08-06 09:21:12'),
 (228,228,'CALV(PCS)',0.00,0.00,'2012-08-06 09:21:12'),
 (229,229,'CALVTAB(B)',0.00,0.00,'2012-08-06 09:21:12'),
 (230,230,'CATH(FOAM)',0.00,0.00,'2012-08-06 09:21:12'),
 (231,231,'CATH(SPIRAL)',0.00,0.00,'2012-08-06 09:21:12'),
 (232,232,'CECI200G',0.00,0.00,'2012-08-06 09:21:12'),
 (233,233,'CECI25KG',0.00,0.00,'2012-08-06 09:21:12'),
 (234,234,'CHLOR300(PCS)',0.00,0.00,'2012-08-06 09:21:12'),
 (235,235,'CHLOR300(B)',0.00,0.00,'2012-08-06 09:21:12'),
 (236,236,'CHLOR250(PCS)',0.00,0.00,'2012-08-06 09:21:12'),
 (237,237,'CHLOR250(B)',0.00,0.00,'2012-08-06 09:21:12'),
 (238,238,'CLEANSY',0.00,0.00,'2012-08-06 09:21:12'),
 (239,239,'COCKSURE(PCS)',0.00,0.00,'2012-08-06 09:21:12'),
 (240,240,'COGL',0.00,0.00,'2012-08-06 09:21:12'),
 (241,241,'COMB86',0.00,0.00,'2012-08-06 09:21:12'),
 (242,242,'COMP3000(PCS)',0.00,0.00,'2012-08-06 09:21:12'),
 (243,243,'COMP3000(10ML)',0.00,0.00,'2012-08-06 09:21:12'),
 (244,244,'COPY10ML',0.00,0.00,'2012-08-06 09:21:12'),
 (245,245,'DCM50ML',0.00,0.00,'2012-08-06 09:21:12'),
 (246,246,'DERMO10ML',0.00,0.00,'2012-08-06 09:21:12'),
 (247,247,'DEXT100ML',0.00,0.00,'2012-08-06 09:21:12'),
 (248,248,'DEXTRPDR100G',0.00,0.00,'2012-08-06 09:21:12'),
 (249,249,'DEXTRPDR300G',0.00,0.00,'2012-08-06 09:21:12'),
 (250,250,'DIGEST6G(S)',0.00,0.00,'2012-08-06 09:21:12'),
 (251,251,'DIGEST6G(B)',0.00,0.00,'2012-08-06 09:21:12'),
 (252,252,'DOXYTAB(PCS)',0.00,0.00,'2012-08-06 09:21:12'),
 (253,253,'DOXYTAB(B)',0.00,0.00,'2012-08-06 09:21:12'),
 (254,254,'DOXY7G(S)',0.00,0.00,'2012-08-06 09:21:12'),
 (255,255,'DOXY7G(B)',0.00,0.00,'2012-08-06 09:21:12'),
 (256,256,'DRYS',0.00,0.00,'2012-08-06 09:21:12'),
 (257,257,'ECOL10ML',0.00,0.00,'2012-08-06 09:21:12'),
 (258,258,'ECOL5ML',0.00,0.00,'2012-08-06 09:21:12'),
 (259,259,'EGG-SC',0.00,0.00,'2012-08-06 09:21:12'),
 (260,260,'ELECT20G(S)',0.00,0.00,'2012-08-06 09:21:12'),
 (261,261,'ELECT6G(S)',0.00,0.00,'2012-08-06 09:21:12'),
 (262,262,'ELECT1KG(GAL)',0.00,0.00,'2012-08-06 09:21:12'),
 (263,263,'ELECT20G(B)',0.00,0.00,'2012-08-06 09:21:12'),
 (264,264,'ELECT6G(B)',0.00,0.00,'2012-08-06 09:21:12'),
 (265,265,'ENEF(PCS)',0.00,0.00,'2012-08-06 09:21:12'),
 (266,266,'EXCE5G(B)',0.00,0.00,'2012-08-06 09:21:12'),
 (267,267,'FLYM10G(B)',0.00,0.00,'2012-08-06 09:21:12'),
 (268,268,'FLYM(S)',0.00,0.00,'2012-08-06 09:21:12'),
 (269,269,'FLYM250G(J)',0.00,0.00,'2012-08-06 09:21:12'),
 (270,270,'GANATAB(PCS)',0.00,0.00,'2012-08-06 09:21:12'),
 (271,271,'GANATAB(B)',0.00,0.00,'2012-08-06 09:21:12'),
 (272,272,'GONAD',0.00,0.00,'2012-08-06 09:21:12'),
 (273,273,'GROF',0.00,0.00,'2012-08-06 09:21:12'),
 (274,274,'HAMTAB(PCS)',0.00,0.00,'2012-08-06 09:21:12'),
 (275,275,'HAMTAB200(B)',0.00,0.00,'2012-08-06 09:21:12'),
 (276,276,'HAMSUS6ML',0.00,0.00,'2012-08-06 09:21:12'),
 (277,277,'HEPAX100ML',0.00,0.00,'2012-08-06 09:21:12'),
 (278,278,'HUSC',0.00,0.00,'2012-08-06 09:21:12'),
 (279,279,'INSTIRON15ML',0.00,0.00,'2012-08-06 09:21:12'),
 (280,280,'IODO10ML',0.00,0.00,'2012-08-06 09:21:12'),
 (281,281,'IRON100ML',0.00,0.00,'2012-08-06 09:21:12'),
 (282,282,'ISOL20%',0.00,0.00,'2012-08-06 09:21:12'),
 (283,283,'ISOL5%',0.00,0.00,'2012-08-06 09:21:12'),
 (284,284,'I-SOLVE',0.00,0.00,'2012-08-06 09:21:12'),
 (285,285,'IVER100ML',0.00,0.00,'2012-08-06 09:21:12'),
 (286,286,'IVER10ML',0.00,0.00,'2012-08-06 09:21:12'),
 (287,287,'JECTADV100ML',0.00,0.00,'2012-08-06 09:21:12'),
 (288,288,'JECTADV20ML',0.00,0.00,'2012-08-06 09:21:12'),
 (289,289,'JECTCLA10ML',0.00,0.00,'2012-08-06 09:21:12'),
 (290,290,'JECTPREM100ML',0.00,0.00,'2012-08-06 09:21:12'),
 (291,291,'JECTPREM10ML',0.00,0.00,'2012-08-06 09:21:12'),
 (292,292,'JECTPREM20ML',0.00,0.00,'2012-08-06 09:21:12'),
 (293,293,'KOPE',0.00,0.00,'2012-08-06 09:21:12'),
 (294,294,'LACTA30ML',0.00,0.00,'2012-08-06 09:21:12'),
 (295,295,'LATIG10G(S)',0.00,0.00,'2012-08-06 09:21:12'),
 (296,296,'LATIG10G(B)',0.00,0.00,'2012-08-06 09:21:12'),
 (297,297,'LATIG5G(S)',0.00,0.00,'2012-08-06 09:21:12'),
 (298,298,'LATIG5G(B)',0.00,0.00,'2012-08-06 09:21:12'),
 (299,299,'LAT200(B)',0.00,0.00,'2012-08-06 09:21:12'),
 (300,300,'LAT200(PCS)',0.00,0.00,'2012-08-06 09:21:12'),
 (301,301,'LAT60(PCS)',0.00,0.00,'2012-08-06 09:21:12'),
 (302,302,'LAT60(B)',0.00,0.00,'2012-08-06 09:21:12'),
 (303,303,'LAT500(B)',0.00,0.00,'2012-08-06 09:21:12'),
 (304,304,'LAT500(PCS)',0.00,0.00,'2012-08-06 09:21:12'),
 (305,305,'L-SPEC',0.00,0.00,'2012-08-06 09:21:12'),
 (306,306,'MICRO',0.00,0.00,'2012-08-06 09:21:12'),
 (307,307,'MAJOR-D(S)',0.00,0.00,'2012-08-06 09:21:12'),
 (308,308,'MAJOR-D100ML',0.00,0.00,'2012-08-06 09:21:12'),
 (309,309,'MAJOR-D(B)',0.00,0.00,'2012-08-06 09:21:12'),
 (310,310,'MAMM100ML',0.00,0.00,'2012-08-06 09:21:12'),
 (311,311,'MAMM10ML',0.00,0.00,'2012-08-06 09:21:12'),
 (312,312,'MOTHYL-X(PCS)',0.00,0.00,'2012-08-06 09:21:12'),
 (313,313,'MOTHYL-X(BOT)',0.00,0.00,'2012-08-06 09:21:12'),
 (314,314,'MULTIV100S',0.00,0.00,'2012-08-06 09:21:12'),
 (315,315,'MYCO100ML',0.00,0.00,'2012-08-06 09:21:12'),
 (316,316,'NF',0.00,0.00,'2012-08-06 09:21:12'),
 (317,317,'NUTRID15ML',0.00,0.00,'2012-08-06 09:21:12'),
 (318,318,'NUTRIG300G',0.00,0.00,'2012-08-06 09:21:12'),
 (319,319,'ORN',0.00,0.00,'2012-08-06 09:21:12'),
 (320,320,'OSC100ML',0.00,0.00,'2012-08-06 09:21:12'),
 (321,321,'OXX',0.00,0.00,'2012-08-06 09:21:12'),
 (322,322,'OXY5ML',0.00,0.00,'2012-08-06 09:21:12'),
 (323,323,'OXYLA30ML',0.00,0.00,'2012-08-06 09:21:12'),
 (324,324,'OXYT2.5ML',0.00,0.00,'2012-08-06 09:21:12'),
 (325,325,'OXYT5ML',0.00,0.00,'2012-08-06 09:21:12'),
 (326,326,'PET150GMS',0.00,0.00,'2012-08-06 09:21:12'),
 (327,327,'PET60GMS',0.00,0.00,'2012-08-06 09:21:12'),
 (328,328,'PET110GMS',0.00,0.00,'2012-08-06 09:21:12'),
 (329,329,'PIDRO2.4(PCS)',0.00,0.00,'2012-08-06 09:21:12'),
 (330,330,'PIDRO2.4(B)',0.00,0.00,'2012-08-06 09:21:12'),
 (331,331,'PITOC10ML',0.00,0.00,'2012-08-06 09:21:12'),
 (332,332,'PITOC5ML',0.00,0.00,'2012-08-06 09:21:12'),
 (333,333,'PITOX',0.00,0.00,'2012-08-06 09:21:12'),
 (334,334,'PROMOTIC',0.00,0.00,'2012-08-06 09:21:12'),
 (335,335,'PROMOTOR',0.00,0.00,'2012-08-06 09:21:12'),
 (336,336,'PROTO250ML',0.00,0.00,'2012-08-06 09:21:12'),
 (337,337,'PROX',0.00,0.00,'2012-08-06 09:21:12'),
 (338,338,'PUSHAM8ML(B)',0.00,0.00,'2012-08-06 09:21:12'),
 (339,339,'PUSHAM8M(S)',0.00,0.00,'2012-08-06 09:21:12'),
 (340,340,'PYRIS7G(B)',0.00,0.00,'2012-08-06 09:21:12'),
 (341,341,'QUICK-H',0.00,0.00,'2012-08-06 09:21:12'),
 (342,342,'REDB100ML',0.00,0.00,'2012-08-06 09:21:12'),
 (343,343,'REDB10ML',0.00,0.00,'2012-08-06 09:21:12'),
 (344,344,'REDC',0.00,0.00,'2012-08-06 09:21:12'),
 (345,345,'REDG(PCS)',0.00,0.00,'2012-08-06 09:21:12'),
 (346,346,'REDB20ML',0.00,0.00,'2012-08-06 09:21:12'),
 (347,347,'REDB50ML',0.00,0.00,'2012-08-06 09:21:12'),
 (348,348,'REDGCAP',0.00,0.00,'2012-08-06 09:21:12'),
 (349,349,'REL5ML',0.00,0.00,'2012-08-06 09:21:12'),
 (350,350,'RESP',0.00,0.00,'2012-08-06 09:21:12'),
 (351,351,'ROMOX(PCS)',0.00,0.00,'2012-08-06 09:21:12'),
 (352,352,'ROMOX(B)',0.00,0.00,'2012-08-06 09:21:12'),
 (353,353,'ROOST',0.00,0.00,'2012-08-06 09:21:12'),
 (354,354,'ROVIS',0.00,0.00,'2012-08-06 09:21:12'),
 (355,355,'SCOUCOB',0.00,0.00,'2012-08-06 09:21:12'),
 (356,356,'SCOU(PCS)',0.00,0.00,'2012-08-06 09:21:12'),
 (357,357,'SELEC(S)',0.00,0.00,'2012-08-06 09:21:12'),
 (358,358,'SELEC20ML',0.00,0.00,'2012-08-06 09:21:12'),
 (359,359,'SMP',0.00,0.00,'2012-08-06 09:21:12'),
 (360,360,'SOLU25GM',0.00,0.00,'2012-08-06 09:21:12'),
 (361,361,'STREP',0.00,0.00,'2012-08-06 09:21:12'),
 (362,362,'STRES',0.00,0.00,'2012-08-06 09:21:12'),
 (363,363,'STRONG',0.00,0.00,'2012-08-06 09:21:12'),
 (364,364,'STRONGTAB',0.00,0.00,'2012-08-06 09:21:12'),
 (365,365,'SULF100ML',0.00,0.00,'2012-08-06 09:21:12'),
 (366,366,'SUSLA100ML',0.00,0.00,'2012-08-06 09:21:12'),
 (367,367,'SUSLA10ML',0.00,0.00,'2012-08-06 09:21:12'),
 (368,368,'T2S 20g',0.00,0.00,'2012-08-06 09:21:12'),
 (369,369,'THYR',0.00,0.00,'2012-08-06 09:21:12'),
 (370,370,'TMPS',0.00,0.00,'2012-08-06 09:21:12'),
 (371,371,'TRIPU100ML',0.00,0.00,'2012-08-06 09:21:12'),
 (372,372,'TRISU',0.00,0.00,'2012-08-06 09:21:12'),
 (373,373,'TRISUL7G(B)',0.00,0.00,'2012-08-06 09:21:12'),
 (374,374,'TRISUL7G(S',0.00,0.00,'2012-08-06 09:21:12'),
 (375,375,'TRISULCAP',0.00,0.00,'2012-08-06 09:21:12'),
 (376,376,'TRU-G',0.00,0.00,'2012-08-06 09:21:12'),
 (377,377,'TRU-G(PCS)',0.00,0.00,'2012-08-06 09:21:12'),
 (378,378,'TYL',0.00,0.00,'2012-08-06 09:21:12'),
 (379,379,'TYL250',0.00,0.00,'2012-08-06 09:21:12'),
 (380,380,'TYRO50GM',0.00,0.00,'2012-08-06 09:21:12'),
 (381,381,'UTER(COB)',0.00,0.00,'2012-08-06 09:21:12'),
 (382,382,'V22T',0.00,0.00,'2012-08-06 09:21:12'),
 (383,383,'V22100T',0.00,0.00,'2012-08-06 09:21:12'),
 (384,384,'V22-200G',0.00,0.00,'2012-08-06 09:21:12'),
 (385,385,'VALUEMEAL(KG)',0.00,0.00,'2012-08-06 09:21:12'),
 (386,386,'VANG',0.00,0.00,'2012-08-06 09:21:12'),
 (387,387,'VERM',0.00,0.00,'2012-08-06 09:21:12'),
 (388,388,'VERMCAP',0.00,0.00,'2012-08-06 09:21:12'),
 (389,389,'VETC5G',0.00,0.00,'2012-08-06 09:21:12'),
 (390,390,'VETP5G',0.00,0.00,'2012-08-06 09:21:12'),
 (391,391,'VETC100ML',0.00,0.00,'2012-08-06 09:21:12'),
 (392,392,'VETCL1KG',0.00,0.00,'2012-08-06 09:21:12'),
 (393,393,'VETCL2KG',0.00,0.00,'2012-08-06 09:21:12'),
 (394,394,'VETMEGA30G',0.00,0.00,'2012-08-06 09:21:12'),
 (395,395,'VETC30G',0.00,0.00,'2012-08-06 09:21:12'),
 (396,396,'VETCLA5G',0.00,0.00,'2012-08-06 09:21:12'),
 (397,397,'VETG1KG',0.00,0.00,'2012-08-06 09:21:12'),
 (398,398,'VETGOLD24G',0.00,0.00,'2012-08-06 09:21:12'),
 (399,399,'VETG24G',0.00,0.00,'2012-08-06 09:21:12'),
 (400,400,'VETG5G',0.00,0.00,'2012-08-06 09:21:12'),
 (401,401,'VETGOLD5G',0.00,0.00,'2012-08-06 09:21:12'),
 (402,402,'VETG-CAP',0.00,0.00,'2012-08-06 09:21:12'),
 (403,403,'VETGOLDCAP',0.00,0.00,'2012-08-06 09:21:12'),
 (404,404,'VETPRE24G',0.00,0.00,'2012-08-06 09:21:12'),
 (405,405,'VETP24G',0.00,0.00,'2012-08-06 09:21:12'),
 (406,406,'VETPREM5G',0.00,0.00,'2012-08-06 09:21:12'),
 (407,407,'VIMINTAB(B)',0.00,0.00,'2012-08-06 09:21:12'),
 (408,408,'VIMIN(PCS)',0.00,0.00,'2012-08-06 09:21:12'),
 (409,409,'VITADE10ML',0.00,0.00,'2012-08-06 09:21:12'),
 (410,410,'B12(LDI)',0.00,0.00,'2012-08-06 09:21:12'),
 (411,411,'B12(AFFES)',0.00,0.00,'2012-08-06 09:21:12'),
 (412,412,'VITAF',0.00,0.00,'2012-08-06 09:21:12'),
 (413,413,'VITERAL',0.00,0.00,'2012-08-06 09:21:12'),
 (414,414,'VIT500',0.00,0.00,'2012-08-06 09:21:12'),
 (415,415,'VITON-ADE10ML',0.00,0.00,'2012-08-06 09:21:12'),
 (416,416,'VOLT(PCS)',0.00,0.00,'2012-08-06 09:21:12'),
 (417,417,'WASH10ML(S)',0.00,0.00,'2012-08-06 09:21:12'),
 (418,418,'WASH10ML(B)',0.00,0.00,'2012-08-06 09:21:12'),
 (419,419,'WORMT(PCS)',0.00,0.00,'2012-08-06 09:21:12'),
 (420,420,'WORMTAB(B)',0.00,0.00,'2012-08-06 09:21:12'),
 (421,421,'W-SPRAY75G',0.00,0.00,'2012-08-06 09:21:12'),
 (422,422,'ZERO(B)',0.00,0.00,'2012-08-06 09:21:12'),
 (423,423,'ZERO(S)',0.00,0.00,'2012-08-06 09:21:12'),
 (424,424,'T2S 5g',0.00,0.00,'2012-08-06 09:21:12'),
 (512,1,'CBM-25',0.00,0.00,'2012-08-06 09:27:33'),
 (513,2,'CBM-50',0.00,0.00,'2012-08-06 09:27:33'),
 (514,3,'CSM',0.00,0.00,'2012-08-06 09:27:33'),
 (515,4,'CGM',0.00,0.00,'2012-08-06 09:27:33'),
 (516,5,'CLM',0.00,0.00,'2012-08-06 09:27:33'),
 (517,6,'CLM-1(CUS)',0.00,0.00,'2012-08-06 09:27:33'),
 (518,7,'BSC',0.00,0.00,'2012-08-06 09:27:33'),
 (519,8,'BFC',0.00,0.00,'2012-08-06 09:27:33'),
 (520,9,'MILKO PLUS',0.00,0.00,'2012-08-06 09:27:33'),
 (521,10,'NSP',0.00,0.00,'2012-08-06 09:27:33'),
 (522,11,'NGP',10.00,0.00,'2012-08-06 09:27:33'),
 (523,12,'NBP',10.00,0.00,'2012-08-06 09:27:33'),
 (524,13,'PSP',0.00,0.00,'2012-08-06 09:27:33'),
 (525,14,'LSP',0.00,0.00,'2012-08-06 09:27:33'),
 (526,15,'PGP B',0.00,0.00,'2012-08-06 09:27:33'),
 (527,16,'PGP R',0.00,0.00,'2012-08-06 09:27:33'),
 (528,17,'NLB',0.00,0.00,'2012-08-06 09:27:33'),
 (529,18,'NLP',0.00,0.00,'2012-08-06 09:27:33'),
 (530,19,'HSC',0.00,0.00,'2012-08-06 09:27:33'),
 (531,20,'HGP',0.00,0.00,'2012-08-06 09:27:33'),
 (532,21,'HFP',0.00,0.00,'2012-08-06 09:27:33'),
 (533,22,'PDP SPECIAL',0.00,0.00,'2012-08-06 09:27:33'),
 (534,23,'PDP ORD',0.00,0.00,'2012-08-06 09:27:33'),
 (535,24,'PEP',0.00,0.00,'2012-08-06 09:27:33'),
 (536,25,'PPM',0.00,0.00,'2012-08-06 09:27:33'),
 (537,26,'PGM',0.00,0.00,'2012-08-06 09:27:33'),
 (538,27,'MEGA 1000',0.00,0.00,'2012-08-06 09:27:33'),
 (539,28,'MEGA 1000 CRAFT',0.00,0.00,'2012-08-06 09:27:33'),
 (540,29,'MEGA 2000',0.00,0.00,'2012-08-06 09:27:33'),
 (541,30,'MEGA 2000 CRAFT',0.00,0.00,'2012-08-06 09:27:33'),
 (542,31,'MEGA 3000 CRAFT',0.00,0.00,'2012-08-06 09:27:33'),
 (543,32,'FCP 4000',0.00,0.00,'2012-08-06 09:27:33'),
 (544,33,'FCP 4000 CRAFT',0.00,0.00,'2012-08-06 09:27:33'),
 (545,34,'ACE 5000 CRAFT',0.00,0.00,'2012-08-06 09:27:33'),
 (546,35,'TUFF M',0.00,0.00,'2012-08-06 09:27:33'),
 (547,36,'SLASHER TONE',0.00,0.00,'2012-08-06 09:27:33'),
 (548,37,'7 KINDS',0.00,0.00,'2012-08-06 09:27:33'),
 (549,38,'SPECIAL 16',0.00,0.00,'2012-08-06 09:27:33'),
 (550,39,'SLASHER   ',0.00,0.00,'2012-08-06 09:27:33'),
 (551,40,'C.CORN',0.00,0.00,'2012-08-06 09:27:33'),
 (552,41,'C.CORN F',0.00,0.00,'2012-08-06 09:27:33'),
 (553,42,'FCC-25',0.00,0.00,'2012-08-06 09:27:33'),
 (554,43,'PIGEON FANCY',0.00,0.00,'2012-08-06 09:27:33'),
 (555,44,'COCK MANNA',0.00,0.00,'2012-08-06 09:27:33'),
 (556,45,'JOCKEY OATS',0.00,0.00,'2012-08-06 09:27:33'),
 (557,46,'THB BOOSTER',0.00,0.00,'2012-08-06 09:27:33'),
 (558,47,'THB DEVELOPER',0.00,0.00,'2012-08-06 09:27:33'),
 (559,48,'THB DEVELOPER 4+',0.00,0.00,'2012-08-06 09:27:33'),
 (560,49,'THB ENERTONE',0.00,0.00,'2012-08-06 09:27:33'),
 (561,50,'THB PLATINUM',0.00,0.00,'2012-08-06 09:27:33'),
 (562,51,'THB FINISHER',0.00,0.00,'2012-08-06 09:27:33'),
 (563,52,'THB SUCCESOR',0.00,0.00,'2012-08-06 09:27:33'),
 (564,53,'MULTI GRAIN',0.00,0.00,'2012-08-06 09:27:33'),
 (565,54,'HI-LANDER',0.00,0.00,'2012-08-06 09:27:33'),
 (566,55,'GMP 1',0.00,0.00,'2012-08-06 09:27:33'),
 (567,56,'GMP 2',0.00,0.00,'2012-08-06 09:27:33'),
 (568,57,'GMP 3',0.00,0.00,'2012-08-06 09:27:33'),
 (569,58,'GMP 4',0.00,0.00,'2012-08-06 09:27:33'),
 (570,59,'FRY B',0.00,0.00,'2012-08-06 09:27:33'),
 (571,60,'FRY M',0.00,0.00,'2012-08-06 09:27:33'),
 (572,61,'GROUPER#1',0.00,0.00,'2012-08-06 09:27:33'),
 (573,62,'GROUPER#2',0.00,0.00,'2012-08-06 09:27:33'),
 (574,63,'GROUPER#3',0.00,0.00,'2012-08-06 09:27:33'),
 (575,64,'GROUPER#4',0.00,0.00,'2012-08-06 09:27:33'),
 (576,65,'GROUPER#5',0.00,0.00,'2012-08-06 09:27:33'),
 (577,66,'GROUPER#6',0.00,0.00,'2012-08-06 09:27:33'),
 (578,67,'GROUPER#7',0.00,0.00,'2012-08-06 09:27:33'),
 (579,68,'KOI 5MM',0.00,0.00,'2012-08-06 09:27:33'),
 (580,69,'KOI 7MM',0.00,0.00,'2012-08-06 09:27:33'),
 (581,70,'POMPANO#1',0.00,0.00,'2012-08-06 09:27:33'),
 (582,71,'POMPANO#2',0.00,0.00,'2012-08-06 09:27:33'),
 (583,72,'POMPANO#3',0.00,0.00,'2012-08-06 09:27:33'),
 (584,73,'POMPANO#4',0.00,0.00,'2012-08-06 09:27:33'),
 (585,74,'POMPANO#5',0.00,0.00,'2012-08-06 09:27:33'),
 (586,75,'PPS #1',0.00,0.00,'2012-08-06 09:27:33'),
 (587,76,'PPS #2',0.00,0.00,'2012-08-06 09:27:33'),
 (588,77,'PBC',0.00,0.00,'2012-08-06 09:27:33'),
 (589,78,'PBF',0.00,0.00,'2012-08-06 09:27:33'),
 (590,79,'PBG',0.00,0.00,'2012-08-06 09:27:33'),
 (591,80,'PBS',0.00,0.00,'2012-08-06 09:27:33'),
 (592,81,'PMC',0.00,0.00,'2012-08-06 09:27:33'),
 (593,82,'RFF',0.00,0.00,'2012-08-06 09:27:33'),
 (594,83,'RFG',0.00,0.00,'2012-08-06 09:27:33'),
 (595,84,'RF-PRE',0.00,0.00,'2012-08-06 09:27:33'),
 (596,85,'RFS',0.00,0.00,'2012-08-06 09:27:33'),
 (597,86,'SNAPPER#3',0.00,0.00,'2012-08-06 09:27:33'),
 (598,87,'SNAPPER#4',0.00,0.00,'2012-08-06 09:27:33'),
 (599,88,'SNAPPER#7',0.00,0.00,'2012-08-06 09:27:33'),
 (600,89,'SBF-AQUA',0.00,0.00,'2012-08-06 09:27:33'),
 (601,90,'SBF ',0.00,0.00,'2012-08-06 09:27:33'),
 (602,91,'SBG-AQUA ',0.00,0.00,'2012-08-06 09:27:33'),
 (603,92,'SBG ',0.00,0.00,'2012-08-06 09:27:33'),
 (604,93,'SBS',0.00,0.00,'2012-08-06 09:27:33'),
 (605,94,'STS-PRE',0.00,0.00,'2012-08-06 09:27:33'),
 (606,95,'VANNAMIE#1',0.00,0.00,'2012-08-06 09:27:33'),
 (607,96,'VANNAMIE#2',0.00,0.00,'2012-08-06 09:27:33'),
 (608,97,'VANNAMIE#3',0.00,0.00,'2012-08-06 09:27:33'),
 (609,98,'ADI-R.',0.00,0.00,'2012-08-06 09:27:33'),
 (610,99,'AJUNE-R.',0.00,0.00,'2012-08-06 09:27:33'),
 (611,100,'BENG-R.(W)',0.00,0.00,'2012-08-06 09:27:33'),
 (612,101,'BENG-R.(Y)',0.00,0.00,'2012-08-06 09:27:33'),
 (613,102,'BIG-B',0.00,0.00,'2012-08-06 09:27:33'),
 (614,103,'BUKID-R.',0.00,0.00,'2012-08-06 09:27:33'),
 (615,104,'CANDICE-R.',0.00,0.00,'2012-08-06 09:27:33'),
 (616,105,'CHRISTINE-B',0.00,0.00,'2012-08-06 09:27:33'),
 (617,106,'CHRISTINE-R.',0.00,0.00,'2012-08-06 09:27:33'),
 (618,107,'CORONA-R.',0.00,0.00,'2012-08-06 09:27:33'),
 (619,108,'CROWN-R.',0.00,0.00,'2012-08-06 09:27:33'),
 (620,109,'CUPID-R.',0.00,0.00,'2012-08-06 09:27:33'),
 (621,110,'DIDI-R.',0.00,0.00,'2012-08-06 09:27:33'),
 (622,111,'GOLDEN-K',0.00,0.00,'2012-08-06 09:27:33'),
 (623,112,'HONEY(W)',0.00,0.00,'2012-08-06 09:27:33'),
 (624,113,'HONEY(Y)',0.00,0.00,'2012-08-06 09:27:33'),
 (625,114,'LORENCE-R.',0.00,0.00,'2012-08-06 09:27:33'),
 (626,115,'MASKARA-R.',0.00,0.00,'2012-08-06 09:27:33'),
 (627,116,'MAX-R.',0.00,0.00,'2012-08-06 09:27:33'),
 (628,117,'NFA(PLAIN)',0.00,0.00,'2012-08-06 09:27:33'),
 (629,118,'NFA(W/IRON)',0.00,0.00,'2012-08-06 09:27:33'),
 (630,119,'PIÑA-R.',0.00,0.00,'2012-08-06 09:27:33'),
 (631,120,'PLAIN-R.',0.00,0.00,'2012-08-06 09:27:33'),
 (632,121,'PLAIN-R(B)',0.00,0.00,'2012-08-06 09:27:33'),
 (633,122,'RED-R.',0.00,0.00,'2012-08-06 09:27:33'),
 (634,123,'RM-R.',0.00,0.00,'2012-08-06 09:27:33'),
 (635,124,'ROYALC-R.',0.00,0.00,'2012-08-06 09:27:33'),
 (636,125,'RPG-R.',0.00,0.00,'2012-08-06 09:27:33'),
 (637,126,'SNOWHITE-R.',0.00,0.00,'2012-08-06 09:27:33'),
 (638,127,'SUNRISE-R.',0.00,0.00,'2012-08-06 09:27:33'),
 (639,128,'TWINKLE-R.',0.00,0.00,'2012-08-06 09:27:33'),
 (640,129,'WATERD-R.',0.00,0.00,'2012-08-06 09:27:33'),
 (641,130,'WHITE-R.',0.00,0.00,'2012-08-06 09:27:33'),
 (642,131,'YUMMY-R.',0.00,0.00,'2012-08-06 09:27:33'),
 (643,132,'AI',0.00,0.00,'2012-08-06 09:27:33'),
 (644,133,'BUGGING-C',0.00,0.00,'2012-08-06 09:27:33'),
 (645,134,'CLAYPOT',0.00,0.00,'2012-08-06 09:27:33'),
 (646,135,'COCKBOX(D)',0.00,0.00,'2012-08-06 09:27:33'),
 (647,136,'COCKBOX(S)',0.00,0.00,'2012-08-06 09:27:33'),
 (648,137,'CORD-L',0.00,0.00,'2012-08-06 09:27:33'),
 (649,138,'CORD-M',0.00,0.00,'2012-08-06 09:27:33'),
 (650,139,'CORD-S',0.00,0.00,'2012-08-06 09:27:33'),
 (651,140,'EURO10ML',0.00,0.00,'2012-08-06 09:27:33'),
 (652,141,'FEEDER-C',0.00,0.00,'2012-08-06 09:27:33'),
 (653,142,'FEEDER-L',0.00,0.00,'2012-08-06 09:27:33'),
 (654,143,'HYPO15X1/12',0.00,0.00,'2012-08-06 09:27:33'),
 (655,144,'HYPO16X1',0.00,0.00,'2012-08-06 09:27:33'),
 (656,145,'HYPO17X1',0.00,0.00,'2012-08-06 09:27:33'),
 (657,146,'HYPO17X1(1/2)',0.00,0.00,'2012-08-06 09:27:33'),
 (658,147,'HYPO18',0.00,0.00,'2012-08-06 09:27:33'),
 (659,148,'HYPO18X1/2',0.00,0.00,'2012-08-06 09:27:33'),
 (660,149,'HYPO20',0.00,0.00,'2012-08-06 09:27:33'),
 (661,150,'HYPO20X1/2',0.00,0.00,'2012-08-06 09:27:33'),
 (662,151,'HYPO21X1/2',0.00,0.00,'2012-08-06 09:27:33'),
 (663,152,'HYPO22',0.00,0.00,'2012-08-06 09:27:33'),
 (664,153,'HYPO22X1/2',0.00,0.00,'2012-08-06 09:27:33'),
 (665,154,'HYPO23',0.00,0.00,'2012-08-06 09:27:33'),
 (666,155,'NIPPLE(B)',0.00,0.00,'2012-08-06 09:27:33'),
 (667,156,'NIPPLE(S)',0.00,0.00,'2012-08-06 09:27:33'),
 (668,157,'PANIIL',0.00,0.00,'2012-08-06 09:27:33'),
 (669,158,'PLASLOT(P)',0.00,0.00,'2012-08-06 09:27:33'),
 (670,159,'PLASLOT(S)',0.00,0.00,'2012-08-06 09:27:33'),
 (671,160,'RUB',0.00,0.00,'2012-08-06 09:27:33'),
 (672,161,'SCRAT 2KG',0.00,0.00,'2012-08-06 09:27:33'),
 (673,162,'SCRAT 3KG',0.00,0.00,'2012-08-06 09:27:33'),
 (674,163,'SEM',0.00,0.00,'2012-08-06 09:27:33'),
 (675,164,'SURG-B',0.00,0.00,'2012-08-06 09:27:33'),
 (676,165,'SYR10ML',0.00,0.00,'2012-08-06 09:27:33'),
 (677,166,'SYR1ML',0.00,0.00,'2012-08-06 09:27:33'),
 (678,167,'SYR2.5ML',0.00,0.00,'2012-08-06 09:27:33'),
 (679,168,'SYR3ML',0.00,0.00,'2012-08-06 09:27:33'),
 (680,169,'SYR5ML',0.00,0.00,'2012-08-06 09:27:33'),
 (681,170,'TEETHC',0.00,0.00,'2012-08-06 09:27:33'),
 (682,171,'WAT1/2(M)',0.00,0.00,'2012-08-06 09:27:33'),
 (683,172,'WAT1/4(S)',0.00,0.00,'2012-08-06 09:27:33'),
 (684,173,'WAT1GAL',0.00,0.00,'2012-08-06 09:27:33'),
 (685,174,'AGME-2G(PCS)',0.00,0.00,'2012-08-06 09:27:33'),
 (686,175,'AGMEC-5G(S)',0.00,0.00,'2012-08-06 09:27:33'),
 (687,176,'AGMEC-5G(B)',0.00,0.00,'2012-08-06 09:27:33'),
 (688,177,'AMBROX-5G(S)',0.00,0.00,'2012-08-06 09:27:33'),
 (689,178,'AMBROX-5G(B)',0.00,0.00,'2012-08-06 09:27:33'),
 (690,179,'AMOXI(PCS)',0.00,0.00,'2012-08-06 09:27:33'),
 (691,180,'AMOXT5G(PCS)',0.00,0.00,'2012-08-06 09:27:33'),
 (692,181,'AMOXT-5G(B)',0.00,0.00,'2012-08-06 09:27:33'),
 (693,182,'AMTYL(PCS)',0.00,0.00,'2012-08-06 09:27:33'),
 (694,183,'AMTYL(BOX)',0.00,0.00,'2012-08-06 09:27:33'),
 (695,184,'ANIM10ML',0.00,0.00,'2012-08-06 09:27:33'),
 (696,185,'APRA1KG',0.00,0.00,'2012-08-06 09:27:33'),
 (697,186,'APRA6G(PCS)',0.00,0.00,'2012-08-06 09:27:33'),
 (698,187,'APRA6G(B)',0.00,0.00,'2012-08-06 09:27:33'),
 (699,188,'AQUAD5G(S)',0.00,0.00,'2012-08-06 09:27:33'),
 (700,189,'LIV',0.00,0.00,'2012-08-06 09:27:33'),
 (701,190,'ASTIG(PCS)',0.00,0.00,'2012-08-06 09:27:33'),
 (702,191,'ASTIG(B)',0.00,0.00,'2012-08-06 09:27:33'),
 (703,192,'AXYLIN5G(S)',0.00,0.00,'2012-08-06 09:27:33'),
 (704,193,'B12(AFFES)PCS.',0.00,0.00,'2012-08-06 09:27:33'),
 (705,194,'B12(AFFES)BOT.',0.00,0.00,'2012-08-06 09:27:33'),
 (706,195,'B12(LDI)PCS.',0.00,0.00,'2012-08-06 09:27:33'),
 (707,196,'B50(PCS)',0.00,0.00,'2012-08-06 09:27:33'),
 (708,197,'B50TABS(B)',0.00,0.00,'2012-08-06 09:27:33'),
 (709,198,'BACT100ML',0.00,0.00,'2012-08-06 09:27:33'),
 (710,199,'BACT10ML',0.00,0.00,'2012-08-06 09:27:33'),
 (711,200,'BAXISE6G(S)',0.00,0.00,'2012-08-06 09:27:33'),
 (712,201,'BAXITABS(B)',0.00,0.00,'2012-08-06 09:27:33'),
 (713,202,'BAXI7G(S)',0.00,0.00,'2012-08-06 09:27:33'),
 (714,203,'BAXI7G(B)',0.00,0.00,'2012-08-06 09:27:33'),
 (715,204,'BAXI25G(B)',0.00,0.00,'2012-08-06 09:27:33'),
 (716,205,'BAXI30G',0.00,0.00,'2012-08-06 09:27:33'),
 (717,206,'BAXI1KG(G)',0.00,0.00,'2012-08-06 09:27:33'),
 (718,207,'BAXISE6G(B)',0.00,0.00,'2012-08-06 09:27:33'),
 (719,208,'BAXITABS(PCS)',0.00,0.00,'2012-08-06 09:27:33'),
 (720,209,'B-COMP100ML',0.00,0.00,'2012-08-06 09:27:33'),
 (721,210,'BEE-P(B)',0.00,0.00,'2012-08-06 09:27:33'),
 (722,211,'BEE-P(PCS)',0.00,0.00,'2012-08-06 09:27:33'),
 (723,212,'BELA100ML',0.00,0.00,'2012-08-06 09:27:33'),
 (724,213,'BELA10ML',0.00,0.00,'2012-08-06 09:27:33'),
 (725,214,'BELA20ML',0.00,0.00,'2012-08-06 09:27:33'),
 (726,215,'BELA50ML',0.00,0.00,'2012-08-06 09:27:33'),
 (727,216,'BEXSP100ML',0.00,0.00,'2012-08-06 09:27:33'),
 (728,217,'BEXSP10ML',0.00,0.00,'2012-08-06 09:27:33'),
 (729,218,'BEXSP20ML',0.00,0.00,'2012-08-06 09:27:33'),
 (730,219,'BEXXP100ML',0.00,0.00,'2012-08-06 09:27:33'),
 (731,220,'BEXXP10ML',0.00,0.00,'2012-08-06 09:27:33'),
 (732,221,'BEXXP20ML',0.00,0.00,'2012-08-06 09:27:33'),
 (733,222,'BIGGC2(5GM)',0.00,0.00,'2012-08-06 09:27:33'),
 (734,223,'BIOT100ML',0.00,0.00,'2012-08-06 09:27:33'),
 (735,224,'BOTSPRAY',0.00,0.00,'2012-08-06 09:27:33'),
 (736,225,'BTS(S)',0.00,0.00,'2012-08-06 09:27:33'),
 (737,226,'CALC',0.00,0.00,'2012-08-06 09:27:33'),
 (738,227,'CALCLAC',0.00,0.00,'2012-08-06 09:27:33'),
 (739,228,'CALV(PCS)',0.00,0.00,'2012-08-06 09:27:33'),
 (740,229,'CALVTAB(B)',0.00,0.00,'2012-08-06 09:27:33'),
 (741,230,'CATH(FOAM)',0.00,0.00,'2012-08-06 09:27:33'),
 (742,231,'CATH(SPIRAL)',0.00,0.00,'2012-08-06 09:27:33'),
 (743,232,'CECI200G',0.00,0.00,'2012-08-06 09:27:33'),
 (744,233,'CECI25KG',0.00,0.00,'2012-08-06 09:27:33'),
 (745,234,'CHLOR300(PCS)',0.00,0.00,'2012-08-06 09:27:33'),
 (746,235,'CHLOR300(B)',0.00,0.00,'2012-08-06 09:27:33'),
 (747,236,'CHLOR250(PCS)',0.00,0.00,'2012-08-06 09:27:33'),
 (748,237,'CHLOR250(B)',0.00,0.00,'2012-08-06 09:27:33'),
 (749,238,'CLEANSY',0.00,0.00,'2012-08-06 09:27:33'),
 (750,239,'COCKSURE(PCS)',0.00,0.00,'2012-08-06 09:27:33'),
 (751,240,'COGL',0.00,0.00,'2012-08-06 09:27:33'),
 (752,241,'COMB86',0.00,0.00,'2012-08-06 09:27:33'),
 (753,242,'COMP3000(PCS)',0.00,0.00,'2012-08-06 09:27:33'),
 (754,243,'COMP3000(10ML)',0.00,0.00,'2012-08-06 09:27:33'),
 (755,244,'COPY10ML',0.00,0.00,'2012-08-06 09:27:33'),
 (756,245,'DCM50ML',0.00,0.00,'2012-08-06 09:27:33'),
 (757,246,'DERMO10ML',0.00,0.00,'2012-08-06 09:27:33'),
 (758,247,'DEXT100ML',0.00,0.00,'2012-08-06 09:27:33'),
 (759,248,'DEXTRPDR100G',0.00,0.00,'2012-08-06 09:27:33'),
 (760,249,'DEXTRPDR300G',0.00,0.00,'2012-08-06 09:27:33'),
 (761,250,'DIGEST6G(S)',0.00,0.00,'2012-08-06 09:27:33'),
 (762,251,'DIGEST6G(B)',0.00,0.00,'2012-08-06 09:27:33'),
 (763,252,'DOXYTAB(PCS)',0.00,0.00,'2012-08-06 09:27:33'),
 (764,253,'DOXYTAB(B)',0.00,0.00,'2012-08-06 09:27:33'),
 (765,254,'DOXY7G(S)',0.00,0.00,'2012-08-06 09:27:33'),
 (766,255,'DOXY7G(B)',0.00,0.00,'2012-08-06 09:27:33'),
 (767,256,'DRYS',0.00,0.00,'2012-08-06 09:27:33'),
 (768,257,'ECOL10ML',0.00,0.00,'2012-08-06 09:27:33'),
 (769,258,'ECOL5ML',0.00,0.00,'2012-08-06 09:27:33'),
 (770,259,'EGG-SC',0.00,0.00,'2012-08-06 09:27:33'),
 (771,260,'ELECT20G(S)',0.00,0.00,'2012-08-06 09:27:33'),
 (772,261,'ELECT6G(S)',0.00,0.00,'2012-08-06 09:27:33'),
 (773,262,'ELECT1KG(GAL)',0.00,0.00,'2012-08-06 09:27:33'),
 (774,263,'ELECT20G(B)',0.00,0.00,'2012-08-06 09:27:33'),
 (775,264,'ELECT6G(B)',0.00,0.00,'2012-08-06 09:27:33'),
 (776,265,'ENEF(PCS)',0.00,0.00,'2012-08-06 09:27:33'),
 (777,266,'EXCE5G(B)',0.00,0.00,'2012-08-06 09:27:33'),
 (778,267,'FLYM10G(B)',0.00,0.00,'2012-08-06 09:27:33'),
 (779,268,'FLYM(S)',0.00,0.00,'2012-08-06 09:27:33'),
 (780,269,'FLYM250G(J)',0.00,0.00,'2012-08-06 09:27:33'),
 (781,270,'GANATAB(PCS)',0.00,0.00,'2012-08-06 09:27:33'),
 (782,271,'GANATAB(B)',0.00,0.00,'2012-08-06 09:27:33'),
 (783,272,'GONAD',0.00,0.00,'2012-08-06 09:27:33'),
 (784,273,'GROF',0.00,0.00,'2012-08-06 09:27:33'),
 (785,274,'HAMTAB(PCS)',0.00,0.00,'2012-08-06 09:27:33'),
 (786,275,'HAMTAB200(B)',0.00,0.00,'2012-08-06 09:27:33'),
 (787,276,'HAMSUS6ML',0.00,0.00,'2012-08-06 09:27:33'),
 (788,277,'HEPAX100ML',0.00,0.00,'2012-08-06 09:27:33'),
 (789,278,'HUSC',0.00,0.00,'2012-08-06 09:27:33'),
 (790,279,'INSTIRON15ML',0.00,0.00,'2012-08-06 09:27:33'),
 (791,280,'IODO10ML',0.00,0.00,'2012-08-06 09:27:33'),
 (792,281,'IRON100ML',0.00,0.00,'2012-08-06 09:27:33'),
 (793,282,'ISOL20%',0.00,0.00,'2012-08-06 09:27:33'),
 (794,283,'ISOL5%',0.00,0.00,'2012-08-06 09:27:33'),
 (795,284,'I-SOLVE',0.00,0.00,'2012-08-06 09:27:33'),
 (796,285,'IVER100ML',0.00,0.00,'2012-08-06 09:27:33'),
 (797,286,'IVER10ML',0.00,0.00,'2012-08-06 09:27:33'),
 (798,287,'JECTADV100ML',0.00,0.00,'2012-08-06 09:27:33'),
 (799,288,'JECTADV20ML',0.00,0.00,'2012-08-06 09:27:33'),
 (800,289,'JECTCLA10ML',0.00,0.00,'2012-08-06 09:27:33'),
 (801,290,'JECTPREM100ML',0.00,0.00,'2012-08-06 09:27:33'),
 (802,291,'JECTPREM10ML',0.00,0.00,'2012-08-06 09:27:33'),
 (803,292,'JECTPREM20ML',0.00,0.00,'2012-08-06 09:27:33'),
 (804,293,'KOPE',0.00,0.00,'2012-08-06 09:27:33'),
 (805,294,'LACTA30ML',0.00,0.00,'2012-08-06 09:27:33'),
 (806,295,'LATIG10G(S)',0.00,0.00,'2012-08-06 09:27:33'),
 (807,296,'LATIG10G(B)',0.00,0.00,'2012-08-06 09:27:33'),
 (808,297,'LATIG5G(S)',0.00,0.00,'2012-08-06 09:27:33'),
 (809,298,'LATIG5G(B)',0.00,0.00,'2012-08-06 09:27:33'),
 (810,299,'LAT200(B)',0.00,0.00,'2012-08-06 09:27:33'),
 (811,300,'LAT200(PCS)',0.00,0.00,'2012-08-06 09:27:33'),
 (812,301,'LAT60(PCS)',0.00,0.00,'2012-08-06 09:27:33'),
 (813,302,'LAT60(B)',0.00,0.00,'2012-08-06 09:27:33'),
 (814,303,'LAT500(B)',0.00,0.00,'2012-08-06 09:27:33'),
 (815,304,'LAT500(PCS)',0.00,0.00,'2012-08-06 09:27:33'),
 (816,305,'L-SPEC',0.00,0.00,'2012-08-06 09:27:33'),
 (817,306,'MICRO',0.00,0.00,'2012-08-06 09:27:33'),
 (818,307,'MAJOR-D(S)',0.00,0.00,'2012-08-06 09:27:33'),
 (819,308,'MAJOR-D100ML',0.00,0.00,'2012-08-06 09:27:33'),
 (820,309,'MAJOR-D(B)',0.00,0.00,'2012-08-06 09:27:33'),
 (821,310,'MAMM100ML',0.00,0.00,'2012-08-06 09:27:33'),
 (822,311,'MAMM10ML',0.00,0.00,'2012-08-06 09:27:33'),
 (823,312,'MOTHYL-X(PCS)',0.00,0.00,'2012-08-06 09:27:33'),
 (824,313,'MOTHYL-X(BOT)',0.00,0.00,'2012-08-06 09:27:33'),
 (825,314,'MULTIV100S',0.00,0.00,'2012-08-06 09:27:33'),
 (826,315,'MYCO100ML',0.00,0.00,'2012-08-06 09:27:33'),
 (827,316,'NF',0.00,0.00,'2012-08-06 09:27:33'),
 (828,317,'NUTRID15ML',0.00,0.00,'2012-08-06 09:27:33'),
 (829,318,'NUTRIG300G',0.00,0.00,'2012-08-06 09:27:33'),
 (830,319,'ORN',0.00,0.00,'2012-08-06 09:27:33'),
 (831,320,'OSC100ML',0.00,0.00,'2012-08-06 09:27:33'),
 (832,321,'OXX',0.00,0.00,'2012-08-06 09:27:33'),
 (833,322,'OXY5ML',0.00,0.00,'2012-08-06 09:27:33'),
 (834,323,'OXYLA30ML',0.00,0.00,'2012-08-06 09:27:33'),
 (835,324,'OXYT2.5ML',0.00,0.00,'2012-08-06 09:27:33'),
 (836,325,'OXYT5ML',0.00,0.00,'2012-08-06 09:27:33'),
 (837,326,'PET150GMS',0.00,0.00,'2012-08-06 09:27:33'),
 (838,327,'PET60GMS',0.00,0.00,'2012-08-06 09:27:33'),
 (839,328,'PET110GMS',0.00,0.00,'2012-08-06 09:27:33'),
 (840,329,'PIDRO2.4(PCS)',0.00,0.00,'2012-08-06 09:27:33'),
 (841,330,'PIDRO2.4(B)',0.00,0.00,'2012-08-06 09:27:33'),
 (842,331,'PITOC10ML',0.00,0.00,'2012-08-06 09:27:33'),
 (843,332,'PITOC5ML',0.00,0.00,'2012-08-06 09:27:33'),
 (844,333,'PITOX',0.00,0.00,'2012-08-06 09:27:33'),
 (845,334,'PROMOTIC',0.00,0.00,'2012-08-06 09:27:33'),
 (846,335,'PROMOTOR',0.00,0.00,'2012-08-06 09:27:33'),
 (847,336,'PROTO250ML',0.00,0.00,'2012-08-06 09:27:33'),
 (848,337,'PROX',0.00,0.00,'2012-08-06 09:27:33'),
 (849,338,'PUSHAM8ML(B)',0.00,0.00,'2012-08-06 09:27:33'),
 (850,339,'PUSHAM8M(S)',0.00,0.00,'2012-08-06 09:27:33'),
 (851,340,'PYRIS7G(B)',0.00,0.00,'2012-08-06 09:27:33'),
 (852,341,'QUICK-H',0.00,0.00,'2012-08-06 09:27:33'),
 (853,342,'REDB100ML',0.00,0.00,'2012-08-06 09:27:33'),
 (854,343,'REDB10ML',0.00,0.00,'2012-08-06 09:27:33'),
 (855,344,'REDC',0.00,0.00,'2012-08-06 09:27:33'),
 (856,345,'REDG(PCS)',0.00,0.00,'2012-08-06 09:27:33'),
 (857,346,'REDB20ML',0.00,0.00,'2012-08-06 09:27:33'),
 (858,347,'REDB50ML',0.00,0.00,'2012-08-06 09:27:33'),
 (859,348,'REDGCAP',0.00,0.00,'2012-08-06 09:27:33'),
 (860,349,'REL5ML',0.00,0.00,'2012-08-06 09:27:33'),
 (861,350,'RESP',0.00,0.00,'2012-08-06 09:27:33'),
 (862,351,'ROMOX(PCS)',0.00,0.00,'2012-08-06 09:27:33'),
 (863,352,'ROMOX(B)',0.00,0.00,'2012-08-06 09:27:33'),
 (864,353,'ROOST',0.00,0.00,'2012-08-06 09:27:33'),
 (865,354,'ROVIS',0.00,0.00,'2012-08-06 09:27:33'),
 (866,355,'SCOUCOB',0.00,0.00,'2012-08-06 09:27:33'),
 (867,356,'SCOU(PCS)',0.00,0.00,'2012-08-06 09:27:33'),
 (868,357,'SELEC(S)',0.00,0.00,'2012-08-06 09:27:33'),
 (869,358,'SELEC20ML',0.00,0.00,'2012-08-06 09:27:33'),
 (870,359,'SMP',0.00,0.00,'2012-08-06 09:27:33'),
 (871,360,'SOLU25GM',0.00,0.00,'2012-08-06 09:27:33'),
 (872,361,'STREP',0.00,0.00,'2012-08-06 09:27:33'),
 (873,362,'STRES',0.00,0.00,'2012-08-06 09:27:33'),
 (874,363,'STRONG',0.00,0.00,'2012-08-06 09:27:33'),
 (875,364,'STRONGTAB',0.00,0.00,'2012-08-06 09:27:33'),
 (876,365,'SULF100ML',0.00,0.00,'2012-08-06 09:27:33'),
 (877,366,'SUSLA100ML',0.00,0.00,'2012-08-06 09:27:33'),
 (878,367,'SUSLA10ML',0.00,0.00,'2012-08-06 09:27:33'),
 (879,368,'T2S 20g',0.00,0.00,'2012-08-06 09:27:33'),
 (880,369,'THYR',0.00,0.00,'2012-08-06 09:27:33'),
 (881,370,'TMPS',0.00,0.00,'2012-08-06 09:27:33'),
 (882,371,'TRIPU100ML',0.00,0.00,'2012-08-06 09:27:33'),
 (883,372,'TRISU',0.00,0.00,'2012-08-06 09:27:33'),
 (884,373,'TRISUL7G(B)',0.00,0.00,'2012-08-06 09:27:33'),
 (885,374,'TRISUL7G(S',0.00,0.00,'2012-08-06 09:27:33'),
 (886,375,'TRISULCAP',0.00,0.00,'2012-08-06 09:27:33'),
 (887,376,'TRU-G',0.00,0.00,'2012-08-06 09:27:33'),
 (888,377,'TRU-G(PCS)',0.00,0.00,'2012-08-06 09:27:33'),
 (889,378,'TYL',0.00,0.00,'2012-08-06 09:27:33'),
 (890,379,'TYL250',0.00,0.00,'2012-08-06 09:27:33'),
 (891,380,'TYRO50GM',0.00,0.00,'2012-08-06 09:27:33'),
 (892,381,'UTER(COB)',0.00,0.00,'2012-08-06 09:27:33'),
 (893,382,'V22T',0.00,0.00,'2012-08-06 09:27:33'),
 (894,383,'V22100T',0.00,0.00,'2012-08-06 09:27:33'),
 (895,384,'V22-200G',0.00,0.00,'2012-08-06 09:27:33'),
 (896,385,'VALUEMEAL(KG)',0.00,0.00,'2012-08-06 09:27:33'),
 (897,386,'VANG',0.00,0.00,'2012-08-06 09:27:33'),
 (898,387,'VERM',0.00,0.00,'2012-08-06 09:27:33'),
 (899,388,'VERMCAP',0.00,0.00,'2012-08-06 09:27:33'),
 (900,389,'VETC5G',0.00,0.00,'2012-08-06 09:27:33'),
 (901,390,'VETP5G',0.00,0.00,'2012-08-06 09:27:33'),
 (902,391,'VETC100ML',0.00,0.00,'2012-08-06 09:27:33'),
 (903,392,'VETCL1KG',0.00,0.00,'2012-08-06 09:27:33'),
 (904,393,'VETCL2KG',0.00,0.00,'2012-08-06 09:27:33'),
 (905,394,'VETMEGA30G',0.00,0.00,'2012-08-06 09:27:33'),
 (906,395,'VETC30G',0.00,0.00,'2012-08-06 09:27:33'),
 (907,396,'VETCLA5G',0.00,0.00,'2012-08-06 09:27:33'),
 (908,397,'VETG1KG',0.00,0.00,'2012-08-06 09:27:33'),
 (909,398,'VETGOLD24G',0.00,0.00,'2012-08-06 09:27:33'),
 (910,399,'VETG24G',0.00,0.00,'2012-08-06 09:27:33'),
 (911,400,'VETG5G',0.00,0.00,'2012-08-06 09:27:33'),
 (912,401,'VETGOLD5G',0.00,0.00,'2012-08-06 09:27:33'),
 (913,402,'VETG-CAP',0.00,0.00,'2012-08-06 09:27:33'),
 (914,403,'VETGOLDCAP',0.00,0.00,'2012-08-06 09:27:33'),
 (915,404,'VETPRE24G',0.00,0.00,'2012-08-06 09:27:33'),
 (916,405,'VETP24G',0.00,0.00,'2012-08-06 09:27:33'),
 (917,406,'VETPREM5G',0.00,0.00,'2012-08-06 09:27:33'),
 (918,407,'VIMINTAB(B)',0.00,0.00,'2012-08-06 09:27:33'),
 (919,408,'VIMIN(PCS)',0.00,0.00,'2012-08-06 09:27:33'),
 (920,409,'VITADE10ML',0.00,0.00,'2012-08-06 09:27:33'),
 (921,410,'B12(LDI)',0.00,0.00,'2012-08-06 09:27:33'),
 (922,411,'B12(AFFES)',0.00,0.00,'2012-08-06 09:27:33'),
 (923,412,'VITAF',0.00,0.00,'2012-08-06 09:27:33'),
 (924,413,'VITERAL',0.00,0.00,'2012-08-06 09:27:33'),
 (925,414,'VIT500',0.00,0.00,'2012-08-06 09:27:33'),
 (926,415,'VITON-ADE10ML',0.00,0.00,'2012-08-06 09:27:33'),
 (927,416,'VOLT(PCS)',0.00,0.00,'2012-08-06 09:27:33'),
 (928,417,'WASH10ML(S)',0.00,0.00,'2012-08-06 09:27:33'),
 (929,418,'WASH10ML(B)',0.00,0.00,'2012-08-06 09:27:33'),
 (930,419,'WORMT(PCS)',0.00,0.00,'2012-08-06 09:27:33'),
 (931,420,'WORMTAB(B)',0.00,0.00,'2012-08-06 09:27:33'),
 (932,421,'W-SPRAY75G',0.00,0.00,'2012-08-06 09:27:33'),
 (933,422,'ZERO(B)',0.00,0.00,'2012-08-06 09:27:33'),
 (934,423,'ZERO(S)',0.00,0.00,'2012-08-06 09:27:33'),
 (935,424,'T2S 5g',0.00,0.00,'2012-08-06 09:27:33'),
 (1023,1,'CBM-25',0.00,0.00,'2012-08-06 09:27:51'),
 (1024,2,'CBM-50',0.00,0.00,'2012-08-06 09:27:51'),
 (1025,3,'CSM',0.00,0.00,'2012-08-06 09:27:51'),
 (1026,4,'CGM',0.00,0.00,'2012-08-06 09:27:51'),
 (1027,5,'CLM',0.00,0.00,'2012-08-06 09:27:51'),
 (1028,6,'CLM-1(CUS)',0.00,0.00,'2012-08-06 09:27:51'),
 (1029,7,'BSC',0.00,0.00,'2012-08-06 09:27:51'),
 (1030,8,'BFC',0.00,0.00,'2012-08-06 09:27:51'),
 (1031,9,'MILKO PLUS',0.00,0.00,'2012-08-06 09:27:51'),
 (1032,10,'NSP',0.00,0.00,'2012-08-06 09:27:51'),
 (1033,11,'NGP',0.00,0.00,'2012-08-06 09:27:51'),
 (1034,12,'NBP',0.00,0.00,'2012-08-06 09:27:51'),
 (1035,13,'PSP',0.00,0.00,'2012-08-06 09:27:51'),
 (1036,14,'LSP',0.00,0.00,'2012-08-06 09:27:51'),
 (1037,15,'PGP B',0.00,0.00,'2012-08-06 09:27:51'),
 (1038,16,'PGP R',0.00,0.00,'2012-08-06 09:27:51'),
 (1039,17,'NLB',0.00,0.00,'2012-08-06 09:27:51'),
 (1040,18,'NLP',0.00,0.00,'2012-08-06 09:27:51'),
 (1041,19,'HSC',0.00,0.00,'2012-08-06 09:27:51'),
 (1042,20,'HGP',0.00,0.00,'2012-08-06 09:27:51'),
 (1043,21,'HFP',0.00,0.00,'2012-08-06 09:27:51'),
 (1044,22,'PDP SPECIAL',0.00,0.00,'2012-08-06 09:27:51'),
 (1045,23,'PDP ORD',0.00,0.00,'2012-08-06 09:27:51'),
 (1046,24,'PEP',0.00,0.00,'2012-08-06 09:27:51'),
 (1047,25,'PPM',0.00,0.00,'2012-08-06 09:27:51'),
 (1048,26,'PGM',0.00,0.00,'2012-08-06 09:27:51'),
 (1049,27,'MEGA 1000',0.00,0.00,'2012-08-06 09:27:51'),
 (1050,28,'MEGA 1000 CRAFT',0.00,0.00,'2012-08-06 09:27:51'),
 (1051,29,'MEGA 2000',0.00,0.00,'2012-08-06 09:27:51'),
 (1052,30,'MEGA 2000 CRAFT',0.00,0.00,'2012-08-06 09:27:51'),
 (1053,31,'MEGA 3000 CRAFT',0.00,0.00,'2012-08-06 09:27:51'),
 (1054,32,'FCP 4000',0.00,0.00,'2012-08-06 09:27:51'),
 (1055,33,'FCP 4000 CRAFT',0.00,0.00,'2012-08-06 09:27:51'),
 (1056,34,'ACE 5000 CRAFT',0.00,0.00,'2012-08-06 09:27:51'),
 (1057,35,'TUFF M',0.00,0.00,'2012-08-06 09:27:51'),
 (1058,36,'SLASHER TONE',0.00,0.00,'2012-08-06 09:27:51'),
 (1059,37,'7 KINDS',0.00,0.00,'2012-08-06 09:27:51'),
 (1060,38,'SPECIAL 16',0.00,0.00,'2012-08-06 09:27:51'),
 (1061,39,'SLASHER   ',0.00,0.00,'2012-08-06 09:27:51'),
 (1062,40,'C.CORN',0.00,0.00,'2012-08-06 09:27:51'),
 (1063,41,'C.CORN F',0.00,0.00,'2012-08-06 09:27:51'),
 (1064,42,'FCC-25',0.00,0.00,'2012-08-06 09:27:51'),
 (1065,43,'PIGEON FANCY',0.00,0.00,'2012-08-06 09:27:51'),
 (1066,44,'COCK MANNA',0.00,0.00,'2012-08-06 09:27:51'),
 (1067,45,'JOCKEY OATS',0.00,0.00,'2012-08-06 09:27:51'),
 (1068,46,'THB BOOSTER',0.00,0.00,'2012-08-06 09:27:51'),
 (1069,47,'THB DEVELOPER',0.00,0.00,'2012-08-06 09:27:51'),
 (1070,48,'THB DEVELOPER 4+',0.00,0.00,'2012-08-06 09:27:51'),
 (1071,49,'THB ENERTONE',0.00,0.00,'2012-08-06 09:27:51'),
 (1072,50,'THB PLATINUM',0.00,0.00,'2012-08-06 09:27:51'),
 (1073,51,'THB FINISHER',0.00,0.00,'2012-08-06 09:27:51'),
 (1074,52,'THB SUCCESOR',0.00,0.00,'2012-08-06 09:27:51'),
 (1075,53,'MULTI GRAIN',0.00,0.00,'2012-08-06 09:27:51'),
 (1076,54,'HI-LANDER',0.00,0.00,'2012-08-06 09:27:51'),
 (1077,55,'GMP 1',0.00,0.00,'2012-08-06 09:27:51'),
 (1078,56,'GMP 2',0.00,0.00,'2012-08-06 09:27:51'),
 (1079,57,'GMP 3',0.00,0.00,'2012-08-06 09:27:51'),
 (1080,58,'GMP 4',0.00,0.00,'2012-08-06 09:27:51'),
 (1081,59,'FRY B',0.00,0.00,'2012-08-06 09:27:51'),
 (1082,60,'FRY M',0.00,0.00,'2012-08-06 09:27:51'),
 (1083,61,'GROUPER#1',0.00,0.00,'2012-08-06 09:27:51'),
 (1084,62,'GROUPER#2',0.00,0.00,'2012-08-06 09:27:51'),
 (1085,63,'GROUPER#3',0.00,0.00,'2012-08-06 09:27:51'),
 (1086,64,'GROUPER#4',0.00,0.00,'2012-08-06 09:27:51'),
 (1087,65,'GROUPER#5',0.00,0.00,'2012-08-06 09:27:51'),
 (1088,66,'GROUPER#6',0.00,0.00,'2012-08-06 09:27:51'),
 (1089,67,'GROUPER#7',0.00,0.00,'2012-08-06 09:27:51'),
 (1090,68,'KOI 5MM',0.00,0.00,'2012-08-06 09:27:51'),
 (1091,69,'KOI 7MM',0.00,0.00,'2012-08-06 09:27:51'),
 (1092,70,'POMPANO#1',0.00,0.00,'2012-08-06 09:27:51'),
 (1093,71,'POMPANO#2',0.00,0.00,'2012-08-06 09:27:51'),
 (1094,72,'POMPANO#3',0.00,0.00,'2012-08-06 09:27:51'),
 (1095,73,'POMPANO#4',0.00,0.00,'2012-08-06 09:27:51'),
 (1096,74,'POMPANO#5',0.00,0.00,'2012-08-06 09:27:51'),
 (1097,75,'PPS #1',0.00,0.00,'2012-08-06 09:27:51'),
 (1098,76,'PPS #2',0.00,0.00,'2012-08-06 09:27:51'),
 (1099,77,'PBC',0.00,0.00,'2012-08-06 09:27:51'),
 (1100,78,'PBF',0.00,0.00,'2012-08-06 09:27:51'),
 (1101,79,'PBG',0.00,0.00,'2012-08-06 09:27:51'),
 (1102,80,'PBS',0.00,0.00,'2012-08-06 09:27:51'),
 (1103,81,'PMC',0.00,0.00,'2012-08-06 09:27:51'),
 (1104,82,'RFF',0.00,0.00,'2012-08-06 09:27:51'),
 (1105,83,'RFG',0.00,0.00,'2012-08-06 09:27:51'),
 (1106,84,'RF-PRE',0.00,0.00,'2012-08-06 09:27:51'),
 (1107,85,'RFS',0.00,0.00,'2012-08-06 09:27:51'),
 (1108,86,'SNAPPER#3',0.00,0.00,'2012-08-06 09:27:51'),
 (1109,87,'SNAPPER#4',0.00,0.00,'2012-08-06 09:27:51'),
 (1110,88,'SNAPPER#7',0.00,0.00,'2012-08-06 09:27:51'),
 (1111,89,'SBF-AQUA',0.00,0.00,'2012-08-06 09:27:51'),
 (1112,90,'SBF ',0.00,0.00,'2012-08-06 09:27:51'),
 (1113,91,'SBG-AQUA ',0.00,0.00,'2012-08-06 09:27:51'),
 (1114,92,'SBG ',0.00,0.00,'2012-08-06 09:27:51'),
 (1115,93,'SBS',0.00,0.00,'2012-08-06 09:27:51'),
 (1116,94,'STS-PRE',0.00,0.00,'2012-08-06 09:27:51'),
 (1117,95,'VANNAMIE#1',0.00,0.00,'2012-08-06 09:27:51'),
 (1118,96,'VANNAMIE#2',0.00,0.00,'2012-08-06 09:27:51'),
 (1119,97,'VANNAMIE#3',0.00,0.00,'2012-08-06 09:27:51'),
 (1120,98,'ADI-R.',0.00,0.00,'2012-08-06 09:27:51'),
 (1121,99,'AJUNE-R.',0.00,0.00,'2012-08-06 09:27:51'),
 (1122,100,'BENG-R.(W)',0.00,0.00,'2012-08-06 09:27:51'),
 (1123,101,'BENG-R.(Y)',0.00,0.00,'2012-08-06 09:27:51'),
 (1124,102,'BIG-B',0.00,0.00,'2012-08-06 09:27:51'),
 (1125,103,'BUKID-R.',0.00,0.00,'2012-08-06 09:27:51'),
 (1126,104,'CANDICE-R.',0.00,0.00,'2012-08-06 09:27:51'),
 (1127,105,'CHRISTINE-B',0.00,0.00,'2012-08-06 09:27:51'),
 (1128,106,'CHRISTINE-R.',0.00,0.00,'2012-08-06 09:27:51'),
 (1129,107,'CORONA-R.',0.00,0.00,'2012-08-06 09:27:51'),
 (1130,108,'CROWN-R.',0.00,0.00,'2012-08-06 09:27:51'),
 (1131,109,'CUPID-R.',0.00,0.00,'2012-08-06 09:27:51'),
 (1132,110,'DIDI-R.',0.00,0.00,'2012-08-06 09:27:51'),
 (1133,111,'GOLDEN-K',0.00,0.00,'2012-08-06 09:27:51'),
 (1134,112,'HONEY(W)',0.00,0.00,'2012-08-06 09:27:51'),
 (1135,113,'HONEY(Y)',0.00,0.00,'2012-08-06 09:27:51'),
 (1136,114,'LORENCE-R.',0.00,0.00,'2012-08-06 09:27:51'),
 (1137,115,'MASKARA-R.',0.00,0.00,'2012-08-06 09:27:51'),
 (1138,116,'MAX-R.',0.00,0.00,'2012-08-06 09:27:51'),
 (1139,117,'NFA(PLAIN)',0.00,0.00,'2012-08-06 09:27:51'),
 (1140,118,'NFA(W/IRON)',0.00,0.00,'2012-08-06 09:27:51'),
 (1141,119,'PIÑA-R.',0.00,0.00,'2012-08-06 09:27:51'),
 (1142,120,'PLAIN-R.',0.00,0.00,'2012-08-06 09:27:51'),
 (1143,121,'PLAIN-R(B)',0.00,0.00,'2012-08-06 09:27:51'),
 (1144,122,'RED-R.',0.00,0.00,'2012-08-06 09:27:51'),
 (1145,123,'RM-R.',0.00,0.00,'2012-08-06 09:27:51'),
 (1146,124,'ROYALC-R.',0.00,0.00,'2012-08-06 09:27:51'),
 (1147,125,'RPG-R.',0.00,0.00,'2012-08-06 09:27:51'),
 (1148,126,'SNOWHITE-R.',0.00,0.00,'2012-08-06 09:27:51'),
 (1149,127,'SUNRISE-R.',0.00,0.00,'2012-08-06 09:27:51'),
 (1150,128,'TWINKLE-R.',0.00,0.00,'2012-08-06 09:27:51'),
 (1151,129,'WATERD-R.',0.00,0.00,'2012-08-06 09:27:51'),
 (1152,130,'WHITE-R.',0.00,0.00,'2012-08-06 09:27:51'),
 (1153,131,'YUMMY-R.',0.00,0.00,'2012-08-06 09:27:51'),
 (1154,132,'AI',0.00,0.00,'2012-08-06 09:27:51'),
 (1155,133,'BUGGING-C',0.00,0.00,'2012-08-06 09:27:51'),
 (1156,134,'CLAYPOT',0.00,0.00,'2012-08-06 09:27:51'),
 (1157,135,'COCKBOX(D)',0.00,0.00,'2012-08-06 09:27:51'),
 (1158,136,'COCKBOX(S)',0.00,0.00,'2012-08-06 09:27:51'),
 (1159,137,'CORD-L',0.00,0.00,'2012-08-06 09:27:51'),
 (1160,138,'CORD-M',0.00,0.00,'2012-08-06 09:27:51'),
 (1161,139,'CORD-S',0.00,0.00,'2012-08-06 09:27:51'),
 (1162,140,'EURO10ML',0.00,0.00,'2012-08-06 09:27:51'),
 (1163,141,'FEEDER-C',0.00,0.00,'2012-08-06 09:27:51'),
 (1164,142,'FEEDER-L',0.00,0.00,'2012-08-06 09:27:51'),
 (1165,143,'HYPO15X1/12',0.00,0.00,'2012-08-06 09:27:51'),
 (1166,144,'HYPO16X1',0.00,0.00,'2012-08-06 09:27:51'),
 (1167,145,'HYPO17X1',0.00,0.00,'2012-08-06 09:27:51'),
 (1168,146,'HYPO17X1(1/2)',0.00,0.00,'2012-08-06 09:27:51'),
 (1169,147,'HYPO18',0.00,0.00,'2012-08-06 09:27:51'),
 (1170,148,'HYPO18X1/2',0.00,0.00,'2012-08-06 09:27:51'),
 (1171,149,'HYPO20',0.00,0.00,'2012-08-06 09:27:51'),
 (1172,150,'HYPO20X1/2',0.00,0.00,'2012-08-06 09:27:51'),
 (1173,151,'HYPO21X1/2',0.00,0.00,'2012-08-06 09:27:51'),
 (1174,152,'HYPO22',0.00,0.00,'2012-08-06 09:27:51'),
 (1175,153,'HYPO22X1/2',0.00,0.00,'2012-08-06 09:27:51'),
 (1176,154,'HYPO23',0.00,0.00,'2012-08-06 09:27:51'),
 (1177,155,'NIPPLE(B)',0.00,0.00,'2012-08-06 09:27:51'),
 (1178,156,'NIPPLE(S)',0.00,0.00,'2012-08-06 09:27:51'),
 (1179,157,'PANIIL',0.00,0.00,'2012-08-06 09:27:51'),
 (1180,158,'PLASLOT(P)',0.00,0.00,'2012-08-06 09:27:51'),
 (1181,159,'PLASLOT(S)',0.00,0.00,'2012-08-06 09:27:51'),
 (1182,160,'RUB',0.00,0.00,'2012-08-06 09:27:51'),
 (1183,161,'SCRAT 2KG',0.00,0.00,'2012-08-06 09:27:51'),
 (1184,162,'SCRAT 3KG',0.00,0.00,'2012-08-06 09:27:51'),
 (1185,163,'SEM',0.00,0.00,'2012-08-06 09:27:51'),
 (1186,164,'SURG-B',0.00,0.00,'2012-08-06 09:27:51'),
 (1187,165,'SYR10ML',0.00,0.00,'2012-08-06 09:27:51'),
 (1188,166,'SYR1ML',0.00,0.00,'2012-08-06 09:27:51'),
 (1189,167,'SYR2.5ML',0.00,0.00,'2012-08-06 09:27:51'),
 (1190,168,'SYR3ML',0.00,0.00,'2012-08-06 09:27:51'),
 (1191,169,'SYR5ML',0.00,0.00,'2012-08-06 09:27:51'),
 (1192,170,'TEETHC',0.00,0.00,'2012-08-06 09:27:51'),
 (1193,171,'WAT1/2(M)',0.00,0.00,'2012-08-06 09:27:51'),
 (1194,172,'WAT1/4(S)',0.00,0.00,'2012-08-06 09:27:51'),
 (1195,173,'WAT1GAL',0.00,0.00,'2012-08-06 09:27:51'),
 (1196,174,'AGME-2G(PCS)',0.00,0.00,'2012-08-06 09:27:51'),
 (1197,175,'AGMEC-5G(S)',0.00,0.00,'2012-08-06 09:27:51'),
 (1198,176,'AGMEC-5G(B)',0.00,0.00,'2012-08-06 09:27:51'),
 (1199,177,'AMBROX-5G(S)',0.00,0.00,'2012-08-06 09:27:51'),
 (1200,178,'AMBROX-5G(B)',0.00,0.00,'2012-08-06 09:27:51'),
 (1201,179,'AMOXI(PCS)',0.00,0.00,'2012-08-06 09:27:51'),
 (1202,180,'AMOXT5G(PCS)',0.00,0.00,'2012-08-06 09:27:51'),
 (1203,181,'AMOXT-5G(B)',0.00,0.00,'2012-08-06 09:27:51'),
 (1204,182,'AMTYL(PCS)',0.00,0.00,'2012-08-06 09:27:51'),
 (1205,183,'AMTYL(BOX)',0.00,0.00,'2012-08-06 09:27:51'),
 (1206,184,'ANIM10ML',0.00,0.00,'2012-08-06 09:27:51'),
 (1207,185,'APRA1KG',0.00,0.00,'2012-08-06 09:27:51'),
 (1208,186,'APRA6G(PCS)',0.00,0.00,'2012-08-06 09:27:51'),
 (1209,187,'APRA6G(B)',0.00,0.00,'2012-08-06 09:27:51'),
 (1210,188,'AQUAD5G(S)',0.00,0.00,'2012-08-06 09:27:51'),
 (1211,189,'LIV',0.00,0.00,'2012-08-06 09:27:51'),
 (1212,190,'ASTIG(PCS)',0.00,0.00,'2012-08-06 09:27:51'),
 (1213,191,'ASTIG(B)',0.00,0.00,'2012-08-06 09:27:51'),
 (1214,192,'AXYLIN5G(S)',0.00,0.00,'2012-08-06 09:27:51'),
 (1215,193,'B12(AFFES)PCS.',0.00,0.00,'2012-08-06 09:27:51'),
 (1216,194,'B12(AFFES)BOT.',0.00,0.00,'2012-08-06 09:27:51'),
 (1217,195,'B12(LDI)PCS.',0.00,0.00,'2012-08-06 09:27:51'),
 (1218,196,'B50(PCS)',0.00,0.00,'2012-08-06 09:27:51'),
 (1219,197,'B50TABS(B)',0.00,0.00,'2012-08-06 09:27:51'),
 (1220,198,'BACT100ML',0.00,0.00,'2012-08-06 09:27:51'),
 (1221,199,'BACT10ML',0.00,0.00,'2012-08-06 09:27:51'),
 (1222,200,'BAXISE6G(S)',0.00,0.00,'2012-08-06 09:27:51'),
 (1223,201,'BAXITABS(B)',0.00,0.00,'2012-08-06 09:27:51'),
 (1224,202,'BAXI7G(S)',0.00,0.00,'2012-08-06 09:27:51'),
 (1225,203,'BAXI7G(B)',0.00,0.00,'2012-08-06 09:27:51'),
 (1226,204,'BAXI25G(B)',0.00,0.00,'2012-08-06 09:27:51'),
 (1227,205,'BAXI30G',0.00,0.00,'2012-08-06 09:27:51'),
 (1228,206,'BAXI1KG(G)',0.00,0.00,'2012-08-06 09:27:51'),
 (1229,207,'BAXISE6G(B)',0.00,0.00,'2012-08-06 09:27:51'),
 (1230,208,'BAXITABS(PCS)',0.00,0.00,'2012-08-06 09:27:51'),
 (1231,209,'B-COMP100ML',0.00,0.00,'2012-08-06 09:27:51'),
 (1232,210,'BEE-P(B)',0.00,0.00,'2012-08-06 09:27:51'),
 (1233,211,'BEE-P(PCS)',0.00,0.00,'2012-08-06 09:27:51'),
 (1234,212,'BELA100ML',0.00,0.00,'2012-08-06 09:27:51'),
 (1235,213,'BELA10ML',0.00,0.00,'2012-08-06 09:27:51'),
 (1236,214,'BELA20ML',0.00,0.00,'2012-08-06 09:27:51'),
 (1237,215,'BELA50ML',0.00,0.00,'2012-08-06 09:27:51'),
 (1238,216,'BEXSP100ML',0.00,0.00,'2012-08-06 09:27:51'),
 (1239,217,'BEXSP10ML',0.00,0.00,'2012-08-06 09:27:51'),
 (1240,218,'BEXSP20ML',0.00,0.00,'2012-08-06 09:27:51'),
 (1241,219,'BEXXP100ML',0.00,0.00,'2012-08-06 09:27:51'),
 (1242,220,'BEXXP10ML',0.00,0.00,'2012-08-06 09:27:51'),
 (1243,221,'BEXXP20ML',0.00,0.00,'2012-08-06 09:27:51'),
 (1244,222,'BIGGC2(5GM)',0.00,0.00,'2012-08-06 09:27:51'),
 (1245,223,'BIOT100ML',0.00,0.00,'2012-08-06 09:27:51'),
 (1246,224,'BOTSPRAY',0.00,0.00,'2012-08-06 09:27:51'),
 (1247,225,'BTS(S)',0.00,0.00,'2012-08-06 09:27:51'),
 (1248,226,'CALC',0.00,0.00,'2012-08-06 09:27:51'),
 (1249,227,'CALCLAC',0.00,0.00,'2012-08-06 09:27:51'),
 (1250,228,'CALV(PCS)',0.00,0.00,'2012-08-06 09:27:51'),
 (1251,229,'CALVTAB(B)',0.00,0.00,'2012-08-06 09:27:51'),
 (1252,230,'CATH(FOAM)',0.00,0.00,'2012-08-06 09:27:51'),
 (1253,231,'CATH(SPIRAL)',0.00,0.00,'2012-08-06 09:27:51'),
 (1254,232,'CECI200G',0.00,0.00,'2012-08-06 09:27:51'),
 (1255,233,'CECI25KG',0.00,0.00,'2012-08-06 09:27:51'),
 (1256,234,'CHLOR300(PCS)',0.00,0.00,'2012-08-06 09:27:51'),
 (1257,235,'CHLOR300(B)',0.00,0.00,'2012-08-06 09:27:51'),
 (1258,236,'CHLOR250(PCS)',0.00,0.00,'2012-08-06 09:27:51'),
 (1259,237,'CHLOR250(B)',0.00,0.00,'2012-08-06 09:27:51'),
 (1260,238,'CLEANSY',0.00,0.00,'2012-08-06 09:27:51'),
 (1261,239,'COCKSURE(PCS)',0.00,0.00,'2012-08-06 09:27:51'),
 (1262,240,'COGL',0.00,0.00,'2012-08-06 09:27:51'),
 (1263,241,'COMB86',0.00,0.00,'2012-08-06 09:27:51'),
 (1264,242,'COMP3000(PCS)',0.00,0.00,'2012-08-06 09:27:51'),
 (1265,243,'COMP3000(10ML)',0.00,0.00,'2012-08-06 09:27:51'),
 (1266,244,'COPY10ML',0.00,0.00,'2012-08-06 09:27:51'),
 (1267,245,'DCM50ML',0.00,0.00,'2012-08-06 09:27:51'),
 (1268,246,'DERMO10ML',0.00,0.00,'2012-08-06 09:27:51'),
 (1269,247,'DEXT100ML',0.00,0.00,'2012-08-06 09:27:51'),
 (1270,248,'DEXTRPDR100G',0.00,0.00,'2012-08-06 09:27:51'),
 (1271,249,'DEXTRPDR300G',0.00,0.00,'2012-08-06 09:27:51'),
 (1272,250,'DIGEST6G(S)',0.00,0.00,'2012-08-06 09:27:51'),
 (1273,251,'DIGEST6G(B)',0.00,0.00,'2012-08-06 09:27:51'),
 (1274,252,'DOXYTAB(PCS)',0.00,0.00,'2012-08-06 09:27:51'),
 (1275,253,'DOXYTAB(B)',0.00,0.00,'2012-08-06 09:27:51'),
 (1276,254,'DOXY7G(S)',0.00,0.00,'2012-08-06 09:27:51'),
 (1277,255,'DOXY7G(B)',0.00,0.00,'2012-08-06 09:27:51'),
 (1278,256,'DRYS',0.00,0.00,'2012-08-06 09:27:51'),
 (1279,257,'ECOL10ML',0.00,0.00,'2012-08-06 09:27:51'),
 (1280,258,'ECOL5ML',0.00,0.00,'2012-08-06 09:27:51'),
 (1281,259,'EGG-SC',0.00,0.00,'2012-08-06 09:27:51'),
 (1282,260,'ELECT20G(S)',0.00,0.00,'2012-08-06 09:27:51'),
 (1283,261,'ELECT6G(S)',0.00,0.00,'2012-08-06 09:27:51'),
 (1284,262,'ELECT1KG(GAL)',0.00,0.00,'2012-08-06 09:27:51'),
 (1285,263,'ELECT20G(B)',0.00,0.00,'2012-08-06 09:27:51'),
 (1286,264,'ELECT6G(B)',0.00,0.00,'2012-08-06 09:27:51'),
 (1287,265,'ENEF(PCS)',0.00,0.00,'2012-08-06 09:27:51'),
 (1288,266,'EXCE5G(B)',0.00,0.00,'2012-08-06 09:27:51'),
 (1289,267,'FLYM10G(B)',0.00,0.00,'2012-08-06 09:27:51'),
 (1290,268,'FLYM(S)',0.00,0.00,'2012-08-06 09:27:51'),
 (1291,269,'FLYM250G(J)',0.00,0.00,'2012-08-06 09:27:51'),
 (1292,270,'GANATAB(PCS)',0.00,0.00,'2012-08-06 09:27:51'),
 (1293,271,'GANATAB(B)',0.00,0.00,'2012-08-06 09:27:51'),
 (1294,272,'GONAD',0.00,0.00,'2012-08-06 09:27:51'),
 (1295,273,'GROF',0.00,0.00,'2012-08-06 09:27:51'),
 (1296,274,'HAMTAB(PCS)',0.00,0.00,'2012-08-06 09:27:51'),
 (1297,275,'HAMTAB200(B)',0.00,0.00,'2012-08-06 09:27:51'),
 (1298,276,'HAMSUS6ML',0.00,0.00,'2012-08-06 09:27:51'),
 (1299,277,'HEPAX100ML',0.00,0.00,'2012-08-06 09:27:51'),
 (1300,278,'HUSC',0.00,0.00,'2012-08-06 09:27:51'),
 (1301,279,'INSTIRON15ML',0.00,0.00,'2012-08-06 09:27:51'),
 (1302,280,'IODO10ML',0.00,0.00,'2012-08-06 09:27:51'),
 (1303,281,'IRON100ML',0.00,0.00,'2012-08-06 09:27:51'),
 (1304,282,'ISOL20%',0.00,0.00,'2012-08-06 09:27:51'),
 (1305,283,'ISOL5%',0.00,0.00,'2012-08-06 09:27:51'),
 (1306,284,'I-SOLVE',0.00,0.00,'2012-08-06 09:27:51'),
 (1307,285,'IVER100ML',0.00,0.00,'2012-08-06 09:27:51'),
 (1308,286,'IVER10ML',0.00,0.00,'2012-08-06 09:27:51'),
 (1309,287,'JECTADV100ML',0.00,0.00,'2012-08-06 09:27:51'),
 (1310,288,'JECTADV20ML',0.00,0.00,'2012-08-06 09:27:51'),
 (1311,289,'JECTCLA10ML',0.00,0.00,'2012-08-06 09:27:51'),
 (1312,290,'JECTPREM100ML',0.00,0.00,'2012-08-06 09:27:51'),
 (1313,291,'JECTPREM10ML',0.00,0.00,'2012-08-06 09:27:51'),
 (1314,292,'JECTPREM20ML',0.00,0.00,'2012-08-06 09:27:51'),
 (1315,293,'KOPE',0.00,0.00,'2012-08-06 09:27:51'),
 (1316,294,'LACTA30ML',0.00,0.00,'2012-08-06 09:27:51'),
 (1317,295,'LATIG10G(S)',0.00,0.00,'2012-08-06 09:27:51'),
 (1318,296,'LATIG10G(B)',0.00,0.00,'2012-08-06 09:27:51'),
 (1319,297,'LATIG5G(S)',0.00,0.00,'2012-08-06 09:27:51'),
 (1320,298,'LATIG5G(B)',0.00,0.00,'2012-08-06 09:27:51'),
 (1321,299,'LAT200(B)',0.00,0.00,'2012-08-06 09:27:51'),
 (1322,300,'LAT200(PCS)',0.00,0.00,'2012-08-06 09:27:51'),
 (1323,301,'LAT60(PCS)',0.00,0.00,'2012-08-06 09:27:51'),
 (1324,302,'LAT60(B)',0.00,0.00,'2012-08-06 09:27:51'),
 (1325,303,'LAT500(B)',0.00,0.00,'2012-08-06 09:27:51'),
 (1326,304,'LAT500(PCS)',0.00,0.00,'2012-08-06 09:27:51'),
 (1327,305,'L-SPEC',0.00,0.00,'2012-08-06 09:27:51'),
 (1328,306,'MICRO',0.00,0.00,'2012-08-06 09:27:51'),
 (1329,307,'MAJOR-D(S)',0.00,0.00,'2012-08-06 09:27:51'),
 (1330,308,'MAJOR-D100ML',0.00,0.00,'2012-08-06 09:27:51'),
 (1331,309,'MAJOR-D(B)',0.00,0.00,'2012-08-06 09:27:51'),
 (1332,310,'MAMM100ML',0.00,0.00,'2012-08-06 09:27:51');
INSERT INTO `inventory` (`id`,`item_id`,`item_code`,`beginning_balance`,`ending_balance`,`date`) VALUES 
 (1333,311,'MAMM10ML',0.00,0.00,'2012-08-06 09:27:51'),
 (1334,312,'MOTHYL-X(PCS)',0.00,0.00,'2012-08-06 09:27:51'),
 (1335,313,'MOTHYL-X(BOT)',0.00,0.00,'2012-08-06 09:27:51'),
 (1336,314,'MULTIV100S',0.00,0.00,'2012-08-06 09:27:51'),
 (1337,315,'MYCO100ML',0.00,0.00,'2012-08-06 09:27:51'),
 (1338,316,'NF',0.00,0.00,'2012-08-06 09:27:51'),
 (1339,317,'NUTRID15ML',0.00,0.00,'2012-08-06 09:27:51'),
 (1340,318,'NUTRIG300G',0.00,0.00,'2012-08-06 09:27:51'),
 (1341,319,'ORN',0.00,0.00,'2012-08-06 09:27:51'),
 (1342,320,'OSC100ML',0.00,0.00,'2012-08-06 09:27:51'),
 (1343,321,'OXX',0.00,0.00,'2012-08-06 09:27:51'),
 (1344,322,'OXY5ML',0.00,0.00,'2012-08-06 09:27:51'),
 (1345,323,'OXYLA30ML',0.00,0.00,'2012-08-06 09:27:51'),
 (1346,324,'OXYT2.5ML',0.00,0.00,'2012-08-06 09:27:51'),
 (1347,325,'OXYT5ML',0.00,0.00,'2012-08-06 09:27:51'),
 (1348,326,'PET150GMS',0.00,0.00,'2012-08-06 09:27:51'),
 (1349,327,'PET60GMS',0.00,0.00,'2012-08-06 09:27:51'),
 (1350,328,'PET110GMS',0.00,0.00,'2012-08-06 09:27:51'),
 (1351,329,'PIDRO2.4(PCS)',0.00,0.00,'2012-08-06 09:27:51'),
 (1352,330,'PIDRO2.4(B)',0.00,0.00,'2012-08-06 09:27:51'),
 (1353,331,'PITOC10ML',0.00,0.00,'2012-08-06 09:27:51'),
 (1354,332,'PITOC5ML',0.00,0.00,'2012-08-06 09:27:51'),
 (1355,333,'PITOX',0.00,0.00,'2012-08-06 09:27:51'),
 (1356,334,'PROMOTIC',0.00,0.00,'2012-08-06 09:27:51'),
 (1357,335,'PROMOTOR',0.00,0.00,'2012-08-06 09:27:51'),
 (1358,336,'PROTO250ML',0.00,0.00,'2012-08-06 09:27:51'),
 (1359,337,'PROX',0.00,0.00,'2012-08-06 09:27:51'),
 (1360,338,'PUSHAM8ML(B)',0.00,0.00,'2012-08-06 09:27:51'),
 (1361,339,'PUSHAM8M(S)',0.00,0.00,'2012-08-06 09:27:51'),
 (1362,340,'PYRIS7G(B)',0.00,0.00,'2012-08-06 09:27:51'),
 (1363,341,'QUICK-H',0.00,0.00,'2012-08-06 09:27:51'),
 (1364,342,'REDB100ML',0.00,0.00,'2012-08-06 09:27:51'),
 (1365,343,'REDB10ML',0.00,0.00,'2012-08-06 09:27:51'),
 (1366,344,'REDC',0.00,0.00,'2012-08-06 09:27:51'),
 (1367,345,'REDG(PCS)',0.00,0.00,'2012-08-06 09:27:51'),
 (1368,346,'REDB20ML',0.00,0.00,'2012-08-06 09:27:51'),
 (1369,347,'REDB50ML',0.00,0.00,'2012-08-06 09:27:51'),
 (1370,348,'REDGCAP',0.00,0.00,'2012-08-06 09:27:51'),
 (1371,349,'REL5ML',0.00,0.00,'2012-08-06 09:27:51'),
 (1372,350,'RESP',0.00,0.00,'2012-08-06 09:27:51'),
 (1373,351,'ROMOX(PCS)',0.00,0.00,'2012-08-06 09:27:51'),
 (1374,352,'ROMOX(B)',0.00,0.00,'2012-08-06 09:27:51'),
 (1375,353,'ROOST',0.00,0.00,'2012-08-06 09:27:51'),
 (1376,354,'ROVIS',0.00,0.00,'2012-08-06 09:27:51'),
 (1377,355,'SCOUCOB',0.00,0.00,'2012-08-06 09:27:51'),
 (1378,356,'SCOU(PCS)',0.00,0.00,'2012-08-06 09:27:51'),
 (1379,357,'SELEC(S)',0.00,0.00,'2012-08-06 09:27:51'),
 (1380,358,'SELEC20ML',0.00,0.00,'2012-08-06 09:27:51'),
 (1381,359,'SMP',0.00,0.00,'2012-08-06 09:27:51'),
 (1382,360,'SOLU25GM',0.00,0.00,'2012-08-06 09:27:51'),
 (1383,361,'STREP',0.00,0.00,'2012-08-06 09:27:51'),
 (1384,362,'STRES',0.00,0.00,'2012-08-06 09:27:51'),
 (1385,363,'STRONG',0.00,0.00,'2012-08-06 09:27:51'),
 (1386,364,'STRONGTAB',0.00,0.00,'2012-08-06 09:27:51'),
 (1387,365,'SULF100ML',0.00,0.00,'2012-08-06 09:27:51'),
 (1388,366,'SUSLA100ML',0.00,0.00,'2012-08-06 09:27:51'),
 (1389,367,'SUSLA10ML',0.00,0.00,'2012-08-06 09:27:51'),
 (1390,368,'T2S 20g',0.00,0.00,'2012-08-06 09:27:51'),
 (1391,369,'THYR',0.00,0.00,'2012-08-06 09:27:51'),
 (1392,370,'TMPS',0.00,0.00,'2012-08-06 09:27:51'),
 (1393,371,'TRIPU100ML',0.00,0.00,'2012-08-06 09:27:51'),
 (1394,372,'TRISU',0.00,0.00,'2012-08-06 09:27:51'),
 (1395,373,'TRISUL7G(B)',0.00,0.00,'2012-08-06 09:27:51'),
 (1396,374,'TRISUL7G(S',0.00,0.00,'2012-08-06 09:27:51'),
 (1397,375,'TRISULCAP',0.00,0.00,'2012-08-06 09:27:51'),
 (1398,376,'TRU-G',0.00,0.00,'2012-08-06 09:27:51'),
 (1399,377,'TRU-G(PCS)',0.00,0.00,'2012-08-06 09:27:51'),
 (1400,378,'TYL',0.00,0.00,'2012-08-06 09:27:51'),
 (1401,379,'TYL250',0.00,0.00,'2012-08-06 09:27:51'),
 (1402,380,'TYRO50GM',0.00,0.00,'2012-08-06 09:27:51'),
 (1403,381,'UTER(COB)',0.00,0.00,'2012-08-06 09:27:51'),
 (1404,382,'V22T',0.00,0.00,'2012-08-06 09:27:51'),
 (1405,383,'V22100T',0.00,0.00,'2012-08-06 09:27:51'),
 (1406,384,'V22-200G',0.00,0.00,'2012-08-06 09:27:51'),
 (1407,385,'VALUEMEAL(KG)',0.00,0.00,'2012-08-06 09:27:51'),
 (1408,386,'VANG',0.00,0.00,'2012-08-06 09:27:51'),
 (1409,387,'VERM',0.00,0.00,'2012-08-06 09:27:51'),
 (1410,388,'VERMCAP',0.00,0.00,'2012-08-06 09:27:51'),
 (1411,389,'VETC5G',0.00,0.00,'2012-08-06 09:27:51'),
 (1412,390,'VETP5G',0.00,0.00,'2012-08-06 09:27:51'),
 (1413,391,'VETC100ML',0.00,0.00,'2012-08-06 09:27:51'),
 (1414,392,'VETCL1KG',0.00,0.00,'2012-08-06 09:27:51'),
 (1415,393,'VETCL2KG',0.00,0.00,'2012-08-06 09:27:51'),
 (1416,394,'VETMEGA30G',0.00,0.00,'2012-08-06 09:27:51'),
 (1417,395,'VETC30G',0.00,0.00,'2012-08-06 09:27:51'),
 (1418,396,'VETCLA5G',0.00,0.00,'2012-08-06 09:27:51'),
 (1419,397,'VETG1KG',0.00,0.00,'2012-08-06 09:27:51'),
 (1420,398,'VETGOLD24G',0.00,0.00,'2012-08-06 09:27:51'),
 (1421,399,'VETG24G',0.00,0.00,'2012-08-06 09:27:51'),
 (1422,400,'VETG5G',0.00,0.00,'2012-08-06 09:27:51'),
 (1423,401,'VETGOLD5G',0.00,0.00,'2012-08-06 09:27:51'),
 (1424,402,'VETG-CAP',0.00,0.00,'2012-08-06 09:27:51'),
 (1425,403,'VETGOLDCAP',0.00,0.00,'2012-08-06 09:27:51'),
 (1426,404,'VETPRE24G',0.00,0.00,'2012-08-06 09:27:51'),
 (1427,405,'VETP24G',0.00,0.00,'2012-08-06 09:27:51'),
 (1428,406,'VETPREM5G',0.00,0.00,'2012-08-06 09:27:51'),
 (1429,407,'VIMINTAB(B)',0.00,0.00,'2012-08-06 09:27:51'),
 (1430,408,'VIMIN(PCS)',0.00,0.00,'2012-08-06 09:27:51'),
 (1431,409,'VITADE10ML',0.00,0.00,'2012-08-06 09:27:51'),
 (1432,410,'B12(LDI)',0.00,0.00,'2012-08-06 09:27:51'),
 (1433,411,'B12(AFFES)',0.00,0.00,'2012-08-06 09:27:51'),
 (1434,412,'VITAF',0.00,0.00,'2012-08-06 09:27:51'),
 (1435,413,'VITERAL',0.00,0.00,'2012-08-06 09:27:51'),
 (1436,414,'VIT500',0.00,0.00,'2012-08-06 09:27:51'),
 (1437,415,'VITON-ADE10ML',0.00,0.00,'2012-08-06 09:27:51'),
 (1438,416,'VOLT(PCS)',0.00,0.00,'2012-08-06 09:27:51'),
 (1439,417,'WASH10ML(S)',0.00,0.00,'2012-08-06 09:27:51'),
 (1440,418,'WASH10ML(B)',0.00,0.00,'2012-08-06 09:27:51'),
 (1441,419,'WORMT(PCS)',0.00,0.00,'2012-08-06 09:27:51'),
 (1442,420,'WORMTAB(B)',0.00,0.00,'2012-08-06 09:27:51'),
 (1443,421,'W-SPRAY75G',0.00,0.00,'2012-08-06 09:27:51'),
 (1444,422,'ZERO(B)',0.00,0.00,'2012-08-06 09:27:51'),
 (1445,423,'ZERO(S)',0.00,0.00,'2012-08-06 09:27:51'),
 (1446,424,'T2S 5g',0.00,0.00,'2012-08-06 09:27:51');
/*!40000 ALTER TABLE `inventory` ENABLE KEYS */;


--
-- Definition of table `item_category`
--

DROP TABLE IF EXISTS `item_category`;
CREATE TABLE `item_category` (
  `item_code` varchar(45) DEFAULT NULL,
  `category` varchar(45) DEFAULT NULL
) ENGINE=InnoDB DEFAULT CHARSET=latin1;

--
-- Dumping data for table `item_category`
--

/*!40000 ALTER TABLE `item_category` DISABLE KEYS */;
INSERT INTO `item_category` (`item_code`,`category`) VALUES 
 ('CLM-1(CUS)','FEEDS'),
 ('PGM','FEEDS'),
 ('ACE 5000 CRAFT','FEEDS'),
 ('PIGEON FANCY','FEEDS'),
 ('COCK MANNA','FEEDS'),
 ('GROUPER#1','FISH'),
 ('GROUPER#2','FISH'),
 ('GROUPER#4','FISH'),
 ('GROUPER#5','FISH'),
 ('GROUPER#6','FISH'),
 ('GROUPER#7','FISH'),
 ('KOI 5MM','FISH'),
 ('KOI 7MM','FISH'),
 ('POMPANO#1','FISH'),
 ('POMPANO#2','FISH'),
 ('POMPANO#3','FISH'),
 ('POMPANO#4','FISH'),
 ('POMPANO#5','FISH'),
 ('PPS #1','FISH'),
 ('PPS #2','FISH'),
 ('PMC','FISH'),
 ('RFF','FISH'),
 ('RF-PRE','FISH'),
 ('RFS','FISH'),
 ('SNAPPER#3','FISH'),
 ('SNAPPER#4','FISH'),
 ('SNAPPER#7','FISH'),
 ('SBF-AQUA','FISH'),
 ('SBG-AQUA ','FISH'),
 ('VANNAMIE#1','FISH'),
 ('VANNAMIE#3','FISH'),
 ('ADI-R.','RICE'),
 ('AJUNE-R.','RICE'),
 ('BENG-R.(W)','RICE'),
 ('BENG-R.(Y)','RICE'),
 ('BIG-B','RICE'),
 ('BUKID-R.','RICE'),
 ('CANDICE-R.','RICE'),
 ('CHRISTINE-B','RICE'),
 ('CORONA-R.','RICE'),
 ('CROWN-R.','RICE'),
 ('CUPID-R.','RICE'),
 ('DIDI-R.','RICE'),
 ('GOLDEN-K','RICE'),
 ('HONEY(W)','RICE'),
 ('HONEY(Y)','RICE'),
 ('MASKARA-R.','RICE'),
 ('MAX-R.','RICE'),
 ('NFA(PLAIN)','RICE'),
 ('NFA(W/IRON)','RICE'),
 ('PIÑA-R.','RICE'),
 ('PLAIN-R.','RICE'),
 ('PLAIN-R(B)','RICE'),
 ('ROYALC-R.','RICE'),
 ('RPG-R.','RICE'),
 ('SNOWHITE-R.','RICE'),
 ('SUNRISE-R.','RICE'),
 ('TWINKLE-R.','RICE'),
 ('WATERD-R.','RICE'),
 ('YUMMY-R.','RICE'),
 ('AI','ACCESSORIES'),
 ('BUGGING-C','ACCESSORIES'),
 ('CLAYPOT','ACCESSORIES'),
 ('COCKBOX(D)','ACCESSORIES'),
 ('CORD-S','ACCESSORIES'),
 ('FEEDER-C','ACCESSORIES'),
 ('FEEDER-L','ACCESSORIES'),
 ('HYPO15X1/12','ACCESSORIES'),
 ('HYPO18','ACCESSORIES'),
 ('HYPO20','ACCESSORIES'),
 ('HYPO21X1/2','ACCESSORIES'),
 ('HYPO22','ACCESSORIES'),
 ('HYPO22X1/2','ACCESSORIES'),
 ('HYPO23','ACCESSORIES'),
 ('SEM','ACCESSORIES'),
 ('TEETHC','ACCESSORIES'),
 ('AGME-2G(PCS)','MEDICINES'),
 ('AMOXT5G(PCS)','MEDICINES'),
 ('AMOXT-5G(B)','MEDICINES'),
 ('ANIM10ML','MEDICINES'),
 ('ASTIG(B)','MEDICINES'),
 ('B12(AFFES)PCS.','MEDICINES'),
 ('B12(AFFES)BOT.','MEDICINES'),
 ('B12(LDI)PCS.','MEDICINES'),
 ('BAXI25G(B)','MEDICINES'),
 ('B-COMP100ML','MEDICINES'),
 ('BELA20ML','MEDICINES'),
 ('BELA50ML','MEDICINES'),
 ('BIOT100ML','MEDICINES'),
 ('BOTSPRAY','MEDICINES'),
 ('CALC','MEDICINES'),
 ('CECI25KG','MEDICINES'),
 ('CHLOR300(PCS)','MEDICINES'),
 ('CHLOR300(B)','MEDICINES'),
 ('CHLOR250(PCS)','MEDICINES'),
 ('CHLOR250(B)','MEDICINES'),
 ('CLEANSY','MEDICINES'),
 ('COCKSURE(PCS)','MEDICINES'),
 ('ECOL10ML','MEDICINES'),
 ('EGG-SC','MEDICINES'),
 ('ENEF(PCS)','MEDICINES'),
 ('EXCE5G(B)','MEDICINES'),
 ('FLYM(S)','MEDICINES'),
 ('FLYM250G','MEDICINES'),
 ('GROF','MEDICINES'),
 ('HEPAX100ML','MEDICINES'),
 ('HUSC','MEDICINES'),
 ('INSTIRON15ML','MEDICINES'),
 ('IODO10ML','MEDICINES'),
 ('KOPE','MEDICINES'),
 ('LACTA30ML','MEDICINES'),
 ('LAT200(B)','MEDICINES'),
 ('LAT200(PCS)','MEDICINES'),
 ('MAJOR-D100ML','MEDICINES'),
 ('MAMM10ML','MEDICINES'),
 ('MOTHYL-X(PCS)','MEDICINES'),
 ('MOTHYL-X(BOT)','MEDICINES'),
 ('NUTRID15ML','MEDICINES'),
 ('OXX','MEDICINES'),
 ('OXY5ML','MEDICINES'),
 ('OXYLA30ML','MEDICINES'),
 ('OXYT2.5ML','MEDICINES'),
 ('OXYT5ML','MEDICINES'),
 ('PITOC10ML','MEDICINES'),
 ('PITOC5ML','MEDICINES'),
 ('PROMOTIC','MEDICINES'),
 ('PROX','MEDICINES'),
 ('REDC','MEDICINES'),
 ('SCOU(PCS)','MEDICINES'),
 ('STRES','MEDICINES'),
 ('T2S','MEDICINES'),
 ('TMPS','MEDICINES'),
 ('TRIPU100ML','MEDICINES'),
 ('TRISU','MEDICINES'),
 ('TYL','MEDICINES'),
 ('TYL250','MEDICINES'),
 ('TYRO50GM','MEDICINES'),
 ('UTER','MEDICINES'),
 ('VANG','MEDICINES'),
 ('VERMCAP','MEDICINES'),
 ('VETC100ML','MEDICINES'),
 ('VETCL1KG','MEDICINES'),
 ('VETCL2KG','MEDICINES'),
 ('VETC30G','MEDICINES'),
 ('B12(LDI)','MEDICINES'),
 ('B12(AFFES)','MEDICINES'),
 ('VITERAL','MEDICINES'),
 ('VITON-ADE10ML','MEDICINES'),
 ('T2S 5g','MEDICINES'),
 ('sample',''),
 ('ROBI','medicine'),
 ('ASTIG5G','medicine'),
 ('VETCLA','medicine'),
 ('HOU','medicine'),
 ('AQUAD5G(B)','MEDICINES'),
 ('HUM','medicine'),
 ('DIS-SYR5','Accessories'),
 ('OXY-R','medicine'),
 ('NGP(KG)','FEEDS'),
 ('LSP(KG)','FEEDS'),
 ('PSP(KG)','FEEDS'),
 ('BFC(KG)','FEEDS'),
 ('PDP-ORD(KG)','FEEDS'),
 ('PDP-SPE(KG)','FEEDS'),
 ('PGP-R(KG)','FEEDS'),
 ('PGP-B(KG)','FEEDS'),
 ('HSC(KG)','FEEDS'),
 ('HFP(KG)','FEEDS'),
 ('GMP-3(KG)','FEEDS'),
 ('SPE16(KG)','FEEDS'),
 ('SLASHER(KG)','FEEDS'),
 ('TUFF(KG)','FEEDS'),
 ('C.CORN(KG)','FEEDS'),
 ('C.CORN-F(KG)','FEEDS'),
 ('SBC-M1000(PCK)','FEEDS'),
 ('SSC-M2000(PCK)','FEEDS'),
 ('SDP-M3000(PCK)','FEEDS'),
 ('FCP(KG)','FEEDS'),
 ('TB-BOOSTER(PCK)','FEEDS'),
 ('TB-DEVELOPER(PCK)','FEEDS'),
 ('TB-DEVELOPER4+(PCK)','FEEDS'),
 ('TB-ENERTONE(PCK)','FEEDS'),
 ('TB-PLATINUM(PCK)','FEEDS'),
 ('TB-FINISHER(PCK)','FEEDS'),
 ('TB-SUCCESOR(PCK)','FEEDS'),
 ('RED(KG)','RICE'),
 ('PLAIN-R(KG)','RICE'),
 ('SDP(KG)','FEEDS'),
 ('NUTRIPRO(KG)','FEEDS'),
 ('TRU-G','MEDICINES'),
 ('HAMTAB200(B)','MEDICINES'),
 ('BEXSP20ML','MEDICINES'),
 ('THYR','MEDICINES'),
 ('CATH(FOAM)','MEDICINES'),
 ('CATH(SPIRAL)','MEDICINES'),
 ('MAJOR-D(B)','MEDICINES'),
 ('SYR10ML(BOX)',''),
 ('MACRO','MEDICINES'),
 ('TRISUL7G(B)','MEDICINES'),
 ('I-SOLVE','MEDICINES'),
 ('3S','medicine'),
 ('ZEFLEX(B)','medicine'),
 ('ZEFLEX(S)','medicine'),
 ('ZEF','medicine'),
 ('EURO10ML','ACCESSORIES'),
 ('HYPO16X1','ACCESSORIES'),
 ('SYR1ML(BOX)','Accessories'),
 ('SYR3ML(BOX)','Accessories'),
 ('SYR2.5ML(BOX)','medicine'),
 ('SYR5ML(BOX)','Accessories'),
 ('AMOXI(PCS)','MEDICINES'),
 ('AMTYL(BOX)','MEDICINES'),
 ('ASTIG(PCS)','MEDICINES'),
 ('BACT10ML','MEDICINES'),
 ('BTS(S)','MEDICINES'),
 ('COGL','MEDICINES'),
 ('DOXYTAB(B)','MEDICINES'),
 ('IVER10ML','MEDICINES'),
 ('MYCO100ML','MEDICINES'),
 ('NF','MEDICINES'),
 ('AMBROX-5G(B)','MEDICINES'),
 ('LIV250ML','MEDICINES'),
 ('LIV','medicine'),
 ('PYRIS7G(B)','MEDICINES'),
 ('TRISULCAP','MEDICINES'),
 ('TRU-G(PCS)','MEDICINES'),
 ('VERM','MEDICINES'),
 ('VETCLA30G','MEDICINES'),
 ('VIMINTAB(B)','MEDICINES'),
 ('VOLT(PCS)','MEDICINES'),
 ('WASH10ML(B)','MEDICINES'),
 ('AQUAD5G(S)','MEDICINES'),
 ('DOV(S)','medicine'),
 ('ORN','MEDICINES'),
 ('NLP(PCK)','FEEDS'),
 ('NLP-K(KG)','FEEDS'),
 ('NLP(KG)','FEEDS'),
 ('NLP(Kraft)','FEEDS'),
 ('PSP','FEEDS'),
 ('BFC','FEEDS'),
 ('PDP SPECIAL','FEEDS'),
 ('FCC-25','FEEDS'),
 ('FCC(KG)','FEEDS'),
 ('FCP 4000 CRAFT','FEEDS'),
 ('SLASHER   ','FEEDS'),
 ('C.CORN','FEEDS'),
 ('C.CORN F','FEEDS'),
 ('CBM-50','FEEDS'),
 ('PGP R','FEEDS'),
 ('PGP B','FEEDS'),
 ('HSC','FEEDS'),
 ('HFP','FEEDS'),
 ('THB ENERTONE','FEEDS'),
 ('MULTI GRAIN','FEEDS'),
 ('THB DEVELOPER','FEEDS'),
 ('THB FINISHER','FEEDS'),
 ('THB SUCCESOR','FEEDS'),
 ('HI-LANDER','FEEDS'),
 ('MEGA 2000 CRAFT','FEEDS'),
 ('MEGA 1000 CRAFT','FEEDS'),
 ('BLP','feeds'),
 ('JOCKEY OATS','FEEDS'),
 ('STRAWB','rice'),
 ('PINAWA','rice'),
 ('STS-PRE','FISH'),
 ('FRY M','FISH'),
 ('GROUPER#3','FISH'),
 ('VANNAMIE#2','FISH'),
 ('SBG ','FISH'),
 ('SBF ','FISH'),
 ('PBF','FISH'),
 ('PBC','FISH'),
 ('GMP 1','FEEDS'),
 ('GMP 2','FEEDS'),
 ('GMP 4','FEEDS'),
 ('RFG','FISH'),
 ('TK','feeds'),
 ('PANIIL','ACCESSORIES'),
 ('RESP-GEL','medicine'),
 ('MEEB','medicine'),
 ('CYDROX','medicine'),
 ('VIT500','MEDICINES'),
 ('XZOL','medicine'),
 ('REDB10ML','MEDICINES'),
 ('JECTPREM20ML','MEDICINES'),
 ('MEGA 1000','FEEDS'),
 ('MEGA 2000','FEEDS'),
 ('THB DEVELOPER 4+','FEEDS'),
 ('THB PLATINUM','FEEDS'),
 ('THB BOOSTER','FEEDS'),
 ('HI-LANDER(PCK)','FEEDS'),
 ('WAT1/2(M)','ACCESSORIES'),
 ('WAT1/4(S)','ACCESSORIES'),
 ('COCKBOX(S)','ACCESSORIES'),
 ('THB-FINISHER','feeds'),
 ('BAY','Accessories'),
 ('CORD-M','ACCESSORIES'),
 ('MULTIG(PACK)','FEEDS'),
 ('PEN-M','medicine'),
 ('AMOX-T','medicine'),
 ('PROMOTOR','MEDICINES'),
 ('MULTIV100S','MEDICINES'),
 ('CALCLAC','MEDICINES'),
 ('W-SPRAY75G','MEDICINES'),
 ('NUTRIG300G','MEDICINES'),
 ('ECOL5ML','MEDICINES'),
 ('ANIM','medicine'),
 ('MAMM100ML','MEDICINES'),
 ('APRA100G','medicine'),
 ('COMP3000(10ML)','MEDICINES'),
 ('B50TABS(B)','MEDICINES'),
 ('FLYMAX10G(S)','medicine'),
 ('SELEC20ML','MEDICINES'),
 ('SCOUCOB','MEDICINES'),
 ('CALVTAB(B)','MEDICINES'),
 ('MAJOR-D(S)','MEDICINES'),
 ('SUSLA100ML','MEDICINES'),
 ('SUSLA10ML','MEDICINES'),
 ('VETG1KG','MEDICINES'),
 ('OSC100ML','MEDICINES'),
 ('FLYM10G(B)','MEDICINES'),
 ('I-SOLVE(1LTR)','medicine'),
 ('BACT100ML','MEDICINES'),
 ('BAXI1KG(G)','MEDICINES'),
 ('BEXSP100ML','MEDICINES'),
 ('BEXSP10ML','MEDICINES'),
 ('BEXXP100ML','MEDICINES'),
 ('BEXXP10ML','MEDICINES'),
 ('BEXXP20ML','MEDICINES'),
 ('ELECT1KG(GAL)','MEDICINES'),
 ('JECTADV100ML','MEDICINES'),
 ('JECTADV20ML','MEDICINES'),
 ('JECTCLA10ML','MEDICINES'),
 ('JECTPREM10ML','MEDICINES'),
 ('JECTPREM100ML','MEDICINES'),
 ('PLASLOT(P)','ACCESSORIES'),
 ('PLASLOT(S)','ACCESSORIES'),
 ('BIGGELEC(5G)','medicine'),
 ('BIGGC2(F2)','medicine'),
 ('DCM50ML','MEDICINES'),
 ('HEXA','medicine'),
 ('ISOL5%','MEDICINES'),
 ('PET110GMS','MEDICINES'),
 ('PET150GMS','MEDICINES'),
 ('PET60GMS','MEDICINES'),
 ('PIDRO2.4(PCS)','MEDICINES'),
 ('PIDRO2.4(B)','MEDICINES'),
 ('V22-200G','MEDICINES'),
 ('VITADE10ML','MEDICINES'),
 ('REDB100ML','MEDICINES'),
 ('REDB50ML','MEDICINES'),
 ('DRYS','MEDICINES'),
 ('REDB20ML','MEDICINES'),
 ('ISOL20%','MEDICINES'),
 ('BIGGC2(ELEC)','medicine'),
 ('BIGGC2(F1)','medicine'),
 ('AGMEC-5G(S)','MEDICINES'),
 ('AMTYL(PCS)','MEDICINES'),
 ('ANDR','medicine'),
 ('B50(PCS)','MEDICINES'),
 ('BELA100ML','MEDICINES'),
 ('BELA10ML','MEDICINES'),
 ('CALV(PCS)','MEDICINES'),
 ('COMB86','MEDICINES'),
 ('COMP3000(PCS)','MEDICINES'),
 ('COPY10ML','MEDICINES'),
 ('DEXT100ML','MEDICINES'),
 ('DOXYTAB(PCS)','MEDICINES'),
 ('DOXY7G(B)','MEDICINES'),
 ('DOXY7G(S)','MEDICINES'),
 ('AXYLIN5G(S)','MEDICINES'),
 ('HAMSUS6ML','MEDICINES'),
 ('HAMTAB(PCS)','MEDICINES'),
 ('PYRIS','medicine'),
 ('SELEC(S)','MEDICINES'),
 ('SOLU25GM','MEDICINES'),
 ('STREP','MEDICINES'),
 ('TRISUL7G(S','MEDICINES'),
 ('VIMIN(PCS)','MEDICINES'),
 ('WASH10ML(S)','MEDICINES'),
 ('WORMT(PCS)','MEDICINES'),
 ('WORMTAB(B)','MEDICINES'),
 ('ROOST','MEDICINES'),
 ('DEXTRPDR300G','MEDICINES'),
 ('DEXTRPDR100G','MEDICINES'),
 ('VITAF','MEDICINES'),
 ('VITAF120','medicine'),
 ('WAT1GAL','ACCESSORIES'),
 ('IRON100ML','MEDICINES'),
 ('ENER','medicine'),
 ('PROTO250ML','MEDICINES'),
 ('RUB','ACCESSORIES'),
 ('PPM','FEEDS'),
 ('PEP','FEEDS'),
 ('SCRAT 2KG','ACCESSORIES'),
 ('SCRAT 3KG','ACCESSORIES'),
 ('VOLTP-KQ','medicine'),
 ('REL5ML','MEDICINES'),
 ('AMBROX-5G(S)','MEDICINES'),
 ('L-SPEC','MEDICINES'),
 ('RESP','MEDICINES'),
 ('RESP5ML','medicine'),
 ('TEP','medicine'),
 ('PROM','medicine'),
 ('AST','medicine'),
 ('THB DEVELOPER(KG)','feeds'),
 ('DERMO10ML','MEDICINES'),
 ('SULF100ML','MEDICINES'),
 ('E-TRAY','Accessories'),
 ('NLB(PCK)','FEEDS'),
 ('NIPPLE(B)','ACCESSORIES'),
 ('NIPPLE(S)','ACCESSORIES'),
 ('TYROX-V','medicine'),
 ('VERMEX-ECO(S)','medicine'),
 ('CORD-L','ACCESSORIES'),
 ('GONAD','MEDICINES'),
 ('SURG-B','ACCESSORIES'),
 ('HYPO16X1/2','Accessories'),
 ('HYPO20X1/2','ACCESSORIES'),
 ('HYPO17X3/4','Accessories'),
 ('HYPO17X1','ACCESSORIES'),
 ('HYPO17X1(1/2)','ACCESSORIES'),
 ('NOVA-B','medicine'),
 ('PITOX','MEDICINES'),
 ('HYPO18X1/2','ACCESSORIES'),
 ('LUTA','medicine'),
 ('VITA-K','medicine'),
 ('IVER100ML','MEDICINES'),
 ('QUICK-H','MEDICINES'),
 ('NGP','FEEDS'),
 ('LSP','FEEDS'),
 ('TUFF M','FEEDS'),
 ('PDP ORD','FEEDS'),
 ('VETMEGA30G','MEDICINES'),
 ('VETPRE24G','MEDICINES'),
 ('VETP24G','MEDICINES'),
 ('CYNO','medicine'),
 ('ROVIS','MEDICINES'),
 ('ROV','medicine'),
 ('MICRO','MEDICINES'),
 ('MIRO(1LTR)','medicine'),
 ('LAT500(B)','MEDICINES'),
 ('LAT500(PCS)','MEDICINES'),
 ('LAT60(PCS)','MEDICINES'),
 ('LAT60(B)','MEDICINES'),
 ('PUSHAM8M(S)','MEDICINES'),
 ('PUSHAM8ML(B)','MEDICINES'),
 ('STRONGTAB','MEDICINES'),
 ('STRONG','MEDICINES'),
 ('VETCLA5G','MEDICINES'),
 ('VETC5G','MEDICINES'),
 ('VETGOLDCAP','MEDICINES'),
 ('VETG-CAP','MEDICINES'),
 ('VETPREM5G','MEDICINES'),
 ('VETP5G','MEDICINES'),
 ('ROMOX(PCS)','MEDICINES'),
 ('ROMOX(B)','MEDICINES'),
 ('AGMEC-5G(B)','MEDICINES'),
 ('FLYM250G(J)','MEDICINES'),
 ('V-REX(B)','medicine'),
 ('V-REX(S)','medicine'),
 ('ZEF(B)','medicine'),
 ('ZEF(S)','medicine'),
 ('UTER(B)','medicine'),
 ('UTER(COB)','medicine'),
 ('SYR10ML','ACCESSORIES'),
 ('SYR5ML','ACCESSORIES'),
 ('SYR2.5ML','ACCESSORIES'),
 ('SYR3ML','ACCESSORIES'),
 ('APRA1KG','MEDICINES'),
 ('APRA6G(B)','MEDICINES'),
 ('APRA6G(PCS)','MEDICINES'),
 ('BAXI30G','MEDICINES'),
 ('BAXISE6G(B)','MEDICINES'),
 ('BAXISE6G(S)','MEDICINES'),
 ('BAXITABS(B)','MEDICINES'),
 ('BAXITABS(PCS)','MEDICINES'),
 ('BAXI7G(B)','MEDICINES'),
 ('BAXI7G(S)','MEDICINES'),
 ('DIGEST6G(B)','MEDICINES'),
 ('DIGEST6G(S)','MEDICINES'),
 ('ELECT20G(B)','MEDICINES'),
 ('ELECT6G(B)','MEDICINES'),
 ('ELECT6G(S)','MEDICINES'),
 ('GANATAB(B)','MEDICINES'),
 ('GANATAB(PCS)','MEDICINES'),
 ('LATIG10G(B)','MEDICINES'),
 ('LATIG10G(S)','MEDICINES'),
 ('LATIG5G(B)','MEDICINES'),
 ('3S TAB','medicine'),
 ('3S','medicine'),
 ('3S','medicine'),
 ('CECI200G','MEDICINES'),
 ('SMP(B)','medicine'),
 ('SMP','MEDICINES'),
 ('BEE-P(B)','MEDICINES'),
 ('BEE-P(PCS)','MEDICINES'),
 ('ZERO(B)','MEDICINES'),
 ('ZERO(S)','MEDICINES'),
 ('BIGGC2(5GM)','MEDICINES'),
 ('WHITE-R.','RICE'),
 ('VALUEMEAL-BAG','feeds'),
 ('VALUEMEAL','feeds'),
 ('RM-R(KG)','rice'),
 ('CYNO(T)','medicine'),
 ('SPECIAL 16','FEEDS'),
 ('FRY B','FISH'),
 ('RM-R.','RICE'),
 ('SBS(25)','fish'),
 ('SBS','FISH'),
 ('SYR1ML','ACCESSORIES'),
 ('VALB30ML','MEDICINES'),
 ('NLP(pack)','feeds'),
 ('NLB(PACK)','FEEDS'),
 ('MILKO PLUS','OTHERS'),
 ('RED-R.','RICE'),
 ('THB ENERTONE(P)','FEEDS'),
 ('T2S 20g','MEDICINES'),
 ('THB DEVELOPER(P)','feeds'),
 ('VALUEMEAL(KG)','MEDICINES'),
 ('VALB30ML','medicine'),
 ('BSC','FEEDS'),
 ('BSC(KG)','FEEDS'),
 ('PBS','FISH'),
 ('PBG','FISH'),
 ('LORENCE-R.','RICE'),
 ('VETGOLD5G','MEDICINES'),
 ('VETG5G','MEDICINES'),
 ('GOLD-L','rice'),
 ('GOLD-L(KG)','RICE'),
 ('CHRISTINE-R.','RICE'),
 ('CHRISTINE(KG)','RICE'),
 ('GMP 3(KG)','feeds'),
 ('GMP 3','FEEDS'),
 ('7 KINDS','FEEDS'),
 ('7KINDS(KG)','FEEDS'),
 ('FCP 4000','FEEDS'),
 ('FCP-M4000(PCK)','FEEDS'),
 ('VETGOLD24G','MEDICINES'),
 ('VETG24G','MEDICINES'),
 ('NLP','FEEDS'),
 ('NLP(P)','feeds'),
 ('NLB','FEEDS'),
 ('NLB(P)','feeds'),
 ('CLM','FEEDS'),
 ('CLM(KG)','FEEDS'),
 ('CGM','FEEDS'),
 ('CGM(KG)','FEEDS'),
 ('CSM','FEEDS'),
 ('CSM(KG)','FEEDS'),
 ('CBM-25','FEEDS'),
 ('CBM(KG)','FEEDS'),
 ('MEGA 3000 CRAFT','FEEDS'),
 ('MEGA 3000 CRAFT(KG)','feeds'),
 ('SLASHER TONE','FEEDS'),
 ('SLA-TONE(KG)','FEEDS'),
 ('V22100T','MEDICINES'),
 ('V22T','MEDICINES'),
 ('REDGCAP','MEDICINES'),
 ('REDG(PCS)','MEDICINES'),
 ('HGP','FEEDS'),
 ('HGP(KG)','FEEDS'),
 ('NBP','FEEDS'),
 ('NBP(KG)','FEEDS'),
 ('NSP','FEEDS'),
 ('NSP(KG)','FEEDS'),
 ('THB BOOSTER(P)','FEEDS'),
 ('STRAWB(KG)','feeds'),
 ('MULTIV(B)','medicine'),
 ('CALC(LACTATE)','medicine'),
 ('CALC-LAC(B)','medicine'),
 ('ELECT20G(S)','MEDICINES'),
 ('LATIG5G(S)','MEDICINES');
/*!40000 ALTER TABLE `item_category` ENABLE KEYS */;


--
-- Definition of table `items`
--

DROP TABLE IF EXISTS `items`;
CREATE TABLE `items` (
  `item_id` int(11) NOT NULL AUTO_INCREMENT,
  `item_code` varchar(45) NOT NULL,
  `item_qty` double(10,2) NOT NULL,
  `item_price` double(10,2) NOT NULL,
  `dealers_price` double(10,2) DEFAULT NULL,
  `date_added` date DEFAULT NULL,
  `date_modified` date DEFAULT NULL,
  `manufacturers_id` int(10) unsigned DEFAULT NULL,
  `reorder_point` int(10) unsigned DEFAULT NULL,
  `include_in_rebate` tinyint(3) unsigned DEFAULT NULL,
  PRIMARY KEY (`item_id`,`item_code`)
) ENGINE=InnoDB AUTO_INCREMENT=563 DEFAULT CHARSET=latin1;

--
-- Dumping data for table `items`
--

/*!40000 ALTER TABLE `items` DISABLE KEYS */;
INSERT INTO `items` (`item_id`,`item_code`,`item_qty`,`item_price`,`dealers_price`,`date_added`,`date_modified`,`manufacturers_id`,`reorder_point`,`include_in_rebate`) VALUES 
 (1,'CBM-25',48.00,690.00,665.00,'2012-07-16','2012-08-14',1,0,1),
 (2,'CBM-50',6.00,1370.00,1350.00,'2012-07-16','2012-08-12',1,0,1),
 (3,'CSM',11.00,1235.00,1185.00,'2012-07-16','2012-08-14',1,0,1),
 (4,'CGM',55.00,1150.00,1100.00,'2012-07-16','2012-08-14',1,0,1),
 (5,'CLM',76.00,1210.00,1160.00,'2012-07-16','2012-08-14',1,0,1),
 (6,'CLM-1(CUS)',0.00,1185.00,1185.00,'2012-07-16','2012-07-16',1,0,0),
 (7,'BSC',30.00,1305.00,1255.00,'2012-07-16','2012-08-14',1,0,1),
 (8,'BFC',38.00,1240.00,1190.00,'2012-07-16','2012-08-12',1,0,1),
 (9,'MILKO PLUS',21.00,100.00,90.00,'2012-07-16','2012-08-14',1,0,0),
 (10,'NSP',151.50,1320.00,1270.00,'2012-07-16','2012-08-14',1,0,1),
 (11,'NGP',2067.00,1200.00,1150.00,'2012-07-16','2012-08-13',1,0,1),
 (12,'NBP',1468.50,1140.00,1090.00,'2012-07-16','2012-08-14',1,0,1),
 (13,'PSP',254.00,1130.00,1080.00,'2012-07-16','2012-08-12',1,0,1),
 (14,'LSP',230.50,1230.00,1180.00,'2012-07-16','2012-08-13',1,0,1),
 (15,'PGP B',9.00,1000.00,950.00,'2012-07-16','2012-08-12',1,0,1),
 (16,'PGP R',10.00,1060.00,1010.00,'2012-07-16','2012-08-12',1,0,1),
 (17,'NLB',0.00,1550.00,1550.00,'2012-07-16','2012-08-14',1,0,0),
 (18,'NLP',73.00,987.50,987.50,'2012-07-16','2012-08-14',1,0,0),
 (19,'HSC',1.00,1045.00,1045.00,'2012-07-16','2012-08-12',1,0,0),
 (20,'HGP',48.00,1000.00,1000.00,'2012-07-16','2012-08-14',1,0,0),
 (21,'HFP',12.00,975.00,975.00,'2012-07-16','2012-08-12',1,0,0),
 (22,'PDP SPECIAL',46.00,875.00,875.00,'2012-07-16','2012-08-12',1,0,0),
 (23,'PDP ORD',111.00,845.00,845.00,'2012-07-16','2012-08-13',1,0,0),
 (24,'PEP',9.00,58.00,58.00,'2012-07-16','2012-08-13',1,0,0),
 (25,'PPM',18.00,58.00,58.00,'2012-07-16','2012-08-13',1,0,0),
 (26,'PGM',0.00,70.00,70.00,'2012-07-16','2012-07-16',1,0,0),
 (27,'MEGA 1000',19.00,830.00,830.00,'2012-07-16','2012-08-12',1,0,0),
 (28,'MEGA 1000 CRAFT',1.00,695.00,695.00,'2012-07-16','2012-08-12',1,0,0),
 (29,'MEGA 2000',7.00,824.00,824.00,'2012-07-16','2012-08-12',1,0,0),
 (30,'MEGA 2000 CRAFT',2.00,675.00,675.00,'2012-07-16','2012-08-12',1,0,0),
 (31,'MEGA 3000 CRAFT',1.00,660.00,660.00,'2012-07-16','2012-08-14',1,0,0),
 (32,'FCP 4000',3.00,907.00,907.00,'2012-07-16','2012-08-14',1,0,0),
 (33,'FCP 4000 CRAFT',4.00,715.00,715.00,'2012-07-16','2012-08-12',1,0,0),
 (34,'ACE 5000 CRAFT',0.00,940.00,940.00,'2012-07-16','2012-07-16',1,0,0),
 (35,'TUFF M',16.00,535.00,535.00,'2012-07-16','2012-08-13',1,0,0),
 (36,'SLASHER TONE',11.00,565.00,565.00,'2012-07-16','2012-08-14',1,0,0),
 (37,'7 KINDS',5.00,590.00,590.00,'2012-07-16','2012-08-14',1,0,0),
 (38,'SPECIAL 16',15.00,665.00,615.00,'2012-07-16','2012-08-13',1,0,0),
 (39,'SLASHER   ',33.00,665.00,665.00,'2012-07-16','2012-08-12',1,0,0),
 (40,'C.CORN',173.00,625.00,625.00,'2012-07-16','2012-08-12',1,0,0),
 (41,'C.CORN F',28.00,635.00,635.00,'2012-07-16','2012-08-12',1,0,0),
 (42,'FCC-25',17.00,600.00,600.00,'2012-07-16','2012-08-12',1,0,0),
 (43,'PIGEON FANCY',0.00,850.00,850.00,'2012-07-16','2012-07-16',1,0,0),
 (44,'COCK MANNA',0.00,900.00,900.00,'2012-07-16','2012-07-16',1,0,0),
 (45,'JOCKEY OATS',1.00,560.00,560.00,'2012-07-16','2012-08-12',1,0,0),
 (46,'THB BOOSTER',15.00,850.00,850.00,'2012-07-16','2012-08-12',2,0,0),
 (47,'THB DEVELOPER',65.00,825.00,825.00,'2012-07-16','2012-08-12',2,0,0),
 (48,'THB DEVELOPER 4+',13.00,768.00,768.00,'2012-07-16','2012-08-12',2,0,0),
 (49,'THB ENERTONE',388.00,685.00,685.00,'2012-07-16','2012-08-12',2,0,0),
 (50,'THB PLATINUM',5.50,1125.00,1125.00,'2012-07-16','2012-08-12',2,0,0),
 (51,'THB FINISHER',12.00,985.00,985.00,'2012-07-16','2012-08-12',2,0,0),
 (52,'THB SUCCESOR',20.00,745.00,745.00,'2012-07-16','2012-08-12',2,0,0),
 (53,'MULTI GRAIN',16.00,900.00,900.00,'2012-07-16','2012-08-12',2,0,0),
 (54,'HI-LANDER',5.00,640.00,640.00,'2012-07-16','2012-08-12',2,0,0),
 (55,'GMP 1',0.00,1260.00,1260.00,'2012-07-16','2012-08-12',2,0,0),
 (56,'GMP 2',4.00,1190.00,1190.00,'2012-07-16','2012-08-12',2,0,0),
 (57,'GMP 3',25.50,1090.00,1090.00,'2012-07-16','2012-08-14',2,0,0),
 (58,'GMP 4',10.00,1045.00,1045.00,'2012-07-16','2012-08-12',2,0,0),
 (59,'FRY B',22.00,430.00,400.00,'2012-07-16','2012-08-13',3,0,0),
 (60,'FRY M',0.00,320.00,310.00,'2012-07-16','2012-08-12',3,0,0),
 (61,'GROUPER#1',0.00,950.00,935.00,'2012-07-16','2012-07-16',3,0,0),
 (62,'GROUPER#2',0.00,950.00,935.00,'2012-07-16','2012-07-16',3,0,0),
 (63,'GROUPER#3',2.00,920.00,905.00,'2012-07-16','2012-08-12',3,0,0),
 (64,'GROUPER#4',0.00,920.00,905.00,'2012-07-16','2012-07-16',3,0,0),
 (65,'GROUPER#5',0.00,880.00,865.00,'2012-07-16','2012-07-16',3,0,0),
 (66,'GROUPER#6',0.00,880.00,865.00,'2012-07-16','2012-07-16',3,0,0),
 (67,'GROUPER#7',0.00,860.00,845.00,'2012-07-16','2012-07-16',3,0,0),
 (68,'KOI 5MM',0.00,750.00,735.00,'2012-07-16','2012-07-16',3,0,0),
 (69,'KOI 7MM',0.00,750.00,735.00,'2012-07-16','2012-07-16',3,0,0),
 (70,'POMPANO#1',0.00,1135.00,1120.00,'2012-07-16','2012-07-16',3,0,0),
 (71,'POMPANO#2',0.00,1135.00,1120.00,'2012-07-16','2012-07-16',3,0,0),
 (72,'POMPANO#3',0.00,1100.00,1085.00,'2012-07-16','2012-07-16',3,0,0),
 (73,'POMPANO#4',0.00,1070.00,1055.00,'2012-07-16','2012-07-16',3,0,0),
 (74,'POMPANO#5',0.00,1015.00,1000.00,'2012-07-16','2012-07-16',3,0,0),
 (75,'PPS #1',0.00,1593.00,1573.00,'2012-07-16','2012-07-16',3,0,0),
 (76,'PPS #2',0.00,1593.00,1573.00,'2012-07-16','2012-07-16',3,0,0),
 (77,'PBC',0.00,615.00,600.00,'2012-07-16','2012-08-12',3,0,0),
 (78,'PBF',436.00,705.00,690.00,'2012-07-16','2012-08-12',3,0,0),
 (79,'PBG',311.00,710.00,700.00,'2012-07-16','2012-08-14',3,0,0),
 (80,'PBS',155.00,595.00,590.00,'2012-07-16','2012-08-14',3,0,0),
 (81,'PMC',0.00,615.00,600.00,'2012-07-16','2012-07-16',3,0,0),
 (82,'RFF',0.00,497.00,487.00,'2012-07-16','2012-07-16',3,0,0),
 (83,'RFG',30.00,512.00,502.00,'2012-07-16','2012-08-12',3,0,0),
 (84,'RF-PRE',0.00,579.00,569.00,'2012-07-16','2012-07-16',3,0,0),
 (85,'RFS',0.00,527.00,517.00,'2012-07-16','2012-07-16',3,0,0),
 (86,'SNAPPER#3',0.00,1235.00,1220.00,'2012-07-16','2012-07-16',3,0,0),
 (87,'SNAPPER#4',0.00,1130.00,1115.00,'2012-07-16','2012-07-16',3,0,0),
 (88,'SNAPPER#7',0.00,1155.00,1140.00,'2012-07-16','2012-07-16',3,0,0),
 (89,'SBF-AQUA',0.00,690.00,690.00,'2012-07-16','2012-07-16',3,0,0),
 (90,'SBF ',44.00,745.00,730.00,'2012-07-16','2012-08-12',3,0,0),
 (91,'SBG-AQUA ',0.00,695.00,695.00,'2012-07-16','2012-07-16',3,0,0),
 (92,'SBG ',0.00,755.00,740.00,'2012-07-16','2012-08-12',3,0,0),
 (93,'SBS',0.00,635.00,620.00,'2012-07-16','2012-08-13',3,0,0),
 (94,'STS-PRE',126.00,810.00,795.00,'2012-07-16','2012-08-12',3,0,0),
 (95,'VANNAMIE#1',0.00,1340.00,1320.00,'2012-07-16','2012-07-16',3,0,0),
 (96,'VANNAMIE#2',2.00,1290.00,1270.00,'2012-07-16','2012-08-12',3,0,0),
 (97,'VANNAMIE#3',0.00,1240.00,1220.00,'2012-07-16','2012-07-16',3,0,0),
 (98,'ADI-R.',0.00,1560.00,1560.00,'2012-07-16','2012-07-16',4,0,0),
 (99,'AJUNE-R.',0.00,1440.00,1440.00,'2012-07-16','2012-07-16',4,0,0),
 (100,'BENG-R.(W)',0.00,1440.00,1440.00,'2012-07-16','2012-07-16',4,0,0),
 (101,'BENG-R.(Y)',0.00,1580.00,1580.00,'2012-07-16','2012-07-16',4,0,0),
 (102,'BIG-B',0.00,1360.00,1360.00,'2012-07-16','2012-07-16',4,0,0),
 (103,'BUKID-R.',0.00,1420.00,1420.00,'2012-07-16','2012-07-16',5,0,0),
 (104,'CANDICE-R.',0.00,1560.00,1560.00,'2012-07-16','2012-07-16',5,0,0),
 (105,'CHRISTINE-B',0.00,1520.00,1520.00,'2012-07-16','2012-07-16',5,0,0),
 (106,'CHRISTINE-R.',0.00,1620.00,1620.00,'2012-07-16','2012-08-14',5,0,0),
 (107,'CORONA-R.',0.00,1660.00,1660.00,'2012-07-16','2012-07-16',4,0,0),
 (108,'CROWN-R.',0.00,1580.00,1580.00,'2012-07-16','2012-07-16',4,0,0),
 (109,'CUPID-R.',0.00,1380.00,1380.00,'2012-07-16','2012-07-16',4,0,0),
 (110,'DIDI-R.',0.00,1360.00,1360.00,'2012-07-16','2012-07-16',4,0,0),
 (111,'GOLDEN-K',0.00,1500.00,1500.00,'2012-07-16','2012-07-16',4,0,0),
 (112,'HONEY(W)',0.00,1430.00,1430.00,'2012-07-16','2012-07-16',4,0,0),
 (113,'HONEY(Y)',0.00,1500.00,1500.00,'2012-07-16','2012-07-16',4,0,0),
 (114,'LORENCE-R.',0.00,1600.00,1600.00,'2012-07-16','2012-08-14',5,0,0),
 (115,'MASKARA-R.',0.00,1580.00,1580.00,'2012-07-16','2012-07-16',4,0,0),
 (116,'MAX-R.',0.00,1500.00,1500.00,'2012-07-16','2012-07-16',4,0,0),
 (117,'NFA(PLAIN)',0.00,1250.00,1250.00,'2012-07-16','2012-07-16',6,0,0),
 (118,'NFA(W/IRON)',0.00,1200.00,1200.00,'2012-07-16','2012-07-16',6,0,0),
 (119,'PIÑA-R.',0.00,1690.00,1690.00,'2012-07-16','2012-07-16',4,0,0),
 (120,'PLAIN-R.',0.00,1480.00,1480.00,'2012-07-16','2012-07-16',4,0,0),
 (121,'PLAIN-R(B)',0.00,1500.00,1500.00,'2012-07-16','2012-07-16',4,0,0),
 (122,'RED-R.',22.00,1630.00,1630.00,'2012-07-16','2012-08-14',5,0,0),
 (123,'RM-R.',171.00,1600.00,1600.00,'2012-07-16','2012-08-13',4,0,0),
 (124,'ROYALC-R.',0.00,1500.00,1500.00,'2012-07-16','2012-07-16',4,0,0),
 (125,'RPG-R.',0.00,1450.00,1450.00,'2012-07-16','2012-07-16',4,0,0),
 (126,'SNOWHITE-R.',0.00,1500.00,1500.00,'2012-07-16','2012-07-16',4,0,0),
 (127,'SUNRISE-R.',0.00,1430.00,1430.00,'2012-07-16','2012-07-16',4,0,0),
 (128,'TWINKLE-R.',0.00,1435.00,1435.00,'2012-07-16','2012-07-16',4,0,0),
 (129,'WATERD-R.',0.00,1640.00,1640.00,'2012-07-16','2012-07-16',4,0,0),
 (130,'WHITE-R.',0.00,1420.00,1420.00,'2012-07-16','2012-08-13',4,0,0),
 (131,'YUMMY-R.',0.00,1500.00,1500.00,'2012-07-16','2012-07-16',4,0,0),
 (132,'AI',0.00,1200.00,1200.00,'2012-07-16','2012-07-16',0,0,0),
 (133,'BUGGING-C',0.00,55.00,55.00,'2012-07-16','2012-07-16',0,0,0),
 (134,'CLAYPOT',0.00,6.00,6.00,'2012-07-16','2012-07-16',0,0,0),
 (135,'COCKBOX(D)',0.00,35.00,35.00,'2012-07-16','2012-07-16',0,0,0),
 (136,'COCKBOX(S)',4.00,20.00,20.00,'2012-07-16','2012-08-12',0,0,0),
 (137,'CORD-L',572.00,20.00,20.00,'2012-07-16','2012-08-13',0,0,0),
 (138,'CORD-M',212.00,12.00,12.00,'2012-07-16','2012-08-12',0,0,0),
 (139,'CORD-S',0.00,3.50,3.50,'2012-07-16','2012-07-16',0,0,0),
 (140,'EURO10ML',0.00,500.00,450.00,'2012-07-16','2012-08-09',0,0,0),
 (141,'FEEDER-C',0.00,6.00,6.00,'2012-07-16','2012-07-16',0,0,0),
 (142,'FEEDER-L',0.00,25.00,25.00,'2012-07-16','2012-07-16',0,0,0),
 (143,'HYPO15X1/12',0.00,16.00,16.00,'2012-07-16','2012-07-16',0,0,0),
 (144,'HYPO16X1',0.00,16.00,16.00,'2012-07-16','2012-08-09',0,0,0),
 (145,'HYPO17X1',77.00,16.00,16.00,'2012-07-16','2012-08-13',0,0,0),
 (146,'HYPO17X1(1/2)',90.00,16.00,16.00,'2012-07-16','2012-08-13',0,0,0),
 (147,'HYPO18',0.00,16.00,16.00,'2012-07-16','2012-07-16',0,0,0),
 (148,'HYPO18X1/2',96.00,16.00,16.00,'2012-07-16','2012-08-13',0,0,0),
 (149,'HYPO20',0.00,16.00,16.00,'2012-07-16','2012-07-16',0,0,0),
 (150,'HYPO20X1/2',84.00,16.00,16.00,'2012-07-16','2012-08-13',0,0,0),
 (151,'HYPO21X1/2',0.00,16.00,16.00,'2012-07-16','2012-07-16',0,0,0),
 (152,'HYPO22',0.00,16.00,16.00,'2012-07-16','2012-07-16',0,0,0),
 (153,'HYPO22X1/2',0.00,16.00,16.00,'2012-07-16','2012-07-16',0,0,0),
 (154,'HYPO23',0.00,16.00,16.00,'2012-07-16','2012-07-16',0,0,0),
 (155,'NIPPLE(B)',1.00,200.00,200.00,'2012-07-16','2012-08-13',0,0,0),
 (156,'NIPPLE(S)',22.00,200.00,200.00,'2012-07-16','2012-08-13',0,0,0),
 (157,'PANIIL',16.00,6.50,6.50,'2012-07-16','2012-08-12',0,0,0),
 (158,'PLASLOT(P)',30.00,550.00,550.00,'2012-07-16','2012-08-13',0,0,0),
 (159,'PLASLOT(S)',18.00,750.00,750.00,'2012-07-16','2012-08-13',0,0,0),
 (160,'RUB',82.00,30.00,30.00,'2012-07-16','2012-08-13',0,0,0),
 (161,'SCRAT 2KG',46.00,265.00,265.00,'2012-07-16','2012-08-13',0,0,0),
 (162,'SCRAT 3KG',41.00,480.00,480.00,'2012-07-16','2012-08-13',0,0,0),
 (163,'SEM',0.00,15.00,15.00,'2012-07-16','2012-07-16',0,0,0),
 (164,'SURG-B',78.00,24.00,24.00,'2012-07-16','2012-08-13',0,0,0),
 (165,'SYR10ML',2137.00,7.00,6.00,'2012-07-16','2012-08-13',0,0,0),
 (166,'SYR1ML',0.00,6.00,5.00,'2012-07-16','2012-08-13',0,0,0),
 (167,'SYR2.5ML',700.00,6.00,5.00,'2012-07-16','2012-08-13',0,0,0),
 (168,'SYR3ML',602.00,6.00,5.00,'2012-07-16','2012-08-13',0,0,0),
 (169,'SYR5ML',865.00,7.00,6.00,'2012-07-16','2012-08-13',0,0,0),
 (170,'TEETHC',0.00,980.00,980.00,'2012-07-16','2012-07-16',0,0,0),
 (171,'WAT1/2(M)',19.00,35.00,35.00,'2012-07-16','2012-08-12',0,0,0),
 (172,'WAT1/4(S)',1.00,29.00,29.00,'2012-07-16','2012-08-12',0,0,0),
 (173,'WAT1GAL',10.00,45.00,45.00,'2012-07-16','2012-08-13',0,0,0),
 (174,'AGME-2G(PCS)',0.00,18.00,18.00,'2012-07-16','2012-07-16',0,0,0),
 (175,'AGMEC-5G(S)',23.00,17.50,17.00,'2012-07-16','2012-08-13',0,0,0),
 (176,'AGMEC-5G(B)',0.00,840.00,816.00,'2012-07-16','2012-08-13',0,0,0),
 (177,'AMBROX-5G(S)',46.00,29.00,28.50,'2012-07-16','2012-08-13',0,0,0),
 (178,'AMBROX-5G(B)',0.00,1398.00,1368.00,'2012-07-16','2012-08-10',0,0,0),
 (179,'AMOXI(PCS)',0.00,3.00,3.00,'2012-07-16','2012-08-09',0,0,0),
 (180,'AMOXT5G(PCS)',0.00,17.00,16.50,'2012-07-16','2012-07-16',0,0,0),
 (181,'AMOXT-5G(B)',0.00,408.00,396.00,'2012-07-16','2012-07-16',0,0,0),
 (182,'AMTYL(PCS)',103.00,14.00,13.50,'2012-07-16','2012-08-13',0,0,0),
 (183,'AMTYL(BOX)',0.00,1350.00,1350.00,'2012-07-16','2012-08-09',0,0,0),
 (184,'ANIM10ML',0.00,62.00,62.00,'2012-07-16','2012-07-16',0,0,0),
 (185,'APRA1KG',6.00,2000.00,1800.00,'2012-07-16','2012-08-13',0,0,0),
 (186,'APRA6G(PCS)',9.00,19.00,17.50,'2012-07-16','2012-08-13',0,0,0),
 (187,'APRA6G(B)',78.00,910.00,819.00,'2012-07-16','2012-08-13',0,0,0),
 (188,'AQUAD5G(S)',0.00,18.00,17.50,'2012-07-16','2012-08-11',0,0,0),
 (190,'ASTIG(PCS)',0.00,6.50,6.50,'2012-07-16','2012-08-09',0,0,0),
 (191,'ASTIG(B)',0.00,650.00,650.00,'2012-07-16','2012-07-16',0,0,0),
 (192,'AXYLIN5G(S)',20.00,23.50,23.50,'2012-07-16','2012-08-13',0,0,0),
 (193,'B12(AFFES)PCS.',0.00,4.50,4.00,'2012-07-16','2012-07-16',0,0,0),
 (194,'B12(AFFES)BOT.',0.00,55.00,55.00,'2012-07-16','2012-07-16',0,0,0),
 (195,'B12(LDI)PCS.',0.00,4.00,3.00,'2012-07-16','2012-07-16',0,0,0),
 (196,'B50(PCS)',60.00,5.00,4.50,'2012-07-16','2012-08-13',0,0,0),
 (197,'B50TABS(B)',3.00,826.00,826.00,'2012-07-16','2012-08-13',0,0,0),
 (198,'BACT100ML',32.00,850.00,765.00,'2012-07-16','2012-08-13',0,0,0),
 (199,'BACT10ML',0.00,170.00,153.00,'2012-07-16','2012-08-09',0,0,0),
 (200,'BAXISE6G(S)',68.00,15.50,14.00,'2012-07-16','2012-08-13',0,0,0),
 (201,'BAXITABS(B)',13.00,585.00,526.50,'2012-07-16','2012-08-13',0,0,0),
 (202,'BAXI7G(S)',76.00,13.75,13.00,'2012-07-16','2012-08-13',0,0,0),
 (203,'BAXI7G(B)',49.00,655.00,589.50,'2012-07-16','2012-08-13',0,0,0),
 (204,'BAXI25G(B)',0.00,600.00,540.00,'2012-07-16','2012-07-16',0,0,0),
 (205,'BAXI30G',10.00,545.00,490.50,'2012-07-16','2012-08-13',0,0,0),
 (206,'BAXI1KG(G)',1.00,890.00,801.00,'2012-07-16','2012-08-13',0,0,0),
 (207,'BAXISE6G(B)',81.00,740.00,666.00,'2012-07-16','2012-08-13',0,0,0),
 (208,'BAXITABS(PCS)',25.00,7.40,5.50,'2012-07-16','2012-08-13',0,0,0),
 (209,'B-COMP100ML',0.00,0.00,0.00,'2012-07-16','2012-07-16',0,0,0),
 (210,'BEE-P(B)',15.00,500.00,500.00,'2012-07-16','2012-08-13',0,0,0),
 (211,'BEE-P(PCS)',70.00,5.00,5.00,'2012-07-16','2012-08-13',0,0,0),
 (212,'BELA100ML',21.00,1145.00,1100.00,'2012-07-16','2012-08-13',0,0,0),
 (213,'BELA10ML',32.00,208.00,208.00,'2012-07-16','2012-08-13',0,0,0),
 (214,'BELA20ML',0.00,299.00,269.00,'2012-07-16','2012-07-16',0,0,0),
 (215,'BELA50ML',0.00,556.00,500.00,'2012-07-16','2012-07-16',0,0,0),
 (216,'BEXSP100ML',16.00,660.00,594.00,'2012-07-16','2012-08-13',0,0,0),
 (217,'BEXSP10ML',185.00,165.00,148.50,'2012-07-16','2012-08-13',0,0,0),
 (218,'BEXSP20ML',0.00,250.00,225.00,'2012-07-16','2012-08-07',0,0,0),
 (219,'BEXXP100ML',37.00,809.30,728.50,'2012-07-16','2012-08-13',0,0,0),
 (220,'BEXXP10ML',232.00,155.00,139.50,'2012-07-16','2012-08-13',0,0,0),
 (221,'BEXXP20ML',12.00,235.00,211.50,'2012-07-16','2012-08-13',0,0,0),
 (222,'BIGGC2(5GM)',7.00,17.00,17.00,'2012-07-16','2012-08-13',0,0,0),
 (223,'BIOT100ML',0.00,0.00,0.00,'2012-07-16','2012-07-16',0,0,0),
 (224,'BOTSPRAY',0.00,0.00,0.00,'2012-07-16','2012-07-16',0,0,0),
 (225,'BTS(S)',0.00,15.00,15.00,'2012-07-16','2012-08-09',0,0,0),
 (226,'CALC',0.00,160.00,160.00,'2012-07-16','2012-07-16',0,0,0),
 (227,'CALCLAC',67.00,14.00,10.50,'2012-07-16','2012-08-12',0,0,0),
 (228,'CALV(PCS)',23.00,3.50,3.00,'2012-07-16','2012-08-13',0,0,0),
 (229,'CALVTAB(B)',4.00,350.00,300.00,'2012-07-16','2012-08-13',0,0,0),
 (230,'CATH(FOAM)',0.00,18.00,18.00,'2012-07-16','2012-08-07',0,0,0),
 (231,'CATH(SPIRAL)',0.00,26.00,26.00,'2012-07-16','2012-08-07',0,0,0),
 (232,'CECI200G',352.00,56.00,51.00,'2012-07-16','2012-08-13',0,0,0),
 (233,'CECI25KG',0.00,4274.00,3847.00,'2012-07-16','2012-07-16',0,0,0),
 (234,'CHLOR300(PCS)',0.00,3.50,3.00,'2012-07-16','2012-07-16',0,0,0),
 (235,'CHLOR300(B)',0.00,350.00,300.00,'2012-07-16','2012-07-16',0,0,0),
 (236,'CHLOR250(PCS)',0.00,3.00,2.50,'2012-07-16','2012-07-16',0,0,0),
 (237,'CHLOR250(B)',0.00,300.00,250.00,'2012-07-16','2012-07-16',0,0,0),
 (238,'CLEANSY',0.00,178.00,178.00,'2012-07-16','2012-07-16',0,0,0),
 (239,'COCKSURE(PCS)',0.00,11.00,11.00,'2012-07-16','2012-07-16',0,0,0),
 (240,'COGL',0.00,150.00,150.00,'2012-07-16','2012-08-09',0,0,0),
 (241,'COMB86',8.00,179.50,178.00,'2012-07-16','2012-08-13',0,0,0),
 (242,'COMP3000(PCS)',52.00,3.00,2.00,'2012-07-16','2012-08-13',0,0,0),
 (243,'COMP3000(10ML)',2.00,165.00,160.00,'2012-07-16','2012-08-13',0,0,0),
 (244,'COPY10ML',13.00,68.00,66.00,'2012-07-16','2012-08-13',0,0,0),
 (245,'DCM50ML',20.00,114.00,114.00,'2012-07-16','2012-08-13',0,0,0),
 (246,'DERMO10ML',2.00,50.00,48.00,'2012-07-16','2012-08-13',0,0,0),
 (247,'DEXT100ML',27.00,100.00,98.00,'2012-07-16','2012-08-13',0,0,0),
 (248,'DEXTRPDR100G',95.00,26.00,23.00,'2012-07-16','2012-08-13',0,0,0),
 (249,'DEXTRPDR300G',37.00,65.00,63.00,'2012-07-16','2012-08-13',0,0,0),
 (250,'DIGEST6G(S)',25.00,15.00,13.50,'2012-07-16','2012-08-13',0,0,0),
 (251,'DIGEST6G(B)',33.00,720.00,648.00,'2012-07-16','2012-08-13',0,0,0),
 (252,'DOXYTAB(PCS)',55.00,7.50,7.00,'2012-07-16','2012-08-13',0,0,0),
 (253,'DOXYTAB(B)',0.00,750.00,700.00,'2012-07-16','2012-08-09',0,0,0),
 (254,'DOXY7G(S)',49.00,15.50,15.00,'2012-07-16','2012-08-13',0,0,0),
 (255,'DOXY7G(B)',1.00,744.00,720.00,'2012-07-16','2012-08-13',0,0,0),
 (256,'DRYS',20.00,85.00,82.00,'2012-07-16','2012-08-13',0,0,0),
 (257,'ECOL10ML',0.00,91.00,91.00,'2012-07-16','2012-07-16',0,0,0),
 (258,'ECOL5ML',25.00,46.80,40.80,'2012-07-16','2012-08-12',0,0,0),
 (259,'EGG-SC',0.00,3500.00,3500.00,'2012-07-16','2012-07-16',0,0,0),
 (260,'ELECT20G(S)',4.00,14.00,14.00,'2012-07-16','2012-08-14',0,0,0),
 (261,'ELECT6G(S)',0.00,8.25,7.25,'2012-07-16','2012-08-13',0,0,0),
 (262,'ELECT1KG(GAL)',1.00,685.00,616.50,'2012-07-16','2012-08-13',0,0,0),
 (263,'ELECT20G(B)',55.00,168.00,151.50,'2012-07-16','2012-08-13',0,0,0),
 (264,'ELECT6G(B)',23.00,385.00,346.50,'2012-07-16','2012-08-13',0,0,0),
 (265,'ENEF(PCS)',0.00,6.00,5.00,'2012-07-16','2012-07-16',0,0,0),
 (266,'EXCE5G(B)',0.00,720.00,720.00,'2012-07-16','2012-07-16',0,0,0),
 (267,'FLYM10G(B)',2.00,1500.00,1500.00,'2012-07-16','2012-08-13',0,0,0),
 (268,'FLYM(S)',0.00,85.00,85.00,'2012-07-16','2012-07-16',0,0,0),
 (269,'FLYM250G(J)',10.00,1950.00,1950.00,'2012-07-16','2012-08-13',0,0,0),
 (270,'GANATAB(PCS)',170.00,8.00,7.50,'2012-07-16','2012-08-13',0,0,0),
 (271,'GANATAB(B)',7.00,1600.00,1440.00,'2012-07-16','2012-08-13',0,0,0),
 (272,'GONAD',13.00,183.00,180.50,'2012-07-16','2012-08-13',0,0,0),
 (273,'GROF',0.00,57.00,57.00,'2012-07-16','2012-07-16',0,0,0),
 (274,'HAMTAB(PCS)',161.00,5.00,4.50,'2012-07-16','2012-08-13',0,0,0),
 (275,'HAMTAB200(B)',0.00,826.00,826.00,'2012-07-16','2012-08-07',0,0,0),
 (276,'HAMSUS6ML',192.00,18.00,17.50,'2012-07-16','2012-08-13',0,0,0),
 (277,'HEPAX100ML',0.00,0.00,0.00,'2012-07-16','2012-07-16',0,0,0),
 (278,'HUSC',0.00,44.00,44.00,'2012-07-16','2012-07-16',0,0,0),
 (279,'INSTIRON15ML',0.00,140.00,140.00,'2012-07-16','2012-07-16',0,0,0),
 (280,'IODO10ML',0.00,46.00,46.00,'2012-07-16','2012-07-16',0,0,0),
 (281,'IRON100ML',20.00,0.00,0.00,'2012-07-16','2012-08-13',0,0,0),
 (282,'ISOL20%',31.00,108.00,108.00,'2012-07-16','2012-08-13',0,0,0),
 (283,'ISOL5%',19.00,58.00,58.00,'2012-07-16','2012-08-13',0,0,0),
 (284,'I-SOLVE',0.00,1850.00,1850.00,'2012-07-16','2012-08-07',0,0,0),
 (285,'IVER100ML',10.00,0.00,0.00,'2012-07-16','2012-08-13',0,0,0),
 (286,'IVER10ML',0.00,152.00,152.00,'2012-07-16','2012-08-09',0,0,0),
 (287,'JECTADV100ML',1.00,535.00,481.00,'2012-07-16','2012-08-13',0,0,0),
 (288,'JECTADV20ML',37.00,270.00,243.00,'2012-07-16','2012-08-13',0,0,0),
 (289,'JECTCLA10ML',26.00,130.00,117.00,'2012-07-16','2012-08-13',0,0,0),
 (290,'JECTPREM100ML',36.00,500.00,450.00,'2012-07-16','2012-08-13',0,0,0),
 (291,'JECTPREM10ML',220.00,185.00,166.50,'2012-07-16','2012-08-13',0,0,0),
 (292,'JECTPREM20ML',3.00,260.00,234.00,'2012-07-16','2012-08-12',0,0,0),
 (293,'KOPE',0.00,7.00,7.00,'2012-07-16','2012-07-16',0,0,0),
 (294,'LACTA30ML',0.00,61.00,61.00,'2012-07-16','2012-07-16',0,0,0),
 (295,'LATIG10G(S)',4.00,31.00,31.00,'2012-07-16','2012-08-13',0,0,0),
 (296,'LATIG10G(B)',197.00,744.00,669.60,'2012-07-16','2012-08-13',0,0,0),
 (297,'LATIG5G(S)',26.00,6.00,6.00,'2012-07-16','2012-08-14',0,0,0),
 (298,'LATIG5G(B)',243.00,252.00,227.00,'2012-07-16','2012-08-13',0,0,0),
 (299,'LAT200(B)',0.00,1900.00,1710.00,'2012-07-16','2012-07-16',0,0,0),
 (300,'LAT200(PCS)',0.00,9.50,8.75,'2012-07-16','2012-07-16',0,0,0),
 (301,'LAT60(PCS)',40.00,9.50,8.75,'2012-07-16','2012-08-13',0,0,0),
 (302,'LAT60(B)',5.00,570.00,513.00,'2012-07-16','2012-08-13',0,0,0),
 (303,'LAT500(B)',1.00,900.00,810.00,'2012-07-16','2012-08-13',0,0,0),
 (304,'LAT500(PCS)',7.00,30.00,27.00,'2012-07-16','2012-08-13',0,0,0),
 (305,'L-SPEC',10.00,286.00,286.00,'2012-07-16','2012-08-13',0,0,0),
 (306,'MICRO',5.00,1372.00,1372.00,'2012-07-16','2012-08-13',0,0,0),
 (307,'MAJOR-D(S)',35.00,18.00,18.00,'2012-07-16','2012-08-13',0,0,0),
 (308,'MAJOR-D100ML',0.00,60.00,54.00,'2012-07-16','2012-07-16',0,0,0),
 (309,'MAJOR-D(B)',0.00,540.00,540.00,'2012-07-16','2012-08-07',0,0,0),
 (310,'MAMM100ML',2.00,85.00,76.50,'2012-07-16','2012-08-13',0,0,0),
 (311,'MAMM10ML',0.00,430.00,387.00,'2012-07-16','2012-07-16',0,0,0),
 (312,'MOTHYL-X(PCS)',0.00,3.00,5.00,'2012-07-16','2012-07-16',0,0,0),
 (313,'MOTHYL-X(BOT)',0.00,92.00,89.50,'2012-07-16','2012-07-16',0,0,0),
 (314,'MULTIV100S',28.00,14.00,10.50,'2012-07-16','2012-08-12',0,0,0),
 (315,'MYCO100ML',0.00,680.00,670.00,'2012-07-16','2012-08-09',0,0,0),
 (316,'NF',0.00,0.00,0.00,'2012-07-16','2012-08-09',0,0,0),
 (317,'NUTRID15ML',0.00,170.00,170.00,'2012-07-16','2012-07-16',0,0,0),
 (318,'NUTRIG300G',3.00,47.00,40.00,'2012-07-16','2012-08-12',0,0,0),
 (319,'ORN',0.00,40.00,40.00,'2012-07-16','2012-08-11',0,0,0),
 (320,'OSC100ML',21.00,650.00,650.00,'2012-07-16','2012-08-13',0,0,0),
 (321,'OXX',0.00,7.00,7.00,'2012-07-16','2012-07-16',0,0,0),
 (322,'OXY5ML',0.00,165.00,165.00,'2012-07-16','2012-07-16',0,0,0),
 (323,'OXYLA30ML',0.00,196.00,193.00,'2012-07-16','2012-07-16',0,0,0),
 (324,'OXYT2.5ML',0.00,38.00,38.00,'2012-07-16','2012-07-16',0,0,0),
 (325,'OXYT5ML',0.00,130.00,130.00,'2012-07-16','2012-07-16',0,0,0),
 (326,'PET150GMS',6.00,54.90,54.90,'2012-07-16','2012-08-13',0,0,0),
 (327,'PET60GMS',6.00,24.90,24.90,'2012-07-16','2012-08-13',0,0,0),
 (328,'PET110GMS',7.00,42.80,42.80,'2012-07-16','2012-08-13',0,0,0),
 (329,'PIDRO2.4(PCS)',2.00,6.00,6.00,'2012-07-16','2012-08-13',0,0,0),
 (330,'PIDRO2.4(B)',200.00,300.00,300.00,'2012-07-16','2012-08-13',0,0,0),
 (331,'PITOC10ML',0.00,120.00,120.00,'2012-07-16','2012-07-16',0,0,0),
 (332,'PITOC5ML',0.00,130.00,115.00,'2012-07-16','2012-07-16',0,0,0),
 (333,'PITOX',7.00,120.00,120.00,'2012-07-16','2012-08-13',0,0,0),
 (334,'PROMOTIC',0.00,413.00,413.00,'2012-07-16','2012-07-16',0,0,0),
 (335,'PROMOTOR',1.00,1320.00,1320.00,'2012-07-16','2012-08-12',0,0,0),
 (336,'PROTO250ML',18.00,83.00,82.00,'2012-07-16','2012-08-13',0,0,0),
 (337,'PROX',0.00,15.00,12.00,'2012-07-16','2012-07-16',0,0,0),
 (338,'PUSHAM8ML(B)',7.00,375.00,337.50,'2012-07-16','2012-08-13',0,0,0),
 (339,'PUSHAM8M(S)',21.00,12.50,11.25,'2012-07-16','2012-08-13',0,0,0),
 (340,'PYRIS7G(B)',0.00,768.00,768.00,'2012-07-16','2012-08-10',0,0,0),
 (341,'QUICK-H',2.00,165.00,150.00,'2012-07-16','2012-08-13',0,0,0),
 (342,'REDB100ML',15.00,467.00,467.00,'2012-07-16','2012-08-13',0,0,0),
 (343,'REDB10ML',15.00,136.00,136.00,'2012-07-16','2012-08-12',0,0,0),
 (344,'REDC',0.00,82.00,77.00,'2012-07-16','2012-07-16',0,0,0),
 (345,'REDG(PCS)',40.00,24.00,23.00,'2012-07-16','2012-08-14',0,0,0),
 (346,'REDB20ML',23.00,192.00,192.00,'2012-07-16','2012-08-13',0,0,0),
 (347,'REDB50ML',30.00,276.00,276.00,'2012-07-16','2012-08-13',0,0,0),
 (348,'REDGCAP',13.00,480.00,460.00,'2012-07-16','2012-08-14',0,0,0),
 (349,'REL5ML',21.00,145.00,145.00,'2012-07-16','2012-08-13',0,0,0),
 (350,'RESP',5.00,170.00,155.00,'2012-07-16','2012-08-13',0,0,0),
 (351,'ROMOX(PCS)',58.00,12.60,12.60,'2012-07-16','2012-08-13',0,0,0),
 (352,'ROMOX(B)',47.00,0.00,0.00,'2012-07-16','2012-08-13',0,0,0),
 (353,'ROOST',21.00,52.00,45.00,'2012-07-16','2012-08-13',0,0,0),
 (354,'ROVIS',26.00,360.00,360.00,'2012-07-16','2012-08-13',0,0,0),
 (355,'SCOUCOB',2.00,0.00,0.00,'2012-07-16','2012-08-13',0,0,0),
 (356,'SCOU(PCS)',0.00,15.00,14.50,'2012-07-16','2012-07-16',0,0,0),
 (357,'SELEC(S)',16.00,18.50,18.25,'2012-07-16','2012-08-13',0,0,0),
 (358,'SELEC20ML',2.00,222.00,219.00,'2012-07-16','2012-08-13',0,0,0),
 (359,'SMP',19.00,0.00,0.00,'2012-07-16','2012-08-13',0,0,0),
 (360,'SOLU25GM',92.00,42.00,42.00,'2012-07-16','2012-08-13',0,0,0),
 (361,'STREP',80.00,51.00,51.00,'2012-07-16','2012-08-13',0,0,0),
 (362,'STRES',0.00,0.00,0.00,'2012-07-16','2012-07-16',0,0,0),
 (363,'STRONG',72.00,7.00,6.50,'2012-07-16','2012-08-13',0,0,0),
 (364,'STRONGTAB',24.00,700.00,630.00,'2012-07-16','2012-08-13',0,0,0),
 (365,'SULF100ML',37.00,450.00,450.00,'2012-07-16','2012-08-13',0,0,0),
 (366,'SUSLA100ML',27.00,500.00,450.00,'2012-07-16','2012-08-13',0,0,0),
 (367,'SUSLA10ML',65.00,130.00,117.00,'2012-07-16','2012-08-13',0,0,0),
 (368,'T2S 20g',24.00,60.00,60.00,'2012-07-16','2012-08-14',0,0,0),
 (369,'THYR',0.00,45.00,45.00,'2012-07-16','2012-08-07',0,0,0),
 (370,'TMPS',0.00,235.00,235.00,'2012-07-16','2012-07-16',0,0,0),
 (371,'TRIPU100ML',0.00,0.00,0.00,'2012-07-16','2012-07-16',0,0,0),
 (372,'TRISU',0.00,7.50,7.00,'2012-07-16','2012-07-16',0,0,0),
 (373,'TRISUL7G(B)',0.00,744.00,744.00,'2012-07-16','2012-08-07',0,0,0),
 (374,'TRISUL7G(S',80.00,15.50,15.00,'2012-07-16','2012-08-13',0,0,0),
 (375,'TRISULCAP',0.00,750.00,700.00,'2012-07-16','2012-08-10',0,0,0),
 (376,'TRU-G',0.00,550.00,500.00,'2012-07-16','2012-08-07',0,0,0),
 (377,'TRU-G(PCS)',0.00,5.50,5.00,'2012-07-16','2012-08-10',0,0,0),
 (378,'TYL',0.00,1.80,1.80,'2012-07-16','2012-07-16',0,0,0),
 (379,'TYL250',0.00,180.00,180.00,'2012-07-16','2012-07-16',0,0,0),
 (380,'TYRO50GM',0.00,38.75,38.75,'2012-07-16','2012-07-16',0,0,0),
 (381,'UTER(COB)',62.00,22.00,20.00,'2012-07-16','2012-08-13',0,0,0),
 (382,'V22T',109.00,2.00,1.50,'2012-07-16','2012-08-14',0,0,0),
 (383,'V22100T',44.00,150.00,135.00,'2012-07-16','2012-08-14',0,0,0),
 (384,'V22-200G',30.00,56.00,51.00,'2012-07-16','2012-08-13',0,0,0),
 (385,'VALUEMEAL(KG)',91.00,80.00,80.00,'2012-07-16','2012-08-14',0,0,0),
 (386,'VANG',0.00,160.00,160.00,'2012-07-16','2012-07-16',0,0,0),
 (387,'VERM',0.00,4.50,4.00,'2012-07-16','2012-08-10',0,0,0),
 (388,'VERMCAP',0.00,450.00,400.00,'2012-07-16','2012-07-16',0,0,0),
 (389,'VETC5G',16.00,12.00,11.00,'2012-07-16','2012-08-13',0,0,0),
 (390,'VETP5G',26.00,15.00,13.50,'2012-07-16','2012-08-13',0,0,0),
 (391,'VETC100ML',0.00,100.00,100.00,'2012-07-16','2012-07-16',0,0,0),
 (392,'VETCL1KG',0.00,620.00,620.00,'2012-07-16','2012-07-16',0,0,0),
 (393,'VETCL2KG',0.00,1240.00,1240.00,'2012-07-16','2012-07-16',0,0,0),
 (394,'VETMEGA30G',7.00,795.00,716.00,'2012-07-16','2012-08-13',0,0,0),
 (395,'VETC30G',0.00,65.00,65.00,'2012-07-16','2012-07-16',0,0,0),
 (396,'VETCLA5G',301.00,576.00,518.00,'2012-07-16','2012-08-13',0,0,0),
 (397,'VETG1KG',16.00,1626.50,1463.50,'2012-07-16','2012-08-13',0,0,0),
 (398,'VETGOLD24G',4.00,1200.00,1080.00,'2012-07-16','2012-08-14',0,0,0),
 (399,'VETG24G',109.00,100.00,90.00,'2012-07-16','2012-08-14',0,0,0),
 (400,'VETG5G',51.00,20.00,17.75,'2012-07-16','2012-08-14',0,0,0),
 (401,'VETGOLD5G',351.00,960.00,864.00,'2012-07-16','2012-08-14',0,0,0),
 (402,'VETG-CAP',23.00,7.00,6.30,'2012-07-16','2012-08-13',0,0,0),
 (403,'VETGOLDCAP',80.00,700.00,630.00,'2012-07-16','2012-08-13',0,0,0),
 (404,'VETPRE24G',5.00,900.00,810.00,'2012-07-16','2012-08-13',0,0,0),
 (405,'VETP24G',17.00,75.00,67.50,'2012-07-16','2012-08-13',0,0,0),
 (406,'VETPREM5G',361.00,720.00,648.00,'2012-07-16','2012-08-13',0,0,0),
 (407,'VIMINTAB(B)',0.00,450.00,350.00,'2012-07-16','2012-08-10',0,0,0),
 (408,'VIMIN(PCS)',117.00,5.50,4.50,'2012-07-16','2012-08-13',0,0,0),
 (409,'VITADE10ML',34.00,95.00,91.00,'2012-07-16','2012-08-13',0,0,0),
 (410,'B12(LDI)',0.00,400.00,300.00,'2012-07-16','2012-07-16',0,0,0),
 (411,'B12(AFFES)',0.00,60.00,55.00,'2012-07-16','2012-07-16',0,0,0),
 (412,'VITAF',39.00,46.00,46.00,'2012-07-16','2012-08-13',0,0,0),
 (413,'VITERAL',0.00,1440.00,1440.00,'2012-07-16','2012-07-16',0,0,0),
 (414,'VIT500',1.00,85.00,85.00,'2012-07-16','2012-08-12',0,0,0),
 (415,'VITON-ADE10ML',0.00,95.00,95.00,'2012-07-16','2012-07-16',0,0,0),
 (416,'VOLT(PCS)',0.00,13.00,12.00,'2012-07-16','2012-08-10',0,0,0),
 (417,'WASH10ML(S)',8.00,13.00,13.00,'2012-07-16','2012-08-13',0,0,0),
 (418,'WASH10ML(B)',0.00,300.00,288.00,'2012-07-16','2012-08-10',0,0,0),
 (419,'WORMT(PCS)',82.00,5.00,4.00,'2012-07-16','2012-08-13',0,0,0),
 (420,'WORMTAB(B)',1.00,500.00,400.00,'2012-07-16','2012-08-13',0,0,0),
 (421,'W-SPRAY75G',2.00,78.50,78.50,'2012-07-16','2012-08-12',0,0,0),
 (422,'ZERO(B)',9.00,0.00,0.00,'2012-07-16','2012-08-13',0,0,0),
 (423,'ZERO(S)',14.00,15.00,15.00,'2012-07-16','2012-08-13',0,0,0),
 (424,'T2S 5g',0.00,21.00,20.00,'2012-07-16','2012-07-16',1,0,0),
 (425,'LUTA',2.00,60.00,60.00,'2012-08-06','2012-08-13',2,0,0),
 (426,'VITA-K',2.00,100.00,100.00,'2012-08-06','2012-08-13',2,0,0),
 (428,'ROBI',9.00,35.00,35.00,'2012-08-06','2012-08-06',2,0,0),
 (429,'HYPO16X1/2',107.00,16.00,16.00,'2012-08-06','2012-08-13',1,0,0),
 (430,'HYPO17X3/4',104.00,16.00,16.00,'2012-08-06','2012-08-13',1,0,0),
 (431,'NOVA-B',162.00,100.00,100.00,'2012-08-06','2012-08-13',1,0,0),
 (432,'CYNO',337.00,100.00,100.00,'2012-08-06','2012-08-13',1,0,0),
 (433,'ANDR',14.00,7.00,7.00,'2012-08-06','2012-08-13',1,0,0),
 (434,'ROV',44.00,15.00,15.00,'2012-08-06','2012-08-13',1,0,0),
 (435,'AST',37.00,15.00,15.00,'2012-08-06','2012-08-13',1,0,0),
 (436,'ASTIG5G',0.00,500.00,500.00,'2012-08-06','2012-08-06',1,0,0),
 (438,'LIV250ML',0.00,150.00,150.00,'2012-08-06','2012-08-10',1,0,0),
 (439,'HOU',0.00,250.00,250.00,'2012-08-06','2012-08-06',1,0,0),
 (440,'HUM',0.00,250.00,250.00,'2012-08-06','2012-08-06',1,0,0),
 (441,'DIS-SYR5',0.00,600.00,600.00,'2012-08-06','2012-08-06',1,0,0),
 (442,'OXY-R',0.00,150.00,150.00,'2012-08-06','2012-08-06',1,0,0),
 (443,'PYRIS',48.00,20.00,20.00,'2012-08-06','2012-08-13',1,0,0),
 (444,'PROM',73.00,15.00,15.00,'2012-08-06','2012-08-13',1,0,0),
 (445,'ENER',19.00,400.00,400.00,'2012-08-06','2012-08-13',1,0,0),
 (446,'BLP',1.00,885.00,885.00,'2012-08-07','2012-08-12',1,0,0),
 (447,'GOLD-L',321.00,1550.00,1550.00,'2012-08-07','2012-08-14',1,0,0),
 (448,'STRAWB',577.00,1450.00,1450.00,'2012-08-07','2012-08-12',1,0,0),
 (449,'PINAWA',32.00,1560.00,1560.00,'2012-08-07','2012-08-12',1,0,0),
 (450,'TK',0.00,520.00,520.00,'2012-08-07','2012-08-12',1,0,0),
 (451,'NLB(PACK)',14.00,64.00,62.00,'2012-08-07','2012-08-13',0,0,0),
 (452,'NLP(Kraft)',3.00,987.50,987.50,'2012-08-07','2012-08-12',0,0,0),
 (454,'NSP(KG)',100.00,28.50,28.50,'2012-08-07','2012-08-14',0,0,0),
 (455,'NBP(KG)',105.00,25.00,25.00,'2012-08-07','2012-08-14',0,0,0),
 (456,'NGP(KG)',26.00,26.00,26.00,'2012-08-07','2012-08-07',0,0,0),
 (457,'LSP(KG)',27.00,27.00,27.00,'2012-08-07','2012-08-07',0,0,0),
 (458,'PSP(KG)',0.00,25.00,25.00,'2012-08-07','2012-08-07',0,0,0),
 (459,'CBM(KG)',25.00,29.50,29.50,'2012-08-07','2012-08-14',0,0,0),
 (460,'CSM(KG)',50.00,26.00,26.00,'2012-08-07','2012-08-14',0,0,0),
 (461,'CGM(KG)',50.00,24.50,24.50,'2012-08-07','2012-08-14',0,0,0),
 (462,'CLM(KG)',40.00,26.00,26.00,'2012-08-07','2012-08-14',0,0,0),
 (463,'BFC(KG)',0.00,26.75,26.75,'2012-08-07','2012-08-07',0,0,0),
 (464,'BSC(KG)',16.00,28.25,28.25,'2012-08-07','2012-08-14',0,0,0),
 (465,'PDP-ORD(KG)',0.00,19.25,19.25,'2012-08-07','2012-08-07',0,0,0),
 (466,'PDP-SPE(KG)',19.25,19.25,19.25,'2012-08-07','2012-08-07',0,0,0),
 (467,'PGP-R(KG)',0.00,23.25,23.25,'2012-08-07','2012-08-07',0,0,0),
 (468,'PGP-B(KG)',0.00,22.00,22.00,'2012-08-07','2012-08-07',0,0,0),
 (469,'HSC(KG)',0.00,23.75,23.75,'2012-08-07','2012-08-07',0,0,0),
 (470,'HGP(KG)',80.00,22.25,22.25,'2012-08-07','2012-08-14',0,0,0),
 (471,'HFP(KG)',0.00,21.75,21.75,'2012-08-07','2012-08-07',0,0,0),
 (472,'GMP-3(KG)',0.00,25.00,25.00,'2012-08-07','2012-08-07',0,0,0),
 (473,'SPE16(KG)',0.00,28.00,28.00,'2012-08-07','2012-08-07',0,0,0),
 (474,'SLASHER(KG)',0.00,30.00,30.00,'2012-08-07','2012-08-07',0,0,0),
 (475,'TUFF(KG)',4.00,25.00,25.00,'2012-08-07','2012-08-07',0,0,0),
 (476,'7KINDS(KG)',57.00,26.00,26.00,'2012-08-07','2012-08-14',0,0,0),
 (477,'FCC(KG)',0.00,27.50,27.50,'2012-08-07','2012-08-12',0,0,0),
 (478,'C.CORN(KG)',15.00,27.00,27.00,'2012-08-07','2012-08-07',0,0,0),
 (479,'C.CORN-F(KG)',0.00,27.00,27.00,'2012-08-07','2012-08-07',0,0,0),
 (480,'SLA-TONE(KG)',50.50,30.00,30.00,'2012-08-07','2012-08-14',0,0,0),
 (481,'SBC-M1000(PCK)',0.00,35.00,32.85,'2012-08-07','2012-08-07',0,0,0),
 (482,'SSC-M2000(PCK)',0.00,34.00,32.62,'2012-08-07','2012-08-07',0,0,0),
 (483,'SDP-M3000(PCK)',0.00,33.00,31.83,'2012-08-07','2012-08-07',0,0,0),
 (484,'FCP-M4000(PCK)',44.00,36.00,36.00,'2012-08-07','2012-08-14',0,0,0),
 (485,'FCP(KG)',0.00,36.00,36.00,'2012-08-07','2012-08-07',0,0,0),
 (486,'TB-BOOSTER(PCK)',0.00,38.00,38.00,'2012-08-07','2012-08-07',0,0,0),
 (487,'TB-DEVELOPER(PCK)',0.00,37.00,37.00,'2012-08-07','2012-08-07',0,0,0),
 (488,'TB-DEVELOPER4+(PCK)',0.00,34.00,34.00,'2012-08-07','2012-08-07',0,0,0),
 (489,'TB-ENERTONE(PCK)',0.00,31.00,31.00,'2012-08-07','2012-08-07',0,0,0),
 (490,'TB-PLATINUM(PCK)',0.00,49.00,49.00,'2012-08-07','2012-08-07',0,0,0),
 (491,'TB-FINISHER(PCK)',0.00,43.00,43.00,'2012-08-07','2012-08-07',0,0,0),
 (492,'TB-SUCCESOR(PCK)',0.00,34.00,34.00,'2012-08-07','2012-08-07',0,0,0),
 (493,'MULTIG(PACK)',1.00,40.00,40.00,'2012-08-07','2012-08-12',0,0,0),
 (494,'HI-LANDER(PCK)',13.00,28.50,28.50,'2012-08-07','2012-08-12',0,0,0),
 (495,'CHRISTINE(KG)',50.00,34.00,34.00,'2012-08-07','2012-08-14',0,0,0),
 (496,'RED(KG)',0.00,34.00,34.00,'2012-08-07','2012-08-07',0,0,0),
 (497,'GOLD-L(KG)',61.00,36.00,36.00,'2012-08-07','2012-08-14',0,0,0),
 (498,'PLAIN-R(KG)',0.00,30.00,30.00,'2012-08-07','2012-08-07',0,0,0),
 (499,'SDP(KG)',0.00,33.00,31.83,'2012-08-07','2012-08-07',0,0,0),
 (500,'NUTRIPRO(KG)',0.00,75.00,75.00,'2012-08-07','2012-08-07',0,0,0),
 (502,'SYR10ML(BOX)',0.00,700.00,700.00,'2012-08-07','2012-08-07',1,0,0),
 (503,'UTER(B)',10.00,2200.00,2200.00,'2012-08-07','2012-08-13',1,0,0),
 (504,'RESP-GEL',5.00,600.00,600.00,'2012-08-07','2012-08-12',1,0,0),
 (505,'RESP5ML',1.00,300.00,300.00,'2012-08-07','2012-08-13',1,0,0),
 (506,'TEP',4.00,600.00,600.00,'2012-08-07','2012-08-13',1,0,0),
 (507,'HEXA',40.00,41.00,41.00,'2012-08-07','2012-08-13',1,0,0),
 (508,'VOLTP-KQ',2.00,1200.00,1200.00,'2012-08-07','2012-08-13',1,0,0),
 (509,'FLYMAX10G(S)',20.00,100.00,100.00,'2012-08-07','2012-08-13',1,0,0),
 (510,'VITAF120',10.00,46.00,46.00,'2012-08-07','2012-08-13',1,0,0),
 (511,'BIGGELEC(5G)',53.00,14.00,14.00,'2012-08-07','2012-08-13',1,0,0),
 (512,'I-SOLVE(1LTR)',7.00,525.00,525.00,'2012-08-07','2012-08-13',1,0,0),
 (514,'BIGGC2(F1)',5.00,221.00,221.00,'2012-08-07','2012-08-13',1,0,0),
 (515,'BIGGC2(F2)',4.00,190.00,190.00,'2012-08-07','2012-08-13',1,0,0),
 (516,'BIGGC2(ELEC)',2.00,133.00,133.00,'2012-08-07','2012-08-13',1,0,0),
 (517,'V-REX(B)',20.00,576.00,576.00,'2012-08-07','2012-08-13',1,0,0),
 (518,'V-REX(S)',44.00,12.00,12.00,'2012-08-07','2012-08-13',1,0,0),
 (520,'ZEF',0.00,22.00,22.00,'2012-08-07','2012-08-08',1,0,0),
 (521,'ZEF(B)',20.00,600.00,600.00,'2012-08-08','2012-08-13',1,0,0),
 (522,'MULTIV(B)',38.00,504.00,504.00,'2012-08-08','2012-08-14',1,0,0),
 (523,'CALC-LAC(B)',37.00,504.00,504.00,'2012-08-08','2012-08-14',1,0,0),
 (524,'BAY',4.00,40.00,40.00,'2012-08-08','2012-08-12',1,0,0),
 (525,'MEEB',1.00,226.00,226.00,'2012-08-08','2012-08-12',1,0,0),
 (526,'CYDROX',2.00,170.00,170.00,'2012-08-08','2012-08-12',1,0,0),
 (527,'XZOL',9.00,150.00,150.00,'2012-08-08','2012-08-12',1,0,0),
 (528,'ANIM',1.00,372.00,372.00,'2012-08-08','2012-08-13',1,0,0),
 (529,'APRA100G',3.00,150.00,150.00,'2012-08-08','2012-08-13',1,0,0),
 (530,'SYR1ML(BOX)',0.00,700.00,700.00,'2012-08-09','2012-08-09',1,0,0),
 (531,'SYR2.5ML(BOX)',0.00,700.00,700.00,'2012-08-09','2012-08-09',1,0,0),
 (532,'SYR3ML(BOX)',0.00,700.00,700.00,'2012-08-09','2012-08-09',1,0,0),
 (533,'SYR5ML(BOX)',0.00,700.00,700.00,'2012-08-09','2012-08-09',1,0,0),
 (534,'ZEF(S)',48.00,17.00,17.00,'2012-08-11','2012-08-13',1,0,0),
 (535,'DOV(S)',0.00,15.00,15.00,'2012-08-11','2012-08-11',1,0,0),
 (536,'THB-FINISHER',8.00,43.00,43.00,'2012-08-12','2012-08-12',1,0,0),
 (537,'PEN-M',1.00,20.00,20.00,'2012-08-12','2012-08-12',1,0,0),
 (538,'AMOX-T',1.00,350.00,350.00,'2012-08-12','2012-08-12',1,0,0),
 (539,'CALC(LACTATE)',76.00,14.00,10.50,'2012-08-12','2012-08-14',1,0,0),
 (540,'E-TRAY',400.00,5.50,5.50,'2012-08-13','2012-08-13',1,0,0),
 (541,'THB DEVELOPER(P)',29.00,37.00,37.00,'2012-08-13','2012-08-14',1,0,0),
 (542,'TYROX-V',28.00,17.00,17.00,'2012-08-13','2012-08-13',1,0,0),
 (543,'VERMEX-ECO(S)',47.00,11.50,11.50,'2012-08-13','2012-08-13',1,0,0),
 (544,'MIRO(1LTR)',0.00,442.00,442.00,'2012-08-13','2012-08-13',1,0,0),
 (546,'3S TAB',2.00,600.00,600.00,'2012-08-13','2012-08-13',1,0,0),
 (548,'3S',0.00,6.00,6.00,'2012-08-13','2012-08-13',1,0,0),
 (549,'SMP(B)',1.00,0.00,0.00,'2012-08-13','2012-08-13',1,0,0),
 (550,'VALUEMEAL-BAG',3.00,1500.00,1500.00,'2012-08-13','2012-08-13',1,0,0),
 (552,'STRAWB(KG)',42.00,31.00,31.00,'2012-08-13','2012-08-14',1,0,0),
 (553,'RM-R(KG)',34.00,43.00,43.00,'2012-08-13','2012-08-13',1,0,0),
 (554,'CYNO(T)',100.00,45.00,45.00,'2012-08-13','2012-08-13',1,0,0),
 (555,'NLB(P)',31.00,62.00,62.00,'2012-08-13','2012-08-14',1,0,0),
 (556,'SBS(25)',107.00,795.00,780.00,'2012-08-13','2012-08-13',1,0,0),
 (557,'NLP(P)',83.00,39.50,39.50,'2012-08-14','2012-08-14',1,0,0),
 (558,'THB ENERTONE(P)',4.00,31.00,31.00,'2012-08-14','2012-08-14',1,0,0),
 (559,'THB BOOSTER(P)',5.00,38.00,38.00,'2012-08-14','2012-08-14',1,0,1),
 (560,'VALB30ML',0.00,166.00,166.00,'2012-08-14','2012-08-14',2,0,0),
 (561,'GMP 3(KG)',50.00,24.00,24.00,'2012-08-14','2012-08-14',1,0,0),
 (562,'MEGA 3000 CRAFT(KG)',20.00,20.00,20.00,'2012-08-14','2012-08-14',1,0,0);
/*!40000 ALTER TABLE `items` ENABLE KEYS */;


--
-- Definition of table `items_description`
--

DROP TABLE IF EXISTS `items_description`;
CREATE TABLE `items_description` (
  `item_code` varchar(45) NOT NULL,
  `item_name` varchar(50) DEFAULT NULL,
  `item_description` varchar(100) DEFAULT NULL,
  `image` varchar(45) DEFAULT NULL,
  `status` tinyint(1) DEFAULT NULL,
  `unit_of_measure` varchar(45) DEFAULT NULL,
  PRIMARY KEY (`item_code`)
) ENGINE=InnoDB DEFAULT CHARSET=latin1;

--
-- Dumping data for table `items_description`
--

/*!40000 ALTER TABLE `items_description` DISABLE KEYS */;
INSERT INTO `items_description` (`item_code`,`item_name`,`item_description`,`image`,`status`,`unit_of_measure`) VALUES 
 ('3S','3S(PCS)','','',1,'PCS '),
 ('3S TAB','3S TAB 50s','','',1,'BOT'),
 ('7 KINDS','DG 7-KINDS 25KG','25KG','',1,'BAGS'),
 ('7KINDS(KG)','7KINDS(KG)','1KG','',1,'KG'),
 ('ACE 5000 CRAFT','ACE BREEDER 5000 (CRAFT)','25KG','',1,'BAGS'),
 ('ADI-R.','ADI RICE','50KG','',1,'BAGS'),
 ('AGME-2G(PCS)','AGMECTIN 2G (PCS)','2G','',1,'PCS '),
 ('AGMEC-5G(B)','AGMECTIN 5G X 48S (BOX)','5G','',1,'BOX'),
 ('AGMEC-5G(S)','AGMECTIN 5G (SAC)','5G','',1,'SACHET'),
 ('AI','AI (ARTIFICIAL INSEMENATION)','','',1,'PCS '),
 ('AJUNE-R.','AJUNE RICE','50KG','',1,'BAGS'),
 ('AMBROX-5G(B)','AMBROXITIL 5G X 48 (BOX)','5G','',1,'BOX'),
 ('AMBROX-5G(S)','AMBROXITIL 5G (SAC)','5G','',1,'SACHET'),
 ('AMOX-T','AMOXICILIN TRIHYDRATE 100 CAP','100 CAP','',1,'BOX'),
 ('AMOXI(PCS)','AMOXICILLIN (PCS)','','',1,'PCS '),
 ('AMOXT-5G(B)','AMOXTIN 5G X 24 (BOX)','5G','',1,'BOX'),
 ('AMOXT5G(PCS)','AMOXTIN 5G ( PCS )','5G','',1,'PCS '),
 ('AMTYL(BOX)','AMTYL 500 100TABS (BOX)','500G','',1,'BOX'),
 ('AMTYL(PCS)','AMTYL (PCS)','','',1,'PCS '),
 ('ANDR','ANDROBOL (PCS)','','',1,'PCS '),
 ('ANIM','ANIMYCIN 60ML','60ml','',1,'BOT'),
 ('ANIM10ML','ANIMYCIN 10ML (BOT)','10ML','',1,'BOT'),
 ('APRA100G','APRALYTE 100ML','','',1,'BOT'),
 ('APRA1KG','APRALYTE 1KG (GAL.)','1KG','',1,'GAL'),
 ('APRA6G(B)','APRALYTE 6G X 48 (BOX)','6G','',1,'BOX'),
 ('APRA6G(PCS)','APRALYTE 6G (PCS)','6G','',1,'PCS '),
 ('AQUAD5G(S)','AQUADOX 5G (SAC)','5G','',1,'SACHET'),
 ('AST','ASTIG 5G (SACHET)','5G','',1,'SACHET'),
 ('ASTIG(B)','ASTIG TAB (BOX)','','',1,'BOX'),
 ('ASTIG(PCS)','ASTIG T(PCS)','','',1,'PCS '),
 ('ASTIG5G','ASTIG 5G(BOX)','5G','',1,'BOX'),
 ('AXYLIN5G(S)','AXYLIN 5G ','5G','',1,'SACHET'),
 ('B-COMP100ML','B-COMPLEX 100ML','100ML','',1,'BOT'),
 ('B12(AFFES)','VIT B-12 AAFES (BOT)','','',1,'BOT'),
 ('B12(AFFES)BOT.','B-12 AAFES (BOT)','','',1,'BOT'),
 ('B12(AFFES)PCS.','B-12 (AFFES) PCS,','','',1,'PCS '),
 ('B12(LDI)','VIT B-12 (LDI)BOX','','',1,'BOX'),
 ('B12(LDI)PCS.','B-12 LDI (PCS)','','',1,'PCS '),
 ('B50(PCS)','B-50 (PCS)','','',1,'PCS '),
 ('B50TABS(B)','B-50 FORTEN 200TABS (BOX)','','',1,'BOX'),
 ('BACT100ML','BACTERID 100ML (BOT)','100ML','',1,'BOT'),
 ('BACT10ML','BACTERID 10ML (BOT)','10ML','',1,'BOT'),
 ('BAXI1KG(G)','BAXIDIL SE PDR 1KG (GAL)','1KG','',1,'GAL'),
 ('BAXI25G(B)','BAXIDIL 25G X 12 (BOX)','25G','',1,'BOX'),
 ('BAXI30G','BAXIDIL PDR 30G X 12','30G','',1,'SACHET'),
 ('BAXI7G(B)','BAXIDIL PDR 7G X 48S (BOX)','7G','',1,'BOX'),
 ('BAXI7G(S)','BAXIDIL PDR 7G (SACHET)','7G','',1,'SACHET'),
 ('BAXISE6G(B)','BAXIDIL SE 6G X 48S (BOX)','6G','',1,'BOX'),
 ('BAXISE6G(S)','BAXIDEL SE 6G (PCS)','6G','',1,'PCS '),
 ('BAXITABS(B)','BAXIDIL 100TABS (BOX)','740g','',1,'BOX'),
 ('BAXITABS(PCS)','BAXIDIL TAB.(PCS)','','',1,'PCS '),
 ('BAY','BAYONG','','',1,'PCS '),
 ('BEE-P(B)','BEE POLLEN (BOX)','','',1,'BOX'),
 ('BEE-P(PCS)','BEE-POLLEN (PCS)','','',1,'PCS '),
 ('BELA100ML','BELAMYL 100ML (BOT)','100ML','',1,'BOT'),
 ('BELA10ML','BELAMYL 10ML (BOT)','10ML','',1,'BOT'),
 ('BELA20ML','BELAMYL 20ML (BOT)','20ML','',1,'BOT'),
 ('BELA50ML','BELAMYL 50ML (BOT)','50ML','',1,'BOT'),
 ('BENG-R.(W)','BENG RICE (W)','50KG','',1,'BAGS'),
 ('BENG-R.(Y)','BENG RICE (Y)','50KG','',1,'BAGS'),
 ('BEXSP100ML','BEXAN SP 100ML (BOT)','100ML','',1,'BOT'),
 ('BEXSP10ML','BEXAN SP 10ML (BOT)','10ML','',1,'BOT'),
 ('BEXSP20ML','BEXAN SP 20 ML(BOT)','20ML','',1,'BOT'),
 ('BEXXP100ML','BEXAN XP 100ML (BOT)','100ML','',1,'BOT'),
 ('BEXXP10ML','BEXAN XP 10ML (BOT)','10ML','',1,'BOT'),
 ('BEXXP20ML','BEXAN XP 20ML (BOT)','20ML','',1,'BOT'),
 ('BFC','BROILER FINISHER CRUMBLE 50KG','50KG','',1,'BAGS'),
 ('BFC(KG)','BFC(KG)','1KG','',1,'KG'),
 ('BIG-B','BIG B (BROKEN)','50KG','',1,'BAGS'),
 ('BIGGC2(5GM)','BIGG CHICKEN 2 5GM','5G','',1,'PACK'),
 ('BIGGC2(ELEC)','BIGG CHICKEN ELECTROLYTE','120G','',1,'BOT'),
 ('BIGGC2(F1)','BIGG CHICKEN FORMULA 1','120G','',1,'BOT'),
 ('BIGGC2(F2)','BIGG CHICKEN FORMULA 2','120G','',1,'BOT'),
 ('BIGGELEC(5G)','BIGG ELECTROLYTES 5G','5G','',1,'PCS '),
 ('BIOT100ML','BIOTRIL 100ML (BOT)','100ML','',1,'BOT'),
 ('BLP','BREEDER LAYER PELLET/ ACE B-5000','','',1,'BAGS'),
 ('BOTSPRAY','BOTTLE SPRAY','','',1,'BOT'),
 ('BSC','BROILER STARTER CRUMBLE 50KG','50KG','',1,'BAGS'),
 ('BSC(KG)','BSC(KG)','1KG','',1,'KG'),
 ('BTS(S)','BTS (SAC)','','',1,'SACHET'),
 ('BUGGING-C','BUGGING COCK','','',1,'PCS '),
 ('BUKID-R.','BUKID RICE','50KG','',1,'BAGS'),
 ('C.CORN','DG C.CORN 25KG','25KG','',1,'BAGS'),
 ('C.CORN F','DG C.CORN FINE 25KG','25KG','',1,'BAGS'),
 ('C.CORN(KG)','C.CORN(KG)','1KG','',1,'KG'),
 ('C.CORN-F(KG)','C.CORN-F(KG)','1KG','',1,'KG'),
 ('CALC','CALCIONATE','','',1,'BOT'),
 ('CALC(LACTATE)','CALCIUM LACTATE','','',1,'BOT'),
 ('CALC-LAC(B)','CALCIUM LACTATE (1X48)','','',1,'BOX'),
 ('CALCLAC','CALCIUM LACTATE 100S (BOT)','','',1,'BOT'),
 ('CALV(PCS)','CALVEEX (PCS)','','',1,'PCS '),
 ('CALVTAB(B)','CALVEEX 100TABS (BOX)','','',1,'BOX'),
 ('CANDICE-R.','CANDICE RICE','50KG','',1,'BAGS'),
 ('CATH(FOAM)','CATHETER (FOAM TIP)','','',1,'PCS '),
 ('CATH(SPIRAL)','CATHETER (SPIRAL)','','',1,'PCS '),
 ('CBM(KG)','CBM(KG)','1KG','',1,'KG'),
 ('CBM-25','CHICK BOOSTER MASH 25KG','25KG','',1,'BAGS'),
 ('CBM-50','CHICK BOOSTER MASH 50KG','50KG','',1,'BAGS'),
 ('CECI200G','CECICAL 200G (BOX)','200G','',1,'BOX'),
 ('CECI25KG','CECICAL 25KGS','25KG','',1,'BAGS'),
 ('CGM','CHICKEN GROWER MASH 50KG','50KG','',1,'BAGS'),
 ('CGM(KG)','CGM(KG)','1KG','',1,'KG'),
 ('CHLOR250(B)','CHLORAMPHENICOL 250 100CAP (BOX)','250G','',1,'BOX'),
 ('CHLOR250(PCS)','CHLORAMPHENICOL 250 (PCS)','250G','',1,'PCS '),
 ('CHLOR300(B)','CHLORAMPHENICOL 300 100CAP (BOX)','300G','',1,'BOX'),
 ('CHLOR300(PCS)','CHLORAMPHENICOL 300 (PCS)','300G','',1,'PCS '),
 ('CHRISTINE(KG)','CHRISTINE(KG)','1KG','',1,'KG'),
 ('CHRISTINE-B','CHRISTINE B','50KG','',1,'BAGS'),
 ('CHRISTINE-R.','CHRISTINE RICE','50KG','',1,'BAGS'),
 ('CLAYPOT','CLAY POT ','','',1,'PCS '),
 ('CLEANSY','CLEANSY DOG SHAMPOO (BOT)','','',1,'BOT'),
 ('CLM','CHICKEN LAYER MASH 50KG','50KG','',1,'BAGS'),
 ('CLM(KG)','CLM(KG)','1KG','',1,'KG'),
 ('CLM-1(CUS)','CHICKEN LAYER MASH 1 (CUS) 50KG','50KG','',1,'BAGS'),
 ('COCK MANNA','DERBY COCK MANNA 20KG','20KG','',1,'BAGS'),
 ('COCKBOX(D)','COCK BOX (DOUBLE)','','',1,'PCS '),
 ('COCKBOX(S)','COCK BOX (SINGLE)','','',1,'PCS '),
 ('COCKSURE(PCS)','COCKSURE (PCS)','','',1,'PCS '),
 ('COGL','COGLAPEST (HCV)','','',1,'BOT'),
 ('COMB86','COMBINEX 86GMS (BOT)','86G','',1,'BOT'),
 ('COMP3000(10ML)','COMPLEXOR 3000 10ML (BOX)','10ML','',1,'BOX'),
 ('COMP3000(PCS)','COMPLEXOR 3000 (PCS)','10ML','',1,'PCS '),
 ('COPY10ML','COPYRINE 10 ML','10ML','',1,'BOT'),
 ('CORD-L','CORD LONG (HIKOT)','','',1,'PCS '),
 ('CORD-M','CORD MEDIUM (HIKOT)','','',1,'PCS '),
 ('CORD-S','CORD SMALL (HIKOT)','','',1,'PCS '),
 ('CORONA-R.','CORONA RICE','50KG','',1,'BAGS'),
 ('CROWN-R.','CROWN RICE','50KG','',1,'BAGS'),
 ('CSM','CHICK STARTER MASH 50KG','50KG','',1,'BAGS'),
 ('CSM(KG)','CSM(KG)','1KG','',1,'KG'),
 ('CUPID-R.','CUPID RICE','50KG','',1,'BAGS'),
 ('CYDROX','CYDROXO 10ML','','',1,'BOT'),
 ('CYNO','CYNOCOBALAMIN B12(UNIVET)','','',1,'BOT'),
 ('CYNO(T)','CYANOCOBALAMIN TAB','','',1,'TAB'),
 ('DCM50ML','DCM 50ML (BOTTLE)','50ML','',1,'BOT'),
 ('DERMO10ML','DERMOCIDE 10ML','10ML','',1,'BOT'),
 ('DEXT100ML','DEXTROLYTE 100ML','100ML','',1,'BOT'),
 ('DEXTRPDR100G','DEXTROSE POWDER 100G','100G','',1,'BOT'),
 ('DEXTRPDR300G','DEXTROSE POWDER 300G','300G','',1,'BOT'),
 ('DIDI-R.','DIDI RICE (BROKEN)','50KG','',1,'BAGS'),
 ('DIGEST6G(B)','DIGESTIAIDE SOL PDR. 6G X 48S (BOX)','6G','',1,'BOX'),
 ('DIGEST6G(S)','DIGESTIAIDE 6G (PCS)','6G','',1,'PCS '),
 ('DIS-SYR5','SYRING 1ML(BOX)','1ML','',1,'BOX'),
 ('DOV(S)','DOVITRON 5G(S)','5G','',1,'SACHET'),
 ('DOXY7G(B)','DOXYLAK FORTE 7G X 48S (BOX)','7G','',1,'BOX'),
 ('DOXY7G(S)','DOXYLAK 7G(SAC)','7G','',1,'SACHET'),
 ('DOXYTAB(B)','DOXYLAK 100MG TABLET (BOX)','100MG','',1,'BOX'),
 ('DOXYTAB(PCS)','DOXYLAK (PCS)','','',1,'PCS '),
 ('DRYS','DRYSOLL 30ML','','',1,'BOT'),
 ('E-TRAY','EGG TRAY ','','',1,'PCS '),
 ('ECOL10ML','ECOLMIN 10ML','10ML','',1,'BOT'),
 ('ECOL5ML','ECOLMIN 5ML','5ML','',1,'BOT'),
 ('EGG-SC','EGG SCALE','','',1,'PCS '),
 ('ELECT1KG(GAL)','ELECTROGEN D+ 1KG (GALLON)','1KG','',1,'GAL'),
 ('ELECT20G(B)','ELECTROGEN D+ 20G X 12 (BOX)','20G','',1,'BOX'),
 ('ELECT20G(S)','ELECTROGEN 20G (SAC.)','20G','',1,'SACHET'),
 ('ELECT6G(B)','ELECTROGEN D+ 6G X 48S','6G','',1,'BOX'),
 ('ELECT6G(S)','ELECTROGEN 6G (PCS)','6G','',1,'PCS '),
 ('ENEF(PCS)','ENEFON (PCS.)','','',1,'PCS '),
 ('ENER','ENERGEL 20CAP','','',1,'BOX'),
 ('EURO10ML','EUROPLEX SYRINGE 10ML','10ML','',1,'PCS '),
 ('EXCE5G(B)','EXCELITE (48X5G) BOX','5G','',1,'BOX'),
 ('FCC(KG)','FCC(KG)','1KG','',1,'KG'),
 ('FCC-25','FIGHTING COCK CONCENTRATE 25KG','25KG','',1,'BAGS'),
 ('FCP 4000','KING SLASHER 4000 (1X24)','1KG X 24','',1,'BAGS'),
 ('FCP 4000 CRAFT','KING SLASHER 4000 (CRAFT)','25KG','',1,'BAGS'),
 ('FCP(KG)','FCP(KG)','1KG','',1,'KG'),
 ('FCP-M4000(PCK)','FCP-M4000(PCK)','1KG','',1,'PACK'),
 ('FEEDER-C','FEEDER CLAY','','',1,'PCS '),
 ('FEEDER-L','FEEDERER (LINEAR)','','',1,'PCS '),
 ('FLYM(S)','FLYMAX (SAC)','10G','',1,'SACHET'),
 ('FLYM10G(B)','FLY MAX 10G (BOX)','10G','',1,'BOX'),
 ('FLYM250G(J)','FLYMAX 250G JAR','250G','',1,'JAR'),
 ('FLYMAX10G(S)','FLYMAX 10g SACHET','10G','',1,'SACHET'),
 ('FRY B','FRY BOOSTER 10KG','10KG','',1,'BAGS'),
 ('FRY M','FRY MASH 10KG','10KG','',1,'BAGS'),
 ('GANATAB(B)','GANADOR MAX 200TAB (BOX)','','',1,'BOX'),
 ('GANATAB(PCS)','GANADOR MAX (TABLET)','','',1,'TAB'),
 ('GMP 1','GMP 1 50KG','50KG','',1,'BAGS'),
 ('GMP 2','GMP 2 50KG','50KG','',1,'BAGS'),
 ('GMP 3','GMP 3 50KG','50KG','',1,'BAGS'),
 ('GMP 3(KG)','GMP 3 1KG','1KG','',1,'KG'),
 ('GMP 4','GMP 4 50KG','50KG','',1,'BAGS'),
 ('GMP-3(KG)','GMP-3(KG)','1KG','',1,'KG'),
 ('GOLD-L','GOLD LABEL R.','50KG','',1,'BAGS'),
 ('GOLD-L(KG)','GOLD-L(KG)','1KG','',1,'KG'),
 ('GOLDEN-K','GOLDEN KEY RICE','50KG','',1,'BAGS'),
 ('GONAD','GONADIN 250 2ML','2ML','',1,'BOT'),
 ('GROF','GROFAC','','',1,'PACK'),
 ('GROUPER#1','GROUPER #1 15KG','15KG','',1,'BAGS'),
 ('GROUPER#2','GROUPER #2 15KG','15KG','',1,'BAGS'),
 ('GROUPER#3','GROUPER #3 15KG','15KG','',1,'BAGS'),
 ('GROUPER#4','GROUPER #4 15KG','15KG','',1,'BAGS'),
 ('GROUPER#5','GROUPER #5 15KG','15KG','',1,'BAGS'),
 ('GROUPER#6','GROUPER #6 15KG','15KG','',1,'BAGS'),
 ('GROUPER#7','GROUPER #7 15KG','15KG','',1,'BAGS'),
 ('HAMSUS6ML','HAMMER SUSPENSION 6ML SACHET','6ML','',1,'SACHET'),
 ('HAMTAB(PCS)','HAMMER  TABLET (PCS)','','',1,'PCS '),
 ('HAMTAB200(B)','HAMMER 200TAB (BOX)','','',1,'BOX'),
 ('HEPAX100ML','HEPAXIVIT 100ML','100ML','',1,'BOT'),
 ('HEXA','HEXAMIDE(15ml)','','',1,'BOT'),
 ('HFP','HOG FINISHER PELLET 50KG','50KG','',1,'BAGS'),
 ('HFP(KG)','HFP(KG)','1KG','',1,'KG'),
 ('HGP','HOG GROWER PELLET 50KG','50KG','',1,'BAGS'),
 ('HGP(KG)','HGP(KG)','1KG','',1,'KG'),
 ('HI-LANDER','HIGH LANDER MAINTENANCE (1X24)','1KG X 24','',1,'BAGS'),
 ('HI-LANDER(PCK)','HI-LANDER(PCK)','1KG','',1,'PACK'),
 ('HONEY(W)','HONEY RICE (W)','50KG','',1,'BAGS'),
 ('HONEY(Y)','HONEY RICE (Y)','50KG','',1,'BAGS'),
 ('HOU','HOUSEHOL PLUS 250 ML','250ML','',1,'BOT'),
 ('HSC','HOG STATER CRUMBLE 50KG','50KG','',1,'BAGS'),
 ('HSC(KG)','HSC(KG)','1KG','',1,'KG'),
 ('HUM','HUMAN PLUS 250ML','250ML','',1,'BOT'),
 ('HUSC','HUS CREAM','','',1,'BOT'),
 ('HYPO15X1/12','HYPO NEEDLE G 15 X 1/2','','',1,'PCS '),
 ('HYPO16X1','HYPO NEEDLE 16 X 1','','',1,'PCS '),
 ('HYPO16X1/2','HYPO-NEEDLE 16X1/2','','',1,'PCS '),
 ('HYPO17X1','HYPO-NEEDLE G 17 X 1','','',1,'PCS '),
 ('HYPO17X1(1/2)','HYPO-NEEDLE G 17 X 1 1/2','','',1,'PCS '),
 ('HYPO17X3/4','HYPO-NEEDLE 17 X 3/4','','',1,'PCS '),
 ('HYPO18','HYPO NEEDLE G 18','','',1,'PCS '),
 ('HYPO18X1/2','HYPO-NEEDLE 18 X 1/2','','',1,'PCS '),
 ('HYPO20','HYPO NEEDLE G 20','','',1,'PCS '),
 ('HYPO20X1/2','HYPO-NEEDLE G 20 X 1/2','','',1,'PCS '),
 ('HYPO21X1/2','HYPO-NEEDLE G 21 X 1/2','','',1,'PCS '),
 ('HYPO22','HYPO NEEDLE G 22','','',1,'PCS '),
 ('HYPO22X1/2','HYPO-NEEDLE G 22 X 1/2','','',1,'PCS '),
 ('HYPO23','HYPO NEEDLE G 23','','',1,'PCS '),
 ('I-SOLVE','I-SOLVE 4LTRS (GAL)','4L','',1,'GAL'),
 ('I-SOLVE(1LTR)','I-SOLVE 1 LETER','1 LTR','',1,'GAL'),
 ('INSTIRON15ML','INSTANT IRON 15ML','15ML','',1,'BOT'),
 ('IODO10ML','IODOSTRIKE 10ML (BOT)','10ML','',1,'BOT'),
 ('IRON100ML','IRONDEX 100ML','100ML','',1,'BOT'),
 ('ISOL20%','ISOLAN 20% 10ml','','',1,'BOT'),
 ('ISOL5%','ISOLAN 5% 10ML ','10ML','',1,'BOT'),
 ('IVER100ML','IVERMECTIN 100ML','100ML','',1,'BOT'),
 ('IVER10ML','IVERMECTIN 10ML','10ML','',1,'BOT'),
 ('JECTADV100ML','JECTRAN ADVANCE 100ML (BOT)','100ML','',1,'BOT'),
 ('JECTADV20ML','JECTRAN ADVANCE 20ML (BOT)','20ML','',1,'BOT'),
 ('JECTCLA10ML','JECTRAN CLASSIC 10ML (BOT)','10ML','',1,'BOT'),
 ('JECTPREM100ML','JECTRAN PREMIUM 100ML (BOT)','100ML','',1,'BOT'),
 ('JECTPREM10ML','JECTRAN PREMIUM 10ML (BOT)','10ML','',1,'BOT'),
 ('JECTPREM20ML','JECTRAN PREMIUM 20ML (BOT)','20ML','',1,'BOT'),
 ('JOCKEY OATS','DG CLIPPED JOCKEY OATS 20KG','20KG','',1,'BAGS'),
 ('KOI 5MM','KOI 5MM','15KG','',1,'BAGS'),
 ('KOI 7MM','KOI 7MM','15KG','',1,'BAGS'),
 ('KOPE','KOPELAX (PCS)','','',1,'PCS '),
 ('L-SPEC','L-SPEC 10ML ','10ML','',1,'BOT'),
 ('LACTA30ML','LACTAMINO SE 30ML','30ML','',1,'BOT'),
 ('LAT200(B)','LATIGO 50 200TABS (BOX)','50MG','',1,'BOX'),
 ('LAT200(PCS)','LATIGO 50/200\'S PCS','50MG','',1,'PCS '),
 ('LAT500(B)','LATIGO 500 30TABS (BOX)','500MG','',1,'BOX'),
 ('LAT500(PCS)','LATIGO 500MG (PCS)','500MG','',1,'PCS '),
 ('LAT60(B)','LATIGO 50/60 TABS (BOX)','50MG','',1,'BOX'),
 ('LAT60(PCS)','LATIGO 50/60 PCS.','50MG','',1,'PCS '),
 ('LATIG10G(B)','LATIGO 1000 PDR 10G (BOX)','10G','',1,'BOX'),
 ('LATIG10G(S)','LATIGO 1000 MD 10G (PCS)','10G','',1,'PCS '),
 ('LATIG5G(B)','LATIGO 1000 SD 5G X 48S (BOX)','5G','',1,'BOX'),
 ('LATIG5G(S)','LATIGO 1000 SD 5G (PCS)','5G','',1,'PCS '),
 ('LIV250ML','LIVESTOCK PLUS 250ML','250ML','',1,'BOT'),
 ('LORENCE-R.','LORENCE RICE','50KG','',1,'BAGS'),
 ('LSP','LITTER SAVER PELLET 50KG','50KG','',1,'BAGS'),
 ('LSP(KG)','LSP(KG)','1KG','',1,'KG'),
 ('LUTA','LUTALYSE','','',1,'BOT'),
 ('MAJOR-D(B)','MAJOR D. 20 X 30S (BOX)','20G','',1,'BOX'),
 ('MAJOR-D(S)','MAJOR D (SACHET)','','',1,'SACHET'),
 ('MAJOR-D100ML','MAJOR D 100ML (BOT)','100ML','',1,'BOT'),
 ('MAMM100ML','MAMMAVET 100ML (BOT)','100ML','',1,'BOT'),
 ('MAMM10ML','MAMMAVET 10ML (B0T)','10ML','',1,'BOT'),
 ('MASKARA-R.','MASKARA RICE','50KG','',1,'BAGS'),
 ('MAX-R.','MAX RICE','50KG','',1,'BAGS'),
 ('MEEB','MEEB 10ML','10ML','',1,'BOT'),
 ('MEGA 1000','MEGA BOOSTER 1000 (1X24)','1KG X 24','',1,'BAGS'),
 ('MEGA 1000 CRAFT','MEGA BOOSTER 1000 (CRAFT)','24KG','',1,'BAGS'),
 ('MEGA 2000','MEGA CRUMBLE 2000 (1X24)','1KG X 24','',1,'BAGS'),
 ('MEGA 2000 CRAFT','MEGA CRUMBLE 2000 (CRAFT)','20KG','',1,'BAGS'),
 ('MEGA 3000 CRAFT','MEGA 3000 PELLET (CRAFT)','20KG','',1,'BAGS'),
 ('MEGA 3000 CRAFT(KG)','MEGA 3000 CRAFT','1KG','',1,''),
 ('MICRO','MICROBAN 4LTRS','4L','',1,'GAL'),
 ('MILKO PLUS','MILKO PLUS 500GMS','500GMS','',1,'PACK'),
 ('MIRO(1LTR)','MICROBAN 1LTR','1LR','',1,'BOT'),
 ('MOTHYL-X(BOT)','MOTHYL X 50\'S BOT','','',1,'BOT'),
 ('MOTHYL-X(PCS)','MOTHYL X (PCS)','','',1,'PCS '),
 ('MULTI GRAIN','MULTI GRAIN CONDITIONER (1X24)','1KG X 24','',1,'BAGS'),
 ('MULTIG(PACK)','MULTIG(PCK)','1KG','',1,'PACK'),
 ('MULTIV(B)','MULTIVITAMINS (1X48)','','',1,'BOX'),
 ('MULTIV100S','MULTI VITAMINS 100S (BOT)','','',1,'BOT'),
 ('MYCO100ML','MYCOPLASCINE 100ML (BOT)','100ML','',1,'BOT'),
 ('NBP','NUTRI BIG PELLETS','50KG','',1,'BAGS'),
 ('NBP(KG)','NBP(KG)','1KG','',1,'KG'),
 ('NF','NF-ONE (BOT.)','','',1,'BOT'),
 ('NFA(PLAIN)','NFA (PLAIN)','50KG','',1,'BAGS'),
 ('NFA(W/IRON)','NFA (W/IRON)','50KG','',1,'BAGS'),
 ('NGP','NUTRI GRO PELLET 50KG','50KG','',1,'BAGS'),
 ('NGP(KG)','NGP(KG)','1KG','',1,'KG'),
 ('NIPPLE(B)','NIPPLE DRINKER (BIG)','','',1,'PCS '),
 ('NIPPLE(S)','NIPPLE DRINKER (SMALL)','','',1,'PCS '),
 ('NLB','NUTRILAC BOOSTER 25KG','25KG','',1,'BAGS'),
 ('NLB(P)','NUTRILAC BOOSTER PACK','','',1,'PACK'),
 ('NLB(PACK)','NUTRILAC PACK',NULL,NULL,1,'PACK'),
 ('NLB(PCK)','NLB(PCK)','1KG','',1,'PACK'),
 ('NLP','NUTRILAC PLUS PELLET 25KG','25KG','',1,'BAGS'),
 ('NLP(Kraft)','Nutrilac Plus Kraft','','',1,'BAGS'),
 ('NLP(P)','NLP (PACK)','','',1,'PACK'),
 ('NLP(pack)','NLP-K(KG)','1KG','',1,'KG'),
 ('NOVA-B','NOVA B.COMPLEX 100ML','100ML','',1,'BOT'),
 ('NSP','NUTRI START PELLET 50KG','50KG','',1,'BAGS'),
 ('NSP(KG)','NSP(KG)','1KG','',1,'KG'),
 ('NUTRID15ML','NUTRIDRENCH 15ML (BOT)','15ML','',1,'BOT'),
 ('NUTRIG300G','NUTRI-GERM 300G ','300G','',1,'JAR'),
 ('NUTRIPRO(KG)','NUTRI PRO(KG)','1KG','',1,'KG'),
 ('ORN','ORNISTAT 20G(S)','20G','',1,'BOT'),
 ('OSC100ML','OSCAR 100ML (BOT)','100ML','',1,'BOT'),
 ('OXX','OXXCAP (PCS.)','','',1,'PCS '),
 ('OXY-R','OXY RID 5ML','5ML','',1,'BOT'),
 ('OXY5ML','OXYRID 5ML','5ML','',1,'BOT'),
 ('OXYLA30ML','OXYTETRA LA 30ML (BOT)','30ML','',1,'BOT'),
 ('OXYT2.5ML','OXYTOCIN (ILLUALCIN) 2.5ML','2.5ML','',1,'BOT'),
 ('OXYT5ML','OXYTOCIN (PITOCIN) 5ML','5ML','',1,'BOT'),
 ('PANIIL','PANIIL','','',1,'PCS '),
 ('PBC','PREMIUM BANGUS CRUMBLE 20KG','20KG','',1,'BAGS'),
 ('PBF','PREMIUM BANGUS FINISHER 25KG','25KG','',1,'BAGS'),
 ('PBG','PREMIUM BANGUS GROWER 25KG','25KG','',1,'BAGS'),
 ('PBS','PREMIUM BANGUS STARTER 20KG','20KG','',1,'BAGS'),
 ('PDP ORD','PULLET DEVELOPER PELLETS (ORD) 50KG','50KG','',1,'BAGS'),
 ('PDP SPECIAL','PULLET DEVELOPER PELLETS (SPE) 50KG','50KG','',1,'BAGS'),
 ('PDP-ORD(KG)','PDP-ORD(KG)','1KG','',1,'KG'),
 ('PDP-SPE(KG)','PDP-SPE(KG)','1KG','',1,'KG'),
 ('PEN-M','PEN MYCIN','','',1,'BOT'),
 ('PEP','PROTEIN EXPANDER 1KG','1KG','',1,'BOX'),
 ('PET110GMS','PET SOCIETY HRBAL SHMPOO 110GMS','110GMS','',1,'BOT'),
 ('PET150GMS','PET SOCIETY HRBAL SHAMPOO 150GMS (BOT)','150GMS','',1,'BOT'),
 ('PET60GMS','PET SOCIETY HRBAL SHAMPOO 60GMS (BOT)','60GMS','',1,'BOT'),
 ('PGM','POINTING GRAIN MIX .5KG','.5KG','',1,'BOX'),
 ('PGP B','PIGEON PELLET 50KG','50KG','',1,'BAGS'),
 ('PGP R','PIGEON PELLET RED 50KG','50KG','',1,'BAGS'),
 ('PGP-B(KG)','PGP-B(KG)','1KG','',1,'KG'),
 ('PGP-R(KG)','PGP-R(KG)','1KG','',1,'KG'),
 ('PIDRO2.4(B)','PIDRO POWDER 2.4G X 50S (BOX)','2.4G','',1,'BOX'),
 ('PIDRO2.4(PCS)','PIDRO 2.4G (PCS)','2.4G','',1,'PCS '),
 ('PIGEON FANCY','DG PIGEON FANCY 20KG','20KG','',1,'BAGS'),
 ('PIÑA-R.','PIÑA RICE','50KG','',1,'BAGS'),
 ('PINAWA','PINAWA R.','50KG','',1,'BAGS'),
 ('PITOC10ML','PITOCIN 10ML','10ML','',1,'BOT'),
 ('PITOC5ML','PITOCIN 5ML','5ML','',1,'BOT'),
 ('PITOX','PITOXAL 5ML','','',1,'BOT'),
 ('PLAIN-R(B)','PLAIN RICE (B)','50KG','',1,'BAGS'),
 ('PLAIN-R(KG)','PLAIN-R(KG)','1KG','',1,'KG'),
 ('PLAIN-R.','PLAIN RICE ','50KG','',1,'BAGS'),
 ('PLASLOT(P)','PLASTIC SLOTS (PIGLETS)','','',1,'PCS '),
 ('PLASLOT(S)','PLASTIC SLOTS (SOW)','','',1,'PCS '),
 ('PMC','PREMIUM MILK CRUMBLE','20KG','',1,'BAGS'),
 ('POMPANO#1','POMANO #1 20KG','20KG','',1,'BAGS'),
 ('POMPANO#2','POMANO #2 20KG','20KG','',1,'BAGS'),
 ('POMPANO#3','POMANO #3 20KG','20KG','',1,'BAGS'),
 ('POMPANO#4','POMANO #4 20KG','20KG','',1,'BAGS'),
 ('POMPANO#5','POMANO #5 20KG','20KG','',1,'BAGS'),
 ('PPM','POINTING PELLET MIX 1KG','1KG','',1,'BOX'),
 ('PPS #1','PRAWN PRE-STATER #1 (27KG)','27KG','',1,'BAGS'),
 ('PPS #2','PRAWN PRE-STATER #2 (27KG)','27KG','',1,'BAGS'),
 ('PROM','PROMOTOR (PCS)','','',1,'PCS '),
 ('PROMOTIC','PROMOTIC (BOT)','','',1,'BOT'),
 ('PROMOTOR','PROMOTOR (BOX)','','',1,'BOX'),
 ('PROTO250ML','PROTOLYTE 250ML (BOT)','250ML','',1,'BOT'),
 ('PROX','PROXIGEN 20\'S CAP','','',1,'CAP'),
 ('PSP','PREGSOW PELLET 50KG','50KG','',1,'BAGS'),
 ('PSP(KG)','PSP(KG)','1KG','',1,'KG'),
 ('PUSHAM8M(S)','PUSHAM 8ML(SACHET)','8ML','',1,'SACHET'),
 ('PUSHAM8ML(B)','PUSHAM 8ML X 30S (BOX)','8ML','',1,'BOX'),
 ('PYRIS','PYRISTAT 7G (S)','7G','',1,'SACHET'),
 ('PYRIS7G(B)','PYRISTAT WS 7G X 48S (BOX)','7G','',1,'BOX'),
 ('QUICK-H','QUICK HEAL','','',1,'BOT'),
 ('RED(KG)','RED(KG)','1KG','',1,'KG'),
 ('RED-R.','RED RICE','50KG','',1,'BAGS'),
 ('REDB100ML','RED BIK 100ML','100ML','',1,'BOT'),
 ('REDB10ML','RED BIK 10ML','10ML','',1,'BOT'),
 ('REDB20ML','RED BIK 20ML','20ML','',1,'BOT'),
 ('REDB50ML','RED BIK 50ML','50ML','',1,'BOT'),
 ('REDC','RED CEL 60ML','60ML','',1,'BOT'),
 ('REDG(PCS)','RED GEL (PCS)','','',1,'PCS '),
 ('REDGCAP','REDGEL FORTE 20CAP (BOX)','','',1,'BOX'),
 ('REL5ML','RELOAD 5ML (BOT)','5ML','',1,'BOT'),
 ('RESP','RESPIGEN 15 10ml','','',1,'BOT'),
 ('RESP-GEL','RESPIGEN 15 30GEL CAP','','',1,'BOT'),
 ('RESP5ML','RESPIGEN 15 5ML','5ML','',1,'BOT'),
 ('RF-PRE','RABBIT FISH PRE-STARTER','15KG','',1,'BAGS'),
 ('RFF','RABBIT FISH FINISHER','15KG','',1,'BAGS'),
 ('RFG','RABBIT FISH GROWER','15KG','',1,'BAGS'),
 ('RFS','RABBIT FISH STARTER','15KG','',1,'BAGS'),
 ('RM-R(KG)','RMR RICE','','',1,'KG'),
 ('RM-R.','RMR RICE','50KG','',1,'BAGS'),
 ('ROBI','ROBIPENSTRIP SD','15ML','',1,'BOT'),
 ('ROMOX(B)','ROMOXTYL 100T','','',1,'BOX'),
 ('ROMOX(PCS)','ROMOXTYL (PCS)','','',1,'PCS '),
 ('ROOST','ROOSTERMILK','300g','',1,'JAR'),
 ('ROV','ROBISTRESS (PCS)','','',1,'PCS '),
 ('ROVIS','ROVISTRESS 100T (BOX)','','',1,'BOX'),
 ('ROYALC-R.','ROYAL CROWN RICE','50KG','',1,'BAGS'),
 ('RPG-R.','RPG RICE','50KG','',1,'BAGS'),
 ('RUB','RUBBER POT ','','',1,'PCS '),
 ('sample','sample new item','new item sample description','',1,'PCS '),
 ('SBC-M1000(PCK)','SBC-M1000(PCK)','1KG','',1,'PACK'),
 ('SBF ','SURFER BANGUS FINISHER  25KG','25KG','',1,'BAGS'),
 ('SBF-AQUA','SURFER BANGUS FINISHER (AQUA SAVER)','25KG','',1,'BAGS'),
 ('SBG ','SURFER BANGUS GROWER 25KG','25KG','',1,'BAGS'),
 ('SBG-AQUA ','SURFER BANGUS GROWER (AQUA SAVER)','25KG','',1,'BAGS'),
 ('SBS','SURFER BANGUS STARTER 20KG','20KG','',1,'BAGS'),
 ('SBS(25)','SBS 25KG','25KG','',1,'BAGS'),
 ('SCOU(PCS)','SCOUREX COBLET (PCS)','','',1,'PCS '),
 ('SCOUCOB','SCOUREX COBLET (BOX)','','',1,'BOX'),
 ('SCRAT 2KG','SCRATCHING PEN ','','',1,'PCS '),
 ('SCRAT 3KG','SCRATCHING PEN ','','',1,'PCS '),
 ('SDP(KG)','SDP(KG)','1KG','',1,'KG'),
 ('SDP-M3000(PCK)','SDP-M3000(PCK)','1KG','',1,'PACK'),
 ('SELEC(S)','SELECTROGEN (SAC.)','','',1,'SACHET'),
 ('SELEC20ML','SELECTROGEN 20ML (BOX)','','',1,'BOX'),
 ('SEM','SEMEN BOTTLE','','',1,'PCS '),
 ('SLA-TONE(KG)','SLA-TONE(KG)','1KG','',1,'KG'),
 ('SLASHER   ','DG SLASHER 25KG','25KG','',1,'BAGS'),
 ('SLASHER TONE','PF SLASHER TONE 20KG','20KG','',1,'BAGS'),
 ('SLASHER(KG)','SLASHER(KG)','1KG','',1,'KG'),
 ('SMP','SMP','','',1,'PCS '),
 ('SMP(B)','SMP TAB 12s','','',1,'BOX'),
 ('SNAPPER#3','SNAPPER #3','20KG','',1,'BAGS'),
 ('SNAPPER#4','SNAPPER #4','20KG','',1,'BAGS'),
 ('SNAPPER#7','SNAPPER #7','20KG','',1,'BAGS'),
 ('SNOWHITE-R.','SNOWHITE RICE','50KG','',1,'BAGS'),
 ('SOLU25GM','SOLUVITE 25GMS. (PCS.)','25G','',1,'PCS '),
 ('SPE16(KG)','SPE16(KG)','1KG','',1,'KG'),
 ('SPECIAL 16','DG SPECIAL 16 25KG','25KG','',1,'BAGS'),
 ('SSC-M2000(PCK)','SSC-M2000(PCK)','1KG','',1,'PACK'),
 ('STRAWB','STRAWBERRY R.','50KG','',1,'BAGS'),
 ('STRAWB(KG)','STRAWBERRY R.','','',1,'KG'),
 ('STREP','STREPTOPEN V 25G (PCS)','25G','',1,'PCS '),
 ('STRES','STRESSKAPS','','',1,'PCS '),
 ('STRONG','STRONGARD (PCS)','','',1,'PCS '),
 ('STRONGTAB','STRONGARD 100TABS (BOX)','','',1,'BOX'),
 ('STS-PRE','SURFER TILAPIA STARTER (PRE-STARTER)','25KG','',1,'BAGS'),
 ('SULF100ML','SULFYRINE 100ML','100ML','',1,'BOT'),
 ('SUNRISE-R.','SUNRISE R.','50KG','',1,'BAGS'),
 ('SURG-B','SURGICAL BLADE','','',1,'PCS '),
 ('SUSLA100ML','SUSTALIN LA 100ML (BOT)','','',1,'BOT'),
 ('SUSLA10ML','SUSTALIN LA 10ML (BOT)','','',1,'BOT'),
 ('SYR10ML','SYRINGE 10ML (DISPOSABLE)     ','','',1,'PCS '),
 ('SYR10ML(BOX)','SYRINGE BOX(100 PCS) 10ML(DISPOSABLE)','','',1,'BOX'),
 ('SYR1ML','SYRINGE 1ML (DISPOSABLE)','','',1,'PCS '),
 ('SYR1ML(BOX)','SYRINGE 1ML BOX(100PCS)','','',1,'BOX'),
 ('SYR2.5ML','SYRINGE 2.5ML (DISPOSABLE)','','',1,'PCS '),
 ('SYR2.5ML(BOX)','SYRINGE 2.5ML BOX(100PCS)','','',1,''),
 ('SYR3ML','SYRINGE 3ML (DISPOSABLE)','','',1,'PCS '),
 ('SYR3ML(BOX)','SYRINGE 3ML BOX(100PCS)','','',1,'BOX'),
 ('SYR5ML','SYRINGE 5 ML (PCS)','','',1,'PCS '),
 ('SYR5ML(BOX)','SYRINGE 5ML BOX(100PCS)','','',1,'BOX'),
 ('T2S 20g','T2S (PCS)','20g','',1,'PCS '),
 ('T2S 5g','T2S (PCS)','5g','',1,''),
 ('TB-BOOSTER(PCK)','TB-BOOSTER(PCK)','1KG','',1,'PACK'),
 ('TB-DEVELOPER(PCK)','TB-DEVELOPER(PCK)','1KG','',1,'PACK'),
 ('TB-DEVELOPER4+(PCK)','TB-DEVELOPER4+(PCK)','1KG','',1,'PACK'),
 ('TB-ENERTONE(PCK)','TB-ENERTONE(PCK)','1KG','',1,'PACK'),
 ('TB-FINISHER(PCK)','TB-FINISHER(PCK)','1KG','',1,'PACK'),
 ('TB-PLATINUM(PCK)','TB-PLATINUM(PCK)','1KG','',1,'PACK'),
 ('TB-SUCCESOR(PCK)','TB-SUCCESOR(PCK)','1KG','',1,'PACK'),
 ('TEETHC','TEETH CUTTER    ','','',1,'PCS '),
 ('TEP','TEPOX 5G X 48','5G','',1,'BOX'),
 ('THB BOOSTER','THB BS BOOSTER (1X24)','1KG X 24','',1,'BAGS'),
 ('THB BOOSTER(P)','THB BOOSTER PACK','',NULL,1,'PACK'),
 ('THB DEVELOPER','THB STAG DEVELOPER (1X24)','1KG X 24','',1,'BAGS'),
 ('THB DEVELOPER 4+','THB DEVELOPER 4+ (1X24)','1KG X 24','',1,'BAGS'),
 ('THB DEVELOPER(P)','THB STAG DEVELOPER','1KG','',1,'PACK'),
 ('THB ENERTONE','THB ENERTONE (1X24)','1KG X 24','',1,'BAGS'),
 ('THB ENERTONE(P)','ENERTONE PACK',NULL,NULL,1,'PACK'),
 ('THB FINISHER','THB HPP FINISHER (1X24)','1KG X 24','',1,'BAGS'),
 ('THB PLATINUM','THB HPP PLATINUM (1X24)','1KG X 24','',1,'BAGS'),
 ('THB SUCCESOR','THB SUCCESOR (1X24)','1KG X 24','',1,'BAGS'),
 ('THB-FINISHER','THB HI PROTEIN FINISHER','','',1,'PACK'),
 ('THYR','THYROLAC (PCS.)','','',1,'PCS '),
 ('TK','TIKI-TIKI','50KG','',1,'BAGS'),
 ('TMPS','TMPS PIG DOSER 120ML (1X2 BOT)','120ML','',1,'BOT'),
 ('TRIPU100ML','TRIPULAK PD 100ML','100ML','',1,'BOT'),
 ('TRISU','TRISULAK CAP (PCS)','','',1,'CAP'),
 ('TRISUL7G(B)','TRISULAK PDR 7G X 48S (BOX)','7G','',1,'BOX'),
 ('TRISUL7G(S','TRISULAK PDR(SAC)','','',1,'SACHET'),
 ('TRISULCAP','TRISULAK TABLET (BOX)','','',1,'BOX'),
 ('TRU-G','TRU GRIT (BOX)','','',1,'BOX'),
 ('TRU-G(PCS)','TRU GRIT (PCS)','','',1,'PCS '),
 ('TUFF M','TUFF MAINTENANCE','25KG','',1,'BAGS'),
 ('TUFF(KG)','TUFF(KG)','1KG','',1,'KG'),
 ('TWINKLE-R.','TWINKLE RICE','50KG','',1,'BAGS'),
 ('TYL','TYLAN (PCS)','','',1,'PCS '),
 ('TYL250','TYLAN 250 (BOT)','','',1,'BOT'),
 ('TYRO50GM','TYROLAK 50GM','50GM','',1,'TAB'),
 ('TYROX-V','TYROX V','','',1,'COB'),
 ('UTER(B)','UTEREX BOX','','',1,'BOX'),
 ('UTER(COB)','UTEREX COB.','','',1,'COB'),
 ('V-REX(B)','V-REX 5Gx48','5G','',1,'BOX'),
 ('V-REX(S)','V-REX SACHET','','',1,'SACHET'),
 ('V22-200G','V-22 POWDER 200G (BOX)','200G','',1,'BOX'),
 ('V22100T','V-22 100 TABLET (BOT)','','',1,'BOT'),
 ('V22T','V 22 TABLET (PCS)','','',1,'PCS '),
 ('VALB30ML','VALBAZEN','30ML','',1,'BOT'),
 ('VALUEMEAL','VALUEMEAL DOGFOOD','','',1,'PCS '),
 ('VALUEMEAL(KG)','VALUEMEAL DOGFOOD','','',1,'KG'),
 ('VALUEMEAL-BAG','VALUEMEAL DOGFOOD','','',1,'BAGS'),
 ('VANG','VANGUARD BOTTLE','','',1,'BOT'),
 ('VANNAMIE#1','VANNAMIE #1 - STARTER 25KG','25KG','',1,'BAGS'),
 ('VANNAMIE#2','VANNAMIE #2 - GROWER 25KG','25KG','',1,'BAGS'),
 ('VANNAMIE#3','VANNAMIE #3 - FINISHER 25KG','25KG','',1,'BAGS'),
 ('VERM','VERMEX (PCS)','','',1,'PCS '),
 ('VERMCAP','VERMEX 2 CAP (BOX) ','','',1,'BOX'),
 ('VERMEX-ECO(S)','VERMEX ECO','','',1,'SACHET'),
 ('VETC100ML','VETCURE 100ML','100M','',1,'BOT'),
 ('VETC30G','VETRACIN CLASSIC 30G (SAC)','30G','',1,'SACHET'),
 ('VETC5G','VET CLASSIC 5G (SAC)','5G','',1,'SACHET'),
 ('VETCL1KG','VETRACIN CLASSIC 1KG (JAR)','1KG','',1,'JAR'),
 ('VETCL2KG','VETRACIN CLASSIC 2KG (JAR)','2KG','',1,'JAR'),
 ('VETCLA5G','VETRACIN CLASSIC 5G X 48S (BOX)','5G','',1,'BOX'),
 ('VETG-CAP','VET GOLD CAP (PCS.)','','',1,'PCS '),
 ('VETG1KG','VETRACIN GOLD 1KG (GALLON)','1KG','',1,'GAL'),
 ('VETG24G','VET GOLD 24G (SAC)','24G','',1,'SACHET'),
 ('VETG5G','VET GOLD 5G (SACHET)','5G','',1,'SACHET'),
 ('VETGOLD24G','VETRACIN GOLD 24G (12X24G)','24G','',1,'BOX'),
 ('VETGOLD5G','VETRACIN GOLD 5G X 48S (BOX)','5G','',1,'BOX'),
 ('VETGOLDCAP','VETRACIN GOLD CAPSULE 100S (BOX)','','',1,'BOX'),
 ('VETMEGA30G','VETRACIN MEGA 30G (12 X 30G)','30G','',1,'BOX'),
 ('VETP24G','VET PREMIUM 24G (S)','24G','',1,'SACHET'),
 ('VETP5G','VET PREMIUM 5G (SAC)','5G','',1,'SACHET'),
 ('VETPRE24G','VETRACIN PREMIUM 24G (12 X 24G)','24G','',1,'BOX'),
 ('VETPREM5G','VETRACIN PREMIUM 5G X 48 (BOX)','5G','',1,'BOX'),
 ('VIMIN(PCS)','VIMINOLAK TAB (PCS.)','100T','',1,'PCS '),
 ('VIMINTAB(B)','VIMINOLAK 100TABS (BOX)','','',1,'BOX'),
 ('VIT500','VITON 500 10ML','10ML','',1,'BOT'),
 ('VITA-K','VITAMIN K3 20TAB','','',1,'BOT'),
 ('VITADE10ML','VIT A.D.E 10ML','10ML','',1,'BOT'),
 ('VITAF','VITAFAC 235GM','235GM','',1,'PACK'),
 ('VITAF120','VITAFAC 120GM','120GM','',1,'PACK'),
 ('VITERAL','VITERAL (BOX)','','',1,'BOX'),
 ('VITON-ADE10ML','VITON A.D.E 10ML','10ML','',1,'BOT'),
 ('VOLT(PCS)','VOLTPLEX (PCS.)','','',1,'PCS '),
 ('VOLTP-KQ','VOLTPLEX KQ 100T','','',1,'BOX'),
 ('W-SPRAY75G','WOUND SPRAY 75GMS','7G','',1,'BOT'),
 ('WASH10ML(B)','WASH OUT 10ML(BOX)','10ML','',1,'BOX'),
 ('WASH10ML(S)','WASH OUT 10ML SACHET','10ML','',1,'SACHET'),
 ('WAT1/2(M)','WATERER 1/2 (MEDIUM)','','',1,'PCS '),
 ('WAT1/4(S)','WATERER 1/4 (SMALL)','','',1,'PCS '),
 ('WAT1GAL','WATERER I GALLON (BIG)','','',1,'PCS '),
 ('WATERD-R.','WATER DRAGON RICE','50KG','',1,'BAGS'),
 ('WHITE-R.','WHITE RICE','50KG','',1,'BAGS'),
 ('WORMT(PCS)','WORMAL (PCS)','','',1,'PCS '),
 ('WORMTAB(B)','WORMAL 100TABS (BOX)','','',1,'TAB'),
 ('XZOL','XZOL 10ML','10ML','',1,'BOT'),
 ('YUMMY-R.','YUMMY RICE','50KG','',1,'BAGS'),
 ('ZEF','ZEFLEXIN',NULL,NULL,1,'SACHET'),
 ('ZEF(B)','ZEFLEXIN 6GX48','6G','',1,'BOX'),
 ('ZEF(S)','ZEFLEXIN 6G(S)','6G','',1,'SACHET'),
 ('ZEFLEX(S)','ZEFLEXIN 6gx48','6G','',1,'SACHET'),
 ('ZERO(B)','ZEROMITE (BOX)','','',1,'BOX'),
 ('ZERO(S)','ZEROMITE (SAC)','','',1,'SACHET');
/*!40000 ALTER TABLE `items_description` ENABLE KEYS */;


--
-- Definition of table `items_with_tracking`
--

DROP TABLE IF EXISTS `items_with_tracking`;
CREATE TABLE `items_with_tracking` (
  `item_code` varchar(45) DEFAULT NULL,
  `with_tracking` int(11) DEFAULT NULL,
  `with_half` int(11) DEFAULT NULL
) ENGINE=InnoDB DEFAULT CHARSET=latin1;

--
-- Dumping data for table `items_with_tracking`
--

/*!40000 ALTER TABLE `items_with_tracking` DISABLE KEYS */;
INSERT INTO `items_with_tracking` (`item_code`,`with_tracking`,`with_half`) VALUES 
 ('CBM-25',1,1),
 ('CBM-50',1,0),
 ('CSM',1,0),
 ('CGM',1,0),
 ('CLM',1,0),
 ('CLM-1(CUS)',0,0),
 ('BSC',1,0),
 ('BFC',1,0),
 ('MILKO PLUS',0,0),
 ('NSP',1,0),
 ('NGP',1,0),
 ('NBP',1,0),
 ('PSP',1,0),
 ('LSP',1,0),
 ('PGP B',1,0),
 ('PGP R',1,0),
 ('NLB',0,0),
 ('NLP',0,0),
 ('HSC',1,0),
 ('HGP',1,0),
 ('HFP',1,0),
 ('PDP SPECIAL',1,0),
 ('PDP ORD',1,0),
 ('PEP',0,0),
 ('PPM',0,0),
 ('PGM',0,0),
 ('MEGA 1000',0,0),
 ('MEGA 1000 CRAFT',0,0),
 ('MEGA 2000',0,0),
 ('MEGA 2000 CRAFT',0,0),
 ('MEGA 3000 CRAFT',0,0),
 ('FCP 4000',0,0),
 ('FCP 4000 CRAFT',0,0),
 ('ACE 5000 CRAFT',0,0),
 ('TUFF M',0,0),
 ('SLASHER TONE',0,0),
 ('7 KINDS',0,0),
 ('SPECIAL 16',0,0),
 ('SLASHER   ',0,0),
 ('C.CORN',0,0),
 ('C.CORN F',0,0),
 ('FCC-25',0,0),
 ('PIGEON FANCY',0,0),
 ('COCK MANNA',0,0),
 ('JOCKEY OATS',0,0),
 ('THB BOOSTER',0,0),
 ('THB DEVELOPER',0,0),
 ('THB DEVELOPER 4+',0,0),
 ('THB ENERTONE',0,0),
 ('THB PLATINUM',0,0),
 ('THB FINISHER',0,0),
 ('THB SUCCESOR',0,0),
 ('MULTI GRAIN',0,0),
 ('HI-LANDER',0,0),
 ('GMP 1',1,0),
 ('GMP 2',1,0),
 ('GMP 3',1,0),
 ('GMP 4',1,0),
 ('FRY B',0,0),
 ('FRY M',0,0),
 ('GROUPER#1',0,0),
 ('GROUPER#2',0,0),
 ('GROUPER#3',0,0),
 ('GROUPER#4',0,0),
 ('GROUPER#5',0,0),
 ('GROUPER#6',0,0),
 ('GROUPER#7',0,0),
 ('KOI 5MM',0,0),
 ('KOI 7MM',0,0),
 ('POMPANO#1',0,0),
 ('POMPANO#2',0,0),
 ('POMPANO#3',0,0),
 ('POMPANO#4',0,0),
 ('POMPANO#5',0,0),
 ('PPS #1',0,0),
 ('PPS #2',0,0),
 ('PBC',0,0),
 ('PBF',0,0),
 ('PBG',0,0),
 ('PBS',0,0),
 ('PMC',0,0),
 ('RFF',0,0),
 ('RFG',0,0),
 ('RF-PRE',0,0),
 ('RFS',0,0),
 ('SNAPPER#3',0,0),
 ('SNAPPER#4',0,0),
 ('SNAPPER#7',0,0),
 ('SBF-AQUA',0,0),
 ('SBF ',0,0),
 ('SBG-AQUA ',0,0),
 ('SBG ',0,0),
 ('SBS',0,0),
 ('STS-PRE',0,0),
 ('VANNAMIE#1',0,0),
 ('VANNAMIE#2',0,0),
 ('VANNAMIE#3',0,0),
 ('ADI-R.',0,0),
 ('AJUNE-R.',0,0),
 ('BENG-R.(W)',0,0),
 ('BENG-R.(Y)',0,0),
 ('BIG-B',0,0),
 ('BUKID-R.',0,0),
 ('CANDICE-R.',0,0),
 ('CHRISTINE-B',0,0),
 ('CHRISTINE-R.',0,0),
 ('CORONA-R.',0,0),
 ('CROWN-R.',0,0),
 ('CUPID-R.',0,0),
 ('DIDI-R.',0,0),
 ('GOLDEN-K',0,0),
 ('HONEY(W)',0,0),
 ('HONEY(Y)',0,0),
 ('LORENCE-R.',0,0),
 ('MASKARA-R.',0,0),
 ('MAX-R.',0,0),
 ('NFA(PLAIN)',0,0),
 ('NFA(W/IRON)',0,0),
 ('PIÑA-R.',0,0),
 ('PLAIN-R.',0,0),
 ('PLAIN-R(B)',0,0),
 ('RED-R.',0,0),
 ('RM-R.',0,0),
 ('ROYALC-R.',0,0),
 ('RPG-R.',0,0),
 ('SNOWHITE-R.',0,0),
 ('SUNRISE-R.',0,0),
 ('TWINKLE-R.',0,0),
 ('WATERD-R.',0,0),
 ('WHITE-R.',0,0),
 ('YUMMY-R.',0,0),
 ('AGME-2G(PCS)',0,0),
 ('AGMEC-5G(S)',0,0),
 ('AGMEC-5G(B)',0,0),
 ('AMBROX-5G(S)',0,0),
 ('AMBROX-5G(B)',0,0),
 ('AMOXI(PCS)',0,0),
 ('AMOXT5G(PCS)',0,0),
 ('AMOXT-5G(B)',0,0),
 ('AMTYL(PCS)',0,0),
 ('AMTYL(BOX)',0,0),
 ('ANIM10ML',0,0),
 ('APRA1KG',0,0),
 ('APRA6G(PCS)',0,0),
 ('APRA6G(B)',0,0),
 ('AQUAD5G(S)',0,0),
 ('AQUAD5G(B)',0,0),
 ('ASTIG(PCS)',0,0),
 ('ASTIG(B)',0,0),
 ('AXYLIN5G(S)',0,0),
 ('B12(AFFES)PCS.',0,0),
 ('B12(AFFES)BOT.',0,0),
 ('B12(LDI)PCS.',0,0),
 ('B50(PCS)',0,0),
 ('B50TABS(B)',0,0),
 ('BACT100ML',0,0),
 ('BACT10ML',0,0),
 ('BAXISE6G(S)',0,0),
 ('BAXITABS(B)',0,0),
 ('BAXI7G(S)',0,0),
 ('BAXI7G(B)',0,0),
 ('BAXI25G(B)',0,0),
 ('BAXI30G',0,0),
 ('BAXI1KG(G)',0,0),
 ('BAXISE6G(B)',0,0),
 ('BAXITABS(PCS)',0,0),
 ('B-COMP100ML',0,0),
 ('BEE-P(B)',0,0),
 ('BEE-P(PCS)',0,0),
 ('BELA100ML',0,0),
 ('BELA10ML',0,0),
 ('BELA20ML',0,0),
 ('BELA50ML',0,0),
 ('BEXSP100ML',0,0),
 ('BEXSP10ML',0,0),
 ('BEXSP20ML',0,0),
 ('BEXXP100ML',0,0),
 ('BEXXP10ML',0,0),
 ('BEXXP20ML',0,0),
 ('BIGGC2(5GM)',0,0),
 ('BIOT100ML',0,0),
 ('BOTSPRAY',0,0),
 ('BTS(S)',0,0),
 ('CALC',0,0),
 ('CALCLAC',0,0),
 ('CALV(PCS)',0,0),
 ('CALVTAB(B)',0,0),
 ('CATH(FOAM)',0,0),
 ('CATH(SPIRAL)',0,0),
 ('CECI200G',0,0),
 ('CECI25KG',0,0),
 ('CHLOR300(PCS)',0,0),
 ('CHLOR300(B)',0,0),
 ('CHLOR250(PCS)',0,0),
 ('CHLOR250(B)',0,0),
 ('CLEANSY',0,0),
 ('COCKSURE(PCS)',0,0),
 ('COGL',0,0),
 ('COMB86',0,0),
 ('COMP3000(PCS)',0,0),
 ('COMP3000(10ML)',0,0),
 ('COPY10ML',0,0),
 ('DCM50ML',0,0),
 ('DERMO10ML',0,0),
 ('DEXT100ML',0,0),
 ('DEXTRPDR100G',0,0),
 ('DEXTRPDR300G',0,0),
 ('DIGEST6G(S)',0,0),
 ('DIGEST6G(B)',0,0),
 ('DOXYTAB(PCS)',0,0),
 ('DOXYTAB(B)',0,0),
 ('DOXY7G(S)',0,0),
 ('DOXY7G(B)',0,0),
 ('DRYS',0,0),
 ('ECOL10ML',0,0),
 ('ECOL5ML',0,0),
 ('EGG-SC',0,0),
 ('ELECT20G(S)',0,0),
 ('ELECT6G(S)',0,0),
 ('ELECT1KG(GAL)',0,0),
 ('ELECT20G(B)',0,0),
 ('ELECT6G(B)',0,0),
 ('ENEF(PCS)',0,0),
 ('EXCE5G(B)',0,0),
 ('FLYM10G(B)',0,0),
 ('FLYM(S)',0,0),
 ('FLYM250G',0,0),
 ('GANATAB(PCS)',0,0),
 ('GANATAB(B)',0,0),
 ('GONAD',0,0),
 ('GROF',0,0),
 ('HAMTAB(PCS)',0,0),
 ('HAMTAB200(B)',0,0),
 ('HAMSUS6ML',0,0),
 ('HEPAX100ML',0,0),
 ('HUSC',0,0),
 ('INSTIRON15ML',0,0),
 ('IODO10ML',0,0),
 ('IRON100ML',0,0),
 ('ISOL20%',0,0),
 ('ISOL5%',0,0),
 ('I-SOLVE',0,0),
 ('IVER100ML',0,0),
 ('IVER10ML',0,0),
 ('JECTADV100ML',0,0),
 ('JECTADV20ML',0,0),
 ('JECTCLA10ML',0,0),
 ('JECTPREM100ML',0,0),
 ('JECTPREM10ML',0,0),
 ('JECTPREM20ML',0,0),
 ('KOPE',0,0),
 ('LACTA30ML',0,0),
 ('LATIG10G(S)',0,0),
 ('LATIG10G(B)',0,0),
 ('LATIG5G(S)',0,0),
 ('LATIG5G(B)',0,0),
 ('LAT200(B)',0,0),
 ('LAT200(PCS)',0,0),
 ('LAT60(PCS)',0,0),
 ('LAT60(B)',0,0),
 ('LAT500(B)',0,0),
 ('LAT500(PCS)',0,0),
 ('L-SPEC',0,0),
 ('MACRO',0,0),
 ('MAJOR-D(S)',0,0),
 ('MAJOR-D100ML',0,0),
 ('MAJOR-D(B)',0,0),
 ('MAMM100ML',0,0),
 ('MAMM10ML',0,0),
 ('MOTHYL-X(PCS)',0,0),
 ('MOTHYL-X(BOT)',0,0),
 ('MULTIV100S',0,0),
 ('MYCO100ML',0,0),
 ('NF',0,0),
 ('NUTRID15ML',0,0),
 ('NUTRIG300G',0,0),
 ('ORN',0,0),
 ('OSC100ML',0,0),
 ('OXX',0,0),
 ('OXY5ML',0,0),
 ('OXYLA30ML',0,0),
 ('OXYT2.5ML',0,0),
 ('OXYT5ML',0,0),
 ('PET150GMS',0,0),
 ('PET60GMS',0,0),
 ('PET110GMS',0,0),
 ('PIDRO2.4(PCS)',0,0),
 ('PIDRO2.4(B)',0,0),
 ('PITOC10ML',0,0),
 ('PITOC5ML',0,0),
 ('PITOX',0,0),
 ('PROMOTIC',0,0),
 ('PROMOTOR',0,0),
 ('PROTO250ML',0,0),
 ('PROX',0,0),
 ('PUSHAM8ML(B)',0,0),
 ('PUSHAM8M(S)',0,0),
 ('PYRIS7G(B)',0,0),
 ('QUICK-H',0,0),
 ('REDB100ML',0,0),
 ('REDB10ML',0,0),
 ('REDC',0,0),
 ('REDG(PCS)',0,0),
 ('REDB20ML',0,0),
 ('REDB50ML',0,0),
 ('REDGCAP',0,0),
 ('REL5ML',0,0),
 ('RESP',0,0),
 ('ROMOX(PCS)',0,0),
 ('ROMOX(B)',0,0),
 ('ROOST',0,0),
 ('ROVIS',0,0),
 ('SCOUCOB',0,0),
 ('SCOU(PCS)',0,0),
 ('SELEC(S)',0,0),
 ('SELEC20ML',0,0),
 ('SMP',0,0),
 ('SOLU25GM',0,0),
 ('STREP',0,0),
 ('STRES',0,0),
 ('STRONG',0,0),
 ('STRONGTAB',0,0),
 ('SULF100ML',0,0),
 ('SUSLA100ML',0,0),
 ('SUSLA10ML',0,0),
 ('T2S',0,0),
 ('THYR',0,0),
 ('TMPS',0,0),
 ('TRIPU100ML',0,0),
 ('TRISU',0,0),
 ('TRISUL7G(B)',0,0),
 ('TRISUL7G(S',0,0),
 ('TRISULCAP',0,0),
 ('TRU-G',0,0),
 ('TRU-G(PCS)',0,0),
 ('TYL',0,0),
 ('TYL250',0,0),
 ('TYRO50GM',0,0),
 ('UTER',0,0),
 ('V22T',0,0),
 ('V22100T',0,0),
 ('V22-200G',0,0),
 ('VALB30ML',0,0),
 ('VANG',0,0),
 ('VERM',0,0),
 ('VERMCAP',0,0),
 ('VETC5G',0,0),
 ('VETP5G',0,0),
 ('VETC100ML',0,0),
 ('VETCL1KG',0,0),
 ('VETCL2KG',0,0),
 ('VETCLA30G',0,0),
 ('VETC30G',0,0),
 ('VETCLA5G',0,0),
 ('VETG1KG',0,0),
 ('VETGOLD24G',0,0),
 ('VETG24G',0,0),
 ('VETG5G',0,0),
 ('VETGOLD5G',0,0),
 ('VETG-CAP',0,0),
 ('VETGOLDCAP',0,0),
 ('VETPRE24G',0,0),
 ('VETP24G',0,0),
 ('VETPREM5G',0,0),
 ('VIMINTAB(B)',0,0),
 ('VIMIN(PCS)',0,0),
 ('VITADE10ML',0,0),
 ('B12(LDI)',0,0),
 ('B12(AFFES)',0,0),
 ('VITAF',0,0),
 ('VITERAL',0,0),
 ('VIT500',0,0),
 ('VITON-ADE10ML',0,0),
 ('VOLT(PCS)',0,0),
 ('WASH10ML(S)',0,0),
 ('WASH10ML(B)',0,0),
 ('WORMT(PCS)',0,0),
 ('WORMTAB(B)',0,0),
 ('W-SPRAY75G',0,0),
 ('ZERO(B)',0,0),
 ('ZERO(S)',0,0),
 ('AI',0,0),
 ('BUGGING-C',0,0),
 ('CLAYPOT',0,0),
 ('COCKBOX(D)',0,0),
 ('COCKBOX(S)',0,0),
 ('CORD-L',0,0),
 ('CORD-M',0,0),
 ('CORD-S',0,0),
 ('EURO10ML',0,0),
 ('FEEDER-C',0,0),
 ('FEEDER-L',0,0),
 ('HYPO15X1/12',0,0),
 ('HYPO16X1',0,0),
 ('HYPO17X1',0,0),
 ('HYPO17X1(1/2)',0,0),
 ('HYPO18',0,0),
 ('HYPO18X1/2',0,0),
 ('HYPO20',0,0),
 ('HYPO20X1/2',0,0),
 ('HYPO21X1/2',0,0),
 ('HYPO22',0,0),
 ('HYPO22X1/2',0,0),
 ('HYPO23',0,0),
 ('NIPPLE(B)',0,0),
 ('NIPPLE(S)',0,0),
 ('PANIIL',0,0),
 ('PLASLOT(P)',0,0),
 ('PLASLOT(S)',0,0),
 ('RUB',0,0),
 ('SCRAT 2KG',0,0),
 ('SCRAT 3KG',0,0),
 ('SEM',0,0),
 ('SURG-B',0,0),
 ('SYR10ML',0,0),
 ('SYR1ML',0,0),
 ('SYR2.5ML',0,0),
 ('SYR3ML',0,0),
 ('SYR5ML',0,0),
 ('TEETHC',0,0),
 ('WAT1/2(M)',0,0),
 ('WAT1/4(S)',0,0),
 ('WAT1GAL',0,0),
 ('3S',0,0),
 ('3S TAB',0,0),
 ('7KINDS(KG)',0,0),
 ('AMOX-T',0,0),
 ('ANDR',0,0),
 ('ANIM',0,0),
 ('APRA100G',0,0),
 ('AST',0,0),
 ('ASTIG5G',0,0),
 ('BAY',0,0),
 ('BFC(KG)',0,0),
 ('BIGGC2(ELEC)',0,0),
 ('BIGGC2(F1)',0,0),
 ('BIGGC2(F2)',0,0),
 ('BIGGELEC(5G)',0,0),
 ('BLP',0,0),
 ('BSC(KG)',0,0),
 ('C.CORN(KG)',0,0),
 ('C.CORN-F(KG)',0,0),
 ('CALC(LACTATE)',0,0),
 ('CALC-LAC(B)',0,0),
 ('CBM(KG)',0,0),
 ('CGM(KG)',0,0),
 ('CHRISTINE(KG)',0,0),
 ('CLM(KG)',0,0),
 ('CSM(KG)',0,0),
 ('CYDROX',0,0),
 ('CYNO',0,0),
 ('CYNO(T)',0,0),
 ('DIS-SYR5',0,0),
 ('DOV(S)',0,0),
 ('E-TRAY',0,0),
 ('ENER',0,0),
 ('FCC(KG)',0,0),
 ('FCP(KG)',0,0),
 ('FLYM250G(J)',0,0),
 ('FCP-M4000(PCK)',0,0),
 ('FLYMAX10G(S)',0,0),
 ('GMP-3(KG)',0,0),
 ('GOLD-L',0,0),
 ('GOLD-L(KG)',0,0),
 ('HEXA',0,0),
 ('HFP(KG)',0,0),
 ('HGP(KG)',0,0),
 ('HI-LANDER(PCK)',0,0),
 ('HOU',0,0),
 ('HSC(KG)',0,0),
 ('HUM',0,0),
 ('HYPO16X1/2',0,0),
 ('HYPO17X3/4',0,0),
 ('I-SOLVE(1LTR)',0,0),
 ('LIV250ML',0,0),
 ('LSP(KG)',0,0),
 ('LUTA',0,0),
 ('MEEB',0,0),
 ('MICRO',0,0),
 ('MIRO(1LTR)',0,0),
 ('MULTIG(PACK)',0,0),
 ('MULTIV(B)',0,0),
 ('NBP(KG)',0,0),
 ('NGP(KG)',0,0),
 ('NLB(P)',0,0),
 ('NLB(PACK)',0,0),
 ('NLP(Kraft)',0,0),
 ('NLP(P)',0,0),
 ('NOVA-B',0,0),
 ('NSP(KG)',0,0),
 ('NUTRIPRO(KG)',0,0),
 ('OXY-R',0,0),
 ('PDP-ORD(KG)',0,0),
 ('PDP-SPE(KG)',0,0),
 ('PEN-M',0,0),
 ('PGP-B(KG)',0,0),
 ('PGP-R(KG)',0,0),
 ('PINAWA',0,0),
 ('PLAIN-R(KG)',0,0),
 ('PROM',0,0),
 ('PSP(KG)',0,0),
 ('PYRIS',0,0),
 ('RED(KG)',0,0),
 ('RESP-GEL',0,0),
 ('RESP5ML',0,0),
 ('RM-R(KG)',0,0),
 ('ROBI',0,0),
 ('ROV',0,0),
 ('SBC-M1000(PCK)',0,0),
 ('SBS(25)',0,0),
 ('SDP(KG)',0,0),
 ('SDP-M3000(PCK)',0,0),
 ('SLA-TONE(KG)',0,0),
 ('SLASHER(KG)',0,0),
 ('SMP(B)',0,0),
 ('SPE16(KG)',0,0),
 ('SSC-M2000(PCK)',0,0),
 ('STRAWB',0,0),
 ('STRAWB(KG)',0,0),
 ('SYR10ML(BOX)',0,0),
 ('SYR1ML(BOX)',0,0),
 ('SYR2.5ML(BOX)',0,0),
 ('SYR3ML(BOX)',0,0),
 ('SYR5ML(BOX)',0,0),
 ('T2S 20g',0,0),
 ('T2S 5g',0,0),
 ('TB-BOOSTER(PCK)',0,0),
 ('TB-DEVELOPER(PCK)',0,0),
 ('TB-DEVELOPER4+(PCK)',0,0),
 ('TB-ENERTONE(PCK)',0,0),
 ('TB-FINISHER(PCK)',0,0),
 ('TB-PLATINUM(PCK)',0,0),
 ('TB-SUCCESOR(PCK)',0,0),
 ('TEP',0,0),
 ('THB DEVELOPER(KG)',0,0),
 ('THB-FINISHER',0,0),
 ('TK',0,0),
 ('TUFF(KG)',0,0),
 ('TYROX-V',0,0),
 ('UTER(B)',0,0),
 ('UTER(COB)',0,0),
 ('V-REX(B)',0,0),
 ('V-REX(S)',0,0),
 ('VALUEMEAL-BAG',0,0),
 ('VERMEX-ECO(S)',0,0),
 ('VETMEGA30G',0,0),
 ('VITA-K',0,0),
 ('VITAF120',0,0),
 ('VOLTP-KQ',0,0),
 ('ZEF',0,0),
 ('ZEF(B)',0,0),
 ('ZEF(S)',0,0),
 ('XZOL',0,0),
 ('THB ENERTONE(P)',0,0),
 ('THB BOOSTER(P)',0,0),
 ('VALUEMEAL(KG)',0,0),
 ('GMP 3(KG)',0,0),
 ('MEGA 3000 CRAFT(KG)',0,0);
/*!40000 ALTER TABLE `items_with_tracking` ENABLE KEYS */;


--
-- Definition of table `last_inventory`
--

DROP TABLE IF EXISTS `last_inventory`;
CREATE TABLE `last_inventory` (
  `item_id` int(10) unsigned DEFAULT NULL,
  `item_code` varchar(45) DEFAULT NULL,
  `beginning_balance` double(10,2) DEFAULT NULL,
  `ending_balance` double(10,2) DEFAULT NULL,
  `date` datetime DEFAULT NULL
) ENGINE=InnoDB DEFAULT CHARSET=latin1;

--
-- Dumping data for table `last_inventory`
--

/*!40000 ALTER TABLE `last_inventory` DISABLE KEYS */;
INSERT INTO `last_inventory` (`item_id`,`item_code`,`beginning_balance`,`ending_balance`,`date`) VALUES 
 (1,'CBM-25',0.00,0.00,'2012-08-06 09:27:51'),
 (2,'CBM-50',0.00,0.00,'2012-08-06 09:27:51'),
 (3,'CSM',0.00,0.00,'2012-08-06 09:27:51'),
 (4,'CGM',0.00,0.00,'2012-08-06 09:27:51'),
 (5,'CLM',0.00,0.00,'2012-08-06 09:27:51'),
 (6,'CLM-1(CUS)',0.00,0.00,'2012-08-06 09:27:51'),
 (7,'BSC',0.00,0.00,'2012-08-06 09:27:51'),
 (8,'BFC',0.00,0.00,'2012-08-06 09:27:51'),
 (9,'MILKO PLUS',0.00,0.00,'2012-08-06 09:27:51'),
 (10,'NSP',0.00,0.00,'2012-08-06 09:27:51'),
 (11,'NGP',0.00,0.00,'2012-08-06 09:27:51'),
 (12,'NBP',0.00,0.00,'2012-08-06 09:27:51'),
 (13,'PSP',0.00,0.00,'2012-08-06 09:27:51'),
 (14,'LSP',0.00,0.00,'2012-08-06 09:27:51'),
 (15,'PGP B',0.00,0.00,'2012-08-06 09:27:51'),
 (16,'PGP R',0.00,0.00,'2012-08-06 09:27:51'),
 (17,'NLB',0.00,0.00,'2012-08-06 09:27:51'),
 (18,'NLP',0.00,0.00,'2012-08-06 09:27:51'),
 (19,'HSC',0.00,0.00,'2012-08-06 09:27:51'),
 (20,'HGP',0.00,0.00,'2012-08-06 09:27:51'),
 (21,'HFP',0.00,0.00,'2012-08-06 09:27:51'),
 (22,'PDP SPECIAL',0.00,0.00,'2012-08-06 09:27:51'),
 (23,'PDP ORD',0.00,0.00,'2012-08-06 09:27:51'),
 (24,'PEP',0.00,0.00,'2012-08-06 09:27:51'),
 (25,'PPM',0.00,0.00,'2012-08-06 09:27:51'),
 (26,'PGM',0.00,0.00,'2012-08-06 09:27:51'),
 (27,'MEGA 1000',0.00,0.00,'2012-08-06 09:27:51'),
 (28,'MEGA 1000 CRAFT',0.00,0.00,'2012-08-06 09:27:51'),
 (29,'MEGA 2000',0.00,0.00,'2012-08-06 09:27:51'),
 (30,'MEGA 2000 CRAFT',0.00,0.00,'2012-08-06 09:27:51'),
 (31,'MEGA 3000 CRAFT',0.00,0.00,'2012-08-06 09:27:51'),
 (32,'FCP 4000',0.00,0.00,'2012-08-06 09:27:51'),
 (33,'FCP 4000 CRAFT',0.00,0.00,'2012-08-06 09:27:51'),
 (34,'ACE 5000 CRAFT',0.00,0.00,'2012-08-06 09:27:51'),
 (35,'TUFF M',0.00,0.00,'2012-08-06 09:27:51'),
 (36,'SLASHER TONE',0.00,0.00,'2012-08-06 09:27:51'),
 (37,'7 KINDS',0.00,0.00,'2012-08-06 09:27:51'),
 (38,'SPECIAL 16',0.00,0.00,'2012-08-06 09:27:51'),
 (39,'SLASHER   ',0.00,0.00,'2012-08-06 09:27:51'),
 (40,'C.CORN',0.00,0.00,'2012-08-06 09:27:51'),
 (41,'C.CORN F',0.00,0.00,'2012-08-06 09:27:51'),
 (42,'FCC-25',0.00,0.00,'2012-08-06 09:27:51'),
 (43,'PIGEON FANCY',0.00,0.00,'2012-08-06 09:27:51'),
 (44,'COCK MANNA',0.00,0.00,'2012-08-06 09:27:51'),
 (45,'JOCKEY OATS',0.00,0.00,'2012-08-06 09:27:51'),
 (46,'THB BOOSTER',0.00,0.00,'2012-08-06 09:27:51'),
 (47,'THB DEVELOPER',0.00,0.00,'2012-08-06 09:27:51'),
 (48,'THB DEVELOPER 4+',0.00,0.00,'2012-08-06 09:27:51'),
 (49,'THB ENERTONE',0.00,0.00,'2012-08-06 09:27:51'),
 (50,'THB PLATINUM',0.00,0.00,'2012-08-06 09:27:51'),
 (51,'THB FINISHER',0.00,0.00,'2012-08-06 09:27:51'),
 (52,'THB SUCCESOR',0.00,0.00,'2012-08-06 09:27:51'),
 (53,'MULTI GRAIN',0.00,0.00,'2012-08-06 09:27:51'),
 (54,'HI-LANDER',0.00,0.00,'2012-08-06 09:27:51'),
 (55,'GMP 1',0.00,0.00,'2012-08-06 09:27:51'),
 (56,'GMP 2',0.00,0.00,'2012-08-06 09:27:51'),
 (57,'GMP 3',0.00,0.00,'2012-08-06 09:27:51'),
 (58,'GMP 4',0.00,0.00,'2012-08-06 09:27:51'),
 (59,'FRY B',0.00,0.00,'2012-08-06 09:27:51'),
 (60,'FRY M',0.00,0.00,'2012-08-06 09:27:51'),
 (61,'GROUPER#1',0.00,0.00,'2012-08-06 09:27:51'),
 (62,'GROUPER#2',0.00,0.00,'2012-08-06 09:27:51'),
 (63,'GROUPER#3',0.00,0.00,'2012-08-06 09:27:51'),
 (64,'GROUPER#4',0.00,0.00,'2012-08-06 09:27:51'),
 (65,'GROUPER#5',0.00,0.00,'2012-08-06 09:27:51'),
 (66,'GROUPER#6',0.00,0.00,'2012-08-06 09:27:51'),
 (67,'GROUPER#7',0.00,0.00,'2012-08-06 09:27:51'),
 (68,'KOI 5MM',0.00,0.00,'2012-08-06 09:27:51'),
 (69,'KOI 7MM',0.00,0.00,'2012-08-06 09:27:51'),
 (70,'POMPANO#1',0.00,0.00,'2012-08-06 09:27:51'),
 (71,'POMPANO#2',0.00,0.00,'2012-08-06 09:27:51'),
 (72,'POMPANO#3',0.00,0.00,'2012-08-06 09:27:51'),
 (73,'POMPANO#4',0.00,0.00,'2012-08-06 09:27:51'),
 (74,'POMPANO#5',0.00,0.00,'2012-08-06 09:27:51'),
 (75,'PPS #1',0.00,0.00,'2012-08-06 09:27:51'),
 (76,'PPS #2',0.00,0.00,'2012-08-06 09:27:51'),
 (77,'PBC',0.00,0.00,'2012-08-06 09:27:51'),
 (78,'PBF',0.00,0.00,'2012-08-06 09:27:51'),
 (79,'PBG',0.00,0.00,'2012-08-06 09:27:51'),
 (80,'PBS',0.00,0.00,'2012-08-06 09:27:51'),
 (81,'PMC',0.00,0.00,'2012-08-06 09:27:51'),
 (82,'RFF',0.00,0.00,'2012-08-06 09:27:51'),
 (83,'RFG',0.00,0.00,'2012-08-06 09:27:51'),
 (84,'RF-PRE',0.00,0.00,'2012-08-06 09:27:51'),
 (85,'RFS',0.00,0.00,'2012-08-06 09:27:51'),
 (86,'SNAPPER#3',0.00,0.00,'2012-08-06 09:27:51'),
 (87,'SNAPPER#4',0.00,0.00,'2012-08-06 09:27:51'),
 (88,'SNAPPER#7',0.00,0.00,'2012-08-06 09:27:51'),
 (89,'SBF-AQUA',0.00,0.00,'2012-08-06 09:27:51'),
 (90,'SBF ',0.00,0.00,'2012-08-06 09:27:51'),
 (91,'SBG-AQUA ',0.00,0.00,'2012-08-06 09:27:51'),
 (92,'SBG ',0.00,0.00,'2012-08-06 09:27:51'),
 (93,'SBS',0.00,0.00,'2012-08-06 09:27:51'),
 (94,'STS-PRE',0.00,0.00,'2012-08-06 09:27:51'),
 (95,'VANNAMIE#1',0.00,0.00,'2012-08-06 09:27:51'),
 (96,'VANNAMIE#2',0.00,0.00,'2012-08-06 09:27:51'),
 (97,'VANNAMIE#3',0.00,0.00,'2012-08-06 09:27:51'),
 (98,'ADI-R.',0.00,0.00,'2012-08-06 09:27:51'),
 (99,'AJUNE-R.',0.00,0.00,'2012-08-06 09:27:51'),
 (100,'BENG-R.(W)',0.00,0.00,'2012-08-06 09:27:51'),
 (101,'BENG-R.(Y)',0.00,0.00,'2012-08-06 09:27:51'),
 (102,'BIG-B',0.00,0.00,'2012-08-06 09:27:51'),
 (103,'BUKID-R.',0.00,0.00,'2012-08-06 09:27:51'),
 (104,'CANDICE-R.',0.00,0.00,'2012-08-06 09:27:51'),
 (105,'CHRISTINE-B',0.00,0.00,'2012-08-06 09:27:51'),
 (106,'CHRISTINE-R.',0.00,0.00,'2012-08-06 09:27:51'),
 (107,'CORONA-R.',0.00,0.00,'2012-08-06 09:27:51'),
 (108,'CROWN-R.',0.00,0.00,'2012-08-06 09:27:51'),
 (109,'CUPID-R.',0.00,0.00,'2012-08-06 09:27:51'),
 (110,'DIDI-R.',0.00,0.00,'2012-08-06 09:27:51'),
 (111,'GOLDEN-K',0.00,0.00,'2012-08-06 09:27:51'),
 (112,'HONEY(W)',0.00,0.00,'2012-08-06 09:27:51'),
 (113,'HONEY(Y)',0.00,0.00,'2012-08-06 09:27:51'),
 (114,'LORENCE-R.',0.00,0.00,'2012-08-06 09:27:51'),
 (115,'MASKARA-R.',0.00,0.00,'2012-08-06 09:27:51'),
 (116,'MAX-R.',0.00,0.00,'2012-08-06 09:27:51'),
 (117,'NFA(PLAIN)',0.00,0.00,'2012-08-06 09:27:51'),
 (118,'NFA(W/IRON)',0.00,0.00,'2012-08-06 09:27:51'),
 (119,'PIÑA-R.',0.00,0.00,'2012-08-06 09:27:51'),
 (120,'PLAIN-R.',0.00,0.00,'2012-08-06 09:27:51'),
 (121,'PLAIN-R(B)',0.00,0.00,'2012-08-06 09:27:51'),
 (122,'RED-R.',0.00,0.00,'2012-08-06 09:27:51'),
 (123,'RM-R.',0.00,0.00,'2012-08-06 09:27:51'),
 (124,'ROYALC-R.',0.00,0.00,'2012-08-06 09:27:51'),
 (125,'RPG-R.',0.00,0.00,'2012-08-06 09:27:51'),
 (126,'SNOWHITE-R.',0.00,0.00,'2012-08-06 09:27:51'),
 (127,'SUNRISE-R.',0.00,0.00,'2012-08-06 09:27:51'),
 (128,'TWINKLE-R.',0.00,0.00,'2012-08-06 09:27:51'),
 (129,'WATERD-R.',0.00,0.00,'2012-08-06 09:27:51'),
 (130,'WHITE-R.',0.00,0.00,'2012-08-06 09:27:51'),
 (131,'YUMMY-R.',0.00,0.00,'2012-08-06 09:27:51'),
 (132,'AI',0.00,0.00,'2012-08-06 09:27:51'),
 (133,'BUGGING-C',0.00,0.00,'2012-08-06 09:27:51'),
 (134,'CLAYPOT',0.00,0.00,'2012-08-06 09:27:51'),
 (135,'COCKBOX(D)',0.00,0.00,'2012-08-06 09:27:51'),
 (136,'COCKBOX(S)',0.00,0.00,'2012-08-06 09:27:51'),
 (137,'CORD-L',0.00,0.00,'2012-08-06 09:27:51'),
 (138,'CORD-M',0.00,0.00,'2012-08-06 09:27:51'),
 (139,'CORD-S',0.00,0.00,'2012-08-06 09:27:51'),
 (140,'EURO10ML',0.00,0.00,'2012-08-06 09:27:51'),
 (141,'FEEDER-C',0.00,0.00,'2012-08-06 09:27:51'),
 (142,'FEEDER-L',0.00,0.00,'2012-08-06 09:27:51'),
 (143,'HYPO15X1/12',0.00,0.00,'2012-08-06 09:27:51'),
 (144,'HYPO16X1',0.00,0.00,'2012-08-06 09:27:51'),
 (145,'HYPO17X1',0.00,0.00,'2012-08-06 09:27:51'),
 (146,'HYPO17X1(1/2)',0.00,0.00,'2012-08-06 09:27:51'),
 (147,'HYPO18',0.00,0.00,'2012-08-06 09:27:51'),
 (148,'HYPO18X1/2',0.00,0.00,'2012-08-06 09:27:51'),
 (149,'HYPO20',0.00,0.00,'2012-08-06 09:27:51'),
 (150,'HYPO20X1/2',0.00,0.00,'2012-08-06 09:27:51'),
 (151,'HYPO21X1/2',0.00,0.00,'2012-08-06 09:27:51'),
 (152,'HYPO22',0.00,0.00,'2012-08-06 09:27:51'),
 (153,'HYPO22X1/2',0.00,0.00,'2012-08-06 09:27:51'),
 (154,'HYPO23',0.00,0.00,'2012-08-06 09:27:51'),
 (155,'NIPPLE(B)',0.00,0.00,'2012-08-06 09:27:51'),
 (156,'NIPPLE(S)',0.00,0.00,'2012-08-06 09:27:51'),
 (157,'PANIIL',0.00,0.00,'2012-08-06 09:27:51'),
 (158,'PLASLOT(P)',0.00,0.00,'2012-08-06 09:27:51'),
 (159,'PLASLOT(S)',0.00,0.00,'2012-08-06 09:27:51'),
 (160,'RUB',0.00,0.00,'2012-08-06 09:27:51'),
 (161,'SCRAT 2KG',0.00,0.00,'2012-08-06 09:27:51'),
 (162,'SCRAT 3KG',0.00,0.00,'2012-08-06 09:27:51'),
 (163,'SEM',0.00,0.00,'2012-08-06 09:27:51'),
 (164,'SURG-B',0.00,0.00,'2012-08-06 09:27:51'),
 (165,'SYR10ML',0.00,0.00,'2012-08-06 09:27:51'),
 (166,'SYR1ML',0.00,0.00,'2012-08-06 09:27:51'),
 (167,'SYR2.5ML',0.00,0.00,'2012-08-06 09:27:51'),
 (168,'SYR3ML',0.00,0.00,'2012-08-06 09:27:51'),
 (169,'SYR5ML',0.00,0.00,'2012-08-06 09:27:51'),
 (170,'TEETHC',0.00,0.00,'2012-08-06 09:27:51'),
 (171,'WAT1/2(M)',0.00,0.00,'2012-08-06 09:27:51'),
 (172,'WAT1/4(S)',0.00,0.00,'2012-08-06 09:27:51'),
 (173,'WAT1GAL',0.00,0.00,'2012-08-06 09:27:51'),
 (174,'AGME-2G(PCS)',0.00,0.00,'2012-08-06 09:27:51'),
 (175,'AGMEC-5G(S)',0.00,0.00,'2012-08-06 09:27:51'),
 (176,'AGMEC-5G(B)',0.00,0.00,'2012-08-06 09:27:51'),
 (177,'AMBROX-5G(S)',0.00,0.00,'2012-08-06 09:27:51'),
 (178,'AMBROX-5G(B)',0.00,0.00,'2012-08-06 09:27:51'),
 (179,'AMOXI(PCS)',0.00,0.00,'2012-08-06 09:27:51'),
 (180,'AMOXT5G(PCS)',0.00,0.00,'2012-08-06 09:27:51'),
 (181,'AMOXT-5G(B)',0.00,0.00,'2012-08-06 09:27:51'),
 (182,'AMTYL(PCS)',0.00,0.00,'2012-08-06 09:27:51'),
 (183,'AMTYL(BOX)',0.00,0.00,'2012-08-06 09:27:51'),
 (184,'ANIM10ML',0.00,0.00,'2012-08-06 09:27:51'),
 (185,'APRA1KG',0.00,0.00,'2012-08-06 09:27:51'),
 (186,'APRA6G(PCS)',0.00,0.00,'2012-08-06 09:27:51'),
 (187,'APRA6G(B)',0.00,0.00,'2012-08-06 09:27:51'),
 (188,'AQUAD5G(S)',0.00,0.00,'2012-08-06 09:27:51'),
 (189,'AQUAD5G(B)',0.00,0.00,'2012-08-06 09:27:51'),
 (190,'ASTIG(PCS)',0.00,0.00,'2012-08-06 09:27:51'),
 (191,'ASTIG(B)',0.00,0.00,'2012-08-06 09:27:51'),
 (192,'AXYLIN5G(S)',0.00,0.00,'2012-08-06 09:27:51'),
 (193,'B12(AFFES)PCS.',0.00,0.00,'2012-08-06 09:27:51'),
 (194,'B12(AFFES)BOT.',0.00,0.00,'2012-08-06 09:27:51'),
 (195,'B12(LDI)PCS.',0.00,0.00,'2012-08-06 09:27:51'),
 (196,'B50(PCS)',0.00,0.00,'2012-08-06 09:27:51'),
 (197,'B50TABS(B)',0.00,0.00,'2012-08-06 09:27:51'),
 (198,'BACT100ML',0.00,0.00,'2012-08-06 09:27:51'),
 (199,'BACT10ML',0.00,0.00,'2012-08-06 09:27:51'),
 (200,'BAXISE6G(S)',0.00,0.00,'2012-08-06 09:27:51'),
 (201,'BAXITABS(B)',0.00,0.00,'2012-08-06 09:27:51'),
 (202,'BAXI7G(S)',0.00,0.00,'2012-08-06 09:27:51'),
 (203,'BAXI7G(B)',0.00,0.00,'2012-08-06 09:27:51'),
 (204,'BAXI25G(B)',0.00,0.00,'2012-08-06 09:27:51'),
 (205,'BAXI30G',0.00,0.00,'2012-08-06 09:27:51'),
 (206,'BAXI1KG(G)',0.00,0.00,'2012-08-06 09:27:51'),
 (207,'BAXISE6G(B)',0.00,0.00,'2012-08-06 09:27:51'),
 (208,'BAXITABS(PCS)',0.00,0.00,'2012-08-06 09:27:51'),
 (209,'B-COMP100ML',0.00,0.00,'2012-08-06 09:27:51'),
 (210,'BEE-P(B)',0.00,0.00,'2012-08-06 09:27:51'),
 (211,'BEE-P(PCS)',0.00,0.00,'2012-08-06 09:27:51'),
 (212,'BELA100ML',0.00,0.00,'2012-08-06 09:27:51'),
 (213,'BELA10ML',0.00,0.00,'2012-08-06 09:27:51'),
 (214,'BELA20ML',0.00,0.00,'2012-08-06 09:27:51'),
 (215,'BELA50ML',0.00,0.00,'2012-08-06 09:27:51'),
 (216,'BEXSP100ML',0.00,0.00,'2012-08-06 09:27:51'),
 (217,'BEXSP10ML',0.00,0.00,'2012-08-06 09:27:51'),
 (218,'BEXSP20ML',0.00,0.00,'2012-08-06 09:27:51'),
 (219,'BEXXP100ML',0.00,0.00,'2012-08-06 09:27:51'),
 (220,'BEXXP10ML',0.00,0.00,'2012-08-06 09:27:51'),
 (221,'BEXXP20ML',0.00,0.00,'2012-08-06 09:27:51'),
 (222,'BIGGC2(5GM)',0.00,0.00,'2012-08-06 09:27:51'),
 (223,'BIOT100ML',0.00,0.00,'2012-08-06 09:27:51'),
 (224,'BOTSPRAY',0.00,0.00,'2012-08-06 09:27:51'),
 (225,'BTS(S)',0.00,0.00,'2012-08-06 09:27:51'),
 (226,'CALC',0.00,0.00,'2012-08-06 09:27:51'),
 (227,'CALCLAC',0.00,0.00,'2012-08-06 09:27:51'),
 (228,'CALV(PCS)',0.00,0.00,'2012-08-06 09:27:51'),
 (229,'CALVTAB(B)',0.00,0.00,'2012-08-06 09:27:51'),
 (230,'CATH(FOAM)',0.00,0.00,'2012-08-06 09:27:51'),
 (231,'CATH(SPIRAL)',0.00,0.00,'2012-08-06 09:27:51'),
 (232,'CECI200G',0.00,0.00,'2012-08-06 09:27:51'),
 (233,'CECI25KG',0.00,0.00,'2012-08-06 09:27:51'),
 (234,'CHLOR300(PCS)',0.00,0.00,'2012-08-06 09:27:51'),
 (235,'CHLOR300(B)',0.00,0.00,'2012-08-06 09:27:51'),
 (236,'CHLOR250(PCS)',0.00,0.00,'2012-08-06 09:27:51'),
 (237,'CHLOR250(B)',0.00,0.00,'2012-08-06 09:27:51'),
 (238,'CLEANSY',0.00,0.00,'2012-08-06 09:27:51'),
 (239,'COCKSURE(PCS)',0.00,0.00,'2012-08-06 09:27:51'),
 (240,'COGL',0.00,0.00,'2012-08-06 09:27:51'),
 (241,'COMB86',0.00,0.00,'2012-08-06 09:27:51'),
 (242,'COMP3000(PCS)',0.00,0.00,'2012-08-06 09:27:51'),
 (243,'COMP3000(10ML)',0.00,0.00,'2012-08-06 09:27:51'),
 (244,'COPY10ML',0.00,0.00,'2012-08-06 09:27:51'),
 (245,'DCM50ML',0.00,0.00,'2012-08-06 09:27:51'),
 (246,'DERMO10ML',0.00,0.00,'2012-08-06 09:27:51'),
 (247,'DEXT100ML',0.00,0.00,'2012-08-06 09:27:51'),
 (248,'DEXTRPDR100G',0.00,0.00,'2012-08-06 09:27:51'),
 (249,'DEXTRPDR300G',0.00,0.00,'2012-08-06 09:27:51'),
 (250,'DIGEST6G(S)',0.00,0.00,'2012-08-06 09:27:51'),
 (251,'DIGEST6G(B)',0.00,0.00,'2012-08-06 09:27:51'),
 (252,'DOXYTAB(PCS)',0.00,0.00,'2012-08-06 09:27:51'),
 (253,'DOXYTAB(B)',0.00,0.00,'2012-08-06 09:27:51'),
 (254,'DOXY7G(S)',0.00,0.00,'2012-08-06 09:27:51'),
 (255,'DOXY7G(B)',0.00,0.00,'2012-08-06 09:27:51'),
 (256,'DRYS',0.00,0.00,'2012-08-06 09:27:51'),
 (257,'ECOL10ML',0.00,0.00,'2012-08-06 09:27:51'),
 (258,'ECOL5ML',0.00,0.00,'2012-08-06 09:27:51'),
 (259,'EGG-SC',0.00,0.00,'2012-08-06 09:27:51'),
 (260,'ELECT20G(S)',0.00,0.00,'2012-08-06 09:27:51'),
 (261,'ELECT6G(S)',0.00,0.00,'2012-08-06 09:27:51'),
 (262,'ELECT1KG(GAL)',0.00,0.00,'2012-08-06 09:27:51'),
 (263,'ELECT20G(B)',0.00,0.00,'2012-08-06 09:27:51'),
 (264,'ELECT6G(B)',0.00,0.00,'2012-08-06 09:27:51'),
 (265,'ENEF(PCS)',0.00,0.00,'2012-08-06 09:27:51'),
 (266,'EXCE5G(B)',0.00,0.00,'2012-08-06 09:27:51'),
 (267,'FLYM10G(B)',0.00,0.00,'2012-08-06 09:27:51'),
 (268,'FLYM(S)',0.00,0.00,'2012-08-06 09:27:51'),
 (269,'FLYM250G',0.00,0.00,'2012-08-06 09:27:51'),
 (270,'GANATAB(PCS)',0.00,0.00,'2012-08-06 09:27:51'),
 (271,'GANATAB(B)',0.00,0.00,'2012-08-06 09:27:51'),
 (272,'GONAD',0.00,0.00,'2012-08-06 09:27:51'),
 (273,'GROF',0.00,0.00,'2012-08-06 09:27:51'),
 (274,'HAMTAB(PCS)',0.00,0.00,'2012-08-06 09:27:51'),
 (275,'HAMTAB200(B)',0.00,0.00,'2012-08-06 09:27:51'),
 (276,'HAMSUS6ML',0.00,0.00,'2012-08-06 09:27:51'),
 (277,'HEPAX100ML',0.00,0.00,'2012-08-06 09:27:51'),
 (278,'HUSC',0.00,0.00,'2012-08-06 09:27:51'),
 (279,'INSTIRON15ML',0.00,0.00,'2012-08-06 09:27:51'),
 (280,'IODO10ML',0.00,0.00,'2012-08-06 09:27:51'),
 (281,'IRON100ML',0.00,0.00,'2012-08-06 09:27:51'),
 (282,'ISOL20%',0.00,0.00,'2012-08-06 09:27:51'),
 (283,'ISOL5%',0.00,0.00,'2012-08-06 09:27:51'),
 (284,'I-SOLVE',0.00,0.00,'2012-08-06 09:27:51'),
 (285,'IVER100ML',0.00,0.00,'2012-08-06 09:27:51'),
 (286,'IVER10ML',0.00,0.00,'2012-08-06 09:27:51'),
 (287,'JECTADV100ML',0.00,0.00,'2012-08-06 09:27:51'),
 (288,'JECTADV20ML',0.00,0.00,'2012-08-06 09:27:51'),
 (289,'JECTCLA10ML',0.00,0.00,'2012-08-06 09:27:51'),
 (290,'JECTPREM100ML',0.00,0.00,'2012-08-06 09:27:51'),
 (291,'JECTPREM10ML',0.00,0.00,'2012-08-06 09:27:51'),
 (292,'JECTPREM20ML',0.00,0.00,'2012-08-06 09:27:51'),
 (293,'KOPE',0.00,0.00,'2012-08-06 09:27:51'),
 (294,'LACTA30ML',0.00,0.00,'2012-08-06 09:27:51'),
 (295,'LATIG10G(S)',0.00,0.00,'2012-08-06 09:27:51'),
 (296,'LATIG10G(B)',0.00,0.00,'2012-08-06 09:27:51'),
 (297,'LATIG5G(S)',0.00,0.00,'2012-08-06 09:27:51'),
 (298,'LATIG5G(B)',0.00,0.00,'2012-08-06 09:27:51'),
 (299,'LAT200(B)',0.00,0.00,'2012-08-06 09:27:51'),
 (300,'LAT200(PCS)',0.00,0.00,'2012-08-06 09:27:51'),
 (301,'LAT60(PCS)',0.00,0.00,'2012-08-06 09:27:51'),
 (302,'LAT60(B)',0.00,0.00,'2012-08-06 09:27:51'),
 (303,'LAT500(B)',0.00,0.00,'2012-08-06 09:27:51'),
 (304,'LAT500(PCS)',0.00,0.00,'2012-08-06 09:27:51'),
 (305,'L-SPEC',0.00,0.00,'2012-08-06 09:27:51'),
 (306,'MACRO',0.00,0.00,'2012-08-06 09:27:51'),
 (307,'MAJOR-D(S)',0.00,0.00,'2012-08-06 09:27:51'),
 (308,'MAJOR-D100ML',0.00,0.00,'2012-08-06 09:27:51'),
 (309,'MAJOR-D(B)',0.00,0.00,'2012-08-06 09:27:51'),
 (310,'MAMM100ML',0.00,0.00,'2012-08-06 09:27:51'),
 (311,'MAMM10ML',0.00,0.00,'2012-08-06 09:27:51'),
 (312,'MOTHYL-X(PCS)',0.00,0.00,'2012-08-06 09:27:51'),
 (313,'MOTHYL-X(BOT)',0.00,0.00,'2012-08-06 09:27:51'),
 (314,'MULTIV100S',0.00,0.00,'2012-08-06 09:27:51'),
 (315,'MYCO100ML',0.00,0.00,'2012-08-06 09:27:51'),
 (316,'NF',0.00,0.00,'2012-08-06 09:27:51'),
 (317,'NUTRID15ML',0.00,0.00,'2012-08-06 09:27:51'),
 (318,'NUTRIG300G',0.00,0.00,'2012-08-06 09:27:51'),
 (319,'ORN',0.00,0.00,'2012-08-06 09:27:51'),
 (320,'OSC100ML',0.00,0.00,'2012-08-06 09:27:51'),
 (321,'OXX',0.00,0.00,'2012-08-06 09:27:51'),
 (322,'OXY5ML',0.00,0.00,'2012-08-06 09:27:51'),
 (323,'OXYLA30ML',0.00,0.00,'2012-08-06 09:27:51'),
 (324,'OXYT2.5ML',0.00,0.00,'2012-08-06 09:27:51'),
 (325,'OXYT5ML',0.00,0.00,'2012-08-06 09:27:51'),
 (326,'PET150GMS',0.00,0.00,'2012-08-06 09:27:51'),
 (327,'PET60GMS',0.00,0.00,'2012-08-06 09:27:51'),
 (328,'PET110GMS',0.00,0.00,'2012-08-06 09:27:51'),
 (329,'PIDRO2.4(PCS)',0.00,0.00,'2012-08-06 09:27:51'),
 (330,'PIDRO2.4(B)',0.00,0.00,'2012-08-06 09:27:51'),
 (331,'PITOC10ML',0.00,0.00,'2012-08-06 09:27:51'),
 (332,'PITOC5ML',0.00,0.00,'2012-08-06 09:27:51'),
 (333,'PITOX',0.00,0.00,'2012-08-06 09:27:51'),
 (334,'PROMOTIC',0.00,0.00,'2012-08-06 09:27:51'),
 (335,'PROMOTOR',0.00,0.00,'2012-08-06 09:27:51'),
 (336,'PROTO250ML',0.00,0.00,'2012-08-06 09:27:51'),
 (337,'PROX',0.00,0.00,'2012-08-06 09:27:51'),
 (338,'PUSHAM8ML(B)',0.00,0.00,'2012-08-06 09:27:51'),
 (339,'PUSHAM8M(S)',0.00,0.00,'2012-08-06 09:27:51'),
 (340,'PYRIS7G(B)',0.00,0.00,'2012-08-06 09:27:51'),
 (341,'QUICK-H',0.00,0.00,'2012-08-06 09:27:51'),
 (342,'REDB100ML',0.00,0.00,'2012-08-06 09:27:51'),
 (343,'REDB10ML',0.00,0.00,'2012-08-06 09:27:51'),
 (344,'REDC',0.00,0.00,'2012-08-06 09:27:51'),
 (345,'REDG(PCS)',0.00,0.00,'2012-08-06 09:27:51'),
 (346,'REDB20ML',0.00,0.00,'2012-08-06 09:27:51'),
 (347,'REDB50ML',0.00,0.00,'2012-08-06 09:27:51'),
 (348,'REDGCAP',0.00,0.00,'2012-08-06 09:27:51'),
 (349,'REL5ML',0.00,0.00,'2012-08-06 09:27:51'),
 (350,'RESP',0.00,0.00,'2012-08-06 09:27:51'),
 (351,'ROMOX(PCS)',0.00,0.00,'2012-08-06 09:27:51'),
 (352,'ROMOX(B)',0.00,0.00,'2012-08-06 09:27:51'),
 (353,'ROOST',0.00,0.00,'2012-08-06 09:27:51'),
 (354,'ROVIS',0.00,0.00,'2012-08-06 09:27:51'),
 (355,'SCOUCOB',0.00,0.00,'2012-08-06 09:27:51'),
 (356,'SCOU(PCS)',0.00,0.00,'2012-08-06 09:27:51'),
 (357,'SELEC(S)',0.00,0.00,'2012-08-06 09:27:51'),
 (358,'SELEC20ML',0.00,0.00,'2012-08-06 09:27:51'),
 (359,'SMP',0.00,0.00,'2012-08-06 09:27:51'),
 (360,'SOLU25GM',0.00,0.00,'2012-08-06 09:27:51'),
 (361,'STREP',0.00,0.00,'2012-08-06 09:27:51'),
 (362,'STRES',0.00,0.00,'2012-08-06 09:27:51'),
 (363,'STRONG',0.00,0.00,'2012-08-06 09:27:51'),
 (364,'STRONGTAB',0.00,0.00,'2012-08-06 09:27:51'),
 (365,'SULF100ML',0.00,0.00,'2012-08-06 09:27:51'),
 (366,'SUSLA100ML',0.00,0.00,'2012-08-06 09:27:51'),
 (367,'SUSLA10ML',0.00,0.00,'2012-08-06 09:27:51'),
 (368,'T2S 20g',0.00,0.00,'2012-08-06 09:27:51'),
 (369,'THYR',0.00,0.00,'2012-08-06 09:27:51'),
 (370,'TMPS',0.00,0.00,'2012-08-06 09:27:51'),
 (371,'TRIPU100ML',0.00,0.00,'2012-08-06 09:27:51'),
 (372,'TRISU',0.00,0.00,'2012-08-06 09:27:51'),
 (373,'TRISUL7G(B)',0.00,0.00,'2012-08-06 09:27:51'),
 (374,'TRISUL7G(S',0.00,0.00,'2012-08-06 09:27:51'),
 (375,'TRISULCAP',0.00,0.00,'2012-08-06 09:27:51'),
 (376,'TRU-G',0.00,0.00,'2012-08-06 09:27:51'),
 (377,'TRU-G(PCS)',0.00,0.00,'2012-08-06 09:27:51'),
 (378,'TYL',0.00,0.00,'2012-08-06 09:27:51'),
 (379,'TYL250',0.00,0.00,'2012-08-06 09:27:51'),
 (380,'TYRO50GM',0.00,0.00,'2012-08-06 09:27:51'),
 (381,'UTER',0.00,0.00,'2012-08-06 09:27:51'),
 (382,'V22T',0.00,0.00,'2012-08-06 09:27:51'),
 (383,'V22100T',0.00,0.00,'2012-08-06 09:27:51'),
 (384,'V22-200G',0.00,0.00,'2012-08-06 09:27:51'),
 (385,'VALB30ML',0.00,0.00,'2012-08-06 09:27:51'),
 (386,'VANG',0.00,0.00,'2012-08-06 09:27:51'),
 (387,'VERM',0.00,0.00,'2012-08-06 09:27:51'),
 (388,'VERMCAP',0.00,0.00,'2012-08-06 09:27:51'),
 (389,'VETC5G',0.00,0.00,'2012-08-06 09:27:51'),
 (390,'VETP5G',0.00,0.00,'2012-08-06 09:27:51'),
 (391,'VETC100ML',0.00,0.00,'2012-08-06 09:27:51'),
 (392,'VETCL1KG',0.00,0.00,'2012-08-06 09:27:51'),
 (393,'VETCL2KG',0.00,0.00,'2012-08-06 09:27:51'),
 (394,'VETCLA30G',0.00,0.00,'2012-08-06 09:27:51'),
 (395,'VETC30G',0.00,0.00,'2012-08-06 09:27:51'),
 (396,'VETCLA5G',0.00,0.00,'2012-08-06 09:27:51'),
 (397,'VETG1KG',0.00,0.00,'2012-08-06 09:27:51'),
 (398,'VETGOLD24G',0.00,0.00,'2012-08-06 09:27:51'),
 (399,'VETG24G',0.00,0.00,'2012-08-06 09:27:51'),
 (400,'VETG5G',0.00,0.00,'2012-08-06 09:27:51'),
 (401,'VETGOLD5G',0.00,0.00,'2012-08-06 09:27:51'),
 (402,'VETG-CAP',0.00,0.00,'2012-08-06 09:27:51'),
 (403,'VETGOLDCAP',0.00,0.00,'2012-08-06 09:27:51'),
 (404,'VETPRE24G',0.00,0.00,'2012-08-06 09:27:51'),
 (405,'VETP24G',0.00,0.00,'2012-08-06 09:27:51'),
 (406,'VETPREM5G',0.00,0.00,'2012-08-06 09:27:51'),
 (407,'VIMINTAB(B)',0.00,0.00,'2012-08-06 09:27:51'),
 (408,'VIMIN(PCS)',0.00,0.00,'2012-08-06 09:27:51'),
 (409,'VITADE10ML',0.00,0.00,'2012-08-06 09:27:51'),
 (410,'B12(LDI)',0.00,0.00,'2012-08-06 09:27:51'),
 (411,'B12(AFFES)',0.00,0.00,'2012-08-06 09:27:51'),
 (412,'VITAF',0.00,0.00,'2012-08-06 09:27:51'),
 (413,'VITERAL',0.00,0.00,'2012-08-06 09:27:51'),
 (414,'VIT500',0.00,0.00,'2012-08-06 09:27:51'),
 (415,'VITON-ADE10ML',0.00,0.00,'2012-08-06 09:27:51'),
 (416,'VOLT(PCS)',0.00,0.00,'2012-08-06 09:27:51'),
 (417,'WASH10ML(S)',0.00,0.00,'2012-08-06 09:27:51'),
 (418,'WASH10ML(B)',0.00,0.00,'2012-08-06 09:27:51'),
 (419,'WORMT(PCS)',0.00,0.00,'2012-08-06 09:27:51'),
 (420,'WORMTAB(B)',0.00,0.00,'2012-08-06 09:27:51'),
 (421,'W-SPRAY75G',0.00,0.00,'2012-08-06 09:27:51'),
 (422,'ZERO(B)',0.00,0.00,'2012-08-06 09:27:51'),
 (423,'ZERO(S)',0.00,0.00,'2012-08-06 09:27:51'),
 (424,'T2S 5g',0.00,0.00,'2012-08-06 09:27:51');
/*!40000 ALTER TABLE `last_inventory` ENABLE KEYS */;


--
-- Definition of table `manufacturers`
--

DROP TABLE IF EXISTS `manufacturers`;
CREATE TABLE `manufacturers` (
  `manufacturers_id` int(10) unsigned NOT NULL AUTO_INCREMENT,
  `manufacturers_name` varchar(45) DEFAULT NULL,
  `manufacturers_add` varchar(45) DEFAULT NULL,
  `manufacturers_number` varchar(45) DEFAULT NULL,
  PRIMARY KEY (`manufacturers_id`)
) ENGINE=InnoDB AUTO_INCREMENT=7 DEFAULT CHARSET=latin1;

--
-- Dumping data for table `manufacturers`
--

/*!40000 ALTER TABLE `manufacturers` DISABLE KEYS */;
INSERT INTO `manufacturers` (`manufacturers_id`,`manufacturers_name`,`manufacturers_add`,`manufacturers_number`) VALUES 
 (1,'UNIFEEDS','',''),
 (2,'UNAHCO','',''),
 (3,'SANTEH','',''),
 (4,'CEBU','',''),
 (5,'STG MILLING','',''),
 (6,'NFA','','');
/*!40000 ALTER TABLE `manufacturers` ENABLE KEYS */;


--
-- Definition of table `municipal_agent`
--

DROP TABLE IF EXISTS `municipal_agent`;
CREATE TABLE `municipal_agent` (
  `agent_id` int(10) unsigned DEFAULT NULL,
  `municipal_id` varchar(45) DEFAULT NULL
) ENGINE=InnoDB DEFAULT CHARSET=latin1;

--
-- Dumping data for table `municipal_agent`
--

/*!40000 ALTER TABLE `municipal_agent` DISABLE KEYS */;
INSERT INTO `municipal_agent` (`agent_id`,`municipal_id`) VALUES 
 (3,'1'),
 (3,'2'),
 (3,'3'),
 (3,'4'),
 (2,'5'),
 (2,'6'),
 (2,'7'),
 (2,'8'),
 (2,'9'),
 (7,'10'),
 (7,'11'),
 (7,'12'),
 (7,'13'),
 (9,'14'),
 (9,'15'),
 (9,'16'),
 (9,'17'),
 (9,'18'),
 (6,'19'),
 (6,'20'),
 (6,'21'),
 (6,'22'),
 (10,'23'),
 (10,'24'),
 (10,'25'),
 (10,'26'),
 (10,'27'),
 (5,'28'),
 (5,'29'),
 (5,'30'),
 (5,'31'),
 (4,'32'),
 (4,'33'),
 (4,'34'),
 (4,'35'),
 (8,'36'),
 (8,'37'),
 (8,'38'),
 (8,'39'),
 (12,'40'),
 (12,'41'),
 (12,'42'),
 (12,'43'),
 (12,'44');
/*!40000 ALTER TABLE `municipal_agent` ENABLE KEYS */;


--
-- Definition of table `municipalities`
--

DROP TABLE IF EXISTS `municipalities`;
CREATE TABLE `municipalities` (
  `municipal_id` int(10) unsigned NOT NULL AUTO_INCREMENT,
  `municipal_name` varchar(45) NOT NULL,
  `tracking_price` double(10,2) DEFAULT NULL,
  PRIMARY KEY (`municipal_id`)
) ENGINE=InnoDB AUTO_INCREMENT=50 DEFAULT CHARSET=latin1;

--
-- Dumping data for table `municipalities`
--

/*!40000 ALTER TABLE `municipalities` DISABLE KEYS */;
INSERT INTO `municipalities` (`municipal_id`,`municipal_name`,`tracking_price`) VALUES 
 (1,'TAGBILARAN',0.00),
 (2,'CORELLA',20.00),
 (3,'SIKATUNA',25.00),
 (4,'CORTES',20.00),
 (5,'LOBOC',25.00),
 (6,'SEVILLA',25.00),
 (7,'LOAY',25.00),
 (8,'LILA',25.00),
 (9,'DIMIAO',25.00),
 (10,'CLARIN',0.00),
 (11,'TUBIGON',0.00),
 (12,'LOON',10.00),
 (13,'CALAPE',0.00),
 (14,'SAN ISIDRO',0.00),
 (15,'DANAO',0.00),
 (16,'SAGBAYAN',0.00),
 (17,'BALILIHAN',20.00),
 (18,'CATIGBI-AN',25.00),
 (19,'BILAR',25.00),
 (20,'BATUAN',30.00),
 (21,'CARMEN',30.00),
 (22,'DAGOHOY',35.00),
 (23,'VALENCIA',25.00),
 (24,'JAGNA',35.00),
 (25,'DUERO',35.00),
 (26,'GUINDULMAN',35.00),
 (27,'ANDA',40.00),
 (28,'INABANGA',0.00),
 (29,'BUENAVISTA',10.00),
 (30,'JETAFE',0.00),
 (31,'TALIBON',0.00),
 (32,'CANDIJAY',35.00),
 (33,'PILAR',35.00),
 (34,'ALICIA',40.00),
 (35,'MABINI',35.00),
 (36,'SAN MIGUEL',35.00),
 (37,'UBAY',0.00),
 (38,'BIEN UNIDO',0.00),
 (39,'TRINIDAD',0.00),
 (40,'DAUIS',20.00),
 (41,'PANGLAO',20.00),
 (42,'BACLAYON',20.00),
 (43,'MARIBOJOC',20.00),
 (44,'ALBUR',22.00),
 (45,'Manga',15.00),
 (46,'G-HERNANDEZ',30.00),
 (47,'S-BULLONES',35.00),
 (48,'MAHAYAG',35.00),
 (49,'GARCIA',30.00);
/*!40000 ALTER TABLE `municipalities` ENABLE KEYS */;


--
-- Definition of table `payment`
--

DROP TABLE IF EXISTS `payment`;
CREATE TABLE `payment` (
  `payment_id` int(10) unsigned NOT NULL AUTO_INCREMENT,
  `customer_id` int(10) unsigned DEFAULT NULL,
  `amount` double(2,2) NOT NULL,
  `date_of_payment` datetime NOT NULL,
  `remarks` varchar(45) NOT NULL,
  PRIMARY KEY (`payment_id`)
) ENGINE=InnoDB DEFAULT CHARSET=latin1;

--
-- Dumping data for table `payment`
--

/*!40000 ALTER TABLE `payment` DISABLE KEYS */;
/*!40000 ALTER TABLE `payment` ENABLE KEYS */;


--
-- Definition of table `payment_records`
--

DROP TABLE IF EXISTS `payment_records`;
CREATE TABLE `payment_records` (
  `id` int(10) unsigned NOT NULL AUTO_INCREMENT,
  `sales_order_no` varchar(45) DEFAULT NULL,
  `amount` double(10,2) DEFAULT NULL,
  `balance` double(10,2) DEFAULT NULL,
  `payment_date` datetime DEFAULT NULL,
  `remarks` varchar(45) DEFAULT NULL,
  `received_by` varchar(45) DEFAULT NULL,
  PRIMARY KEY (`id`)
) ENGINE=InnoDB AUTO_INCREMENT=3 DEFAULT CHARSET=latin1;

--
-- Dumping data for table `payment_records`
--

/*!40000 ALTER TABLE `payment_records` DISABLE KEYS */;
INSERT INTO `payment_records` (`id`,`sales_order_no`,`amount`,`balance`,`payment_date`,`remarks`,`received_by`) VALUES 
 (1,'SO-0000015',4460.00,0.00,'2012-08-13 00:00:00','','admin'),
 (2,'SO-0000015',0.00,4460.00,'2012-08-13 00:00:00','','admin');
/*!40000 ALTER TABLE `payment_records` ENABLE KEYS */;


--
-- Definition of table `previleges`
--

DROP TABLE IF EXISTS `previleges`;
CREATE TABLE `previleges` (
  `id` int(11) NOT NULL AUTO_INCREMENT,
  `previleges` varchar(45) DEFAULT NULL,
  PRIMARY KEY (`id`)
) ENGINE=InnoDB AUTO_INCREMENT=38 DEFAULT CHARSET=latin1;

--
-- Dumping data for table `previleges`
--

/*!40000 ALTER TABLE `previleges` DISABLE KEYS */;
INSERT INTO `previleges` (`id`,`previleges`) VALUES 
 (16,'payment'),
 (17,'customer_add'),
 (18,'stockin'),
 (19,'inventory'),
 (20,'stockout'),
 (21,'technician'),
 (22,'manage_manufacturer'),
 (23,'sales_order_responsible'),
 (24,'manage_useraccount'),
 (25,'view_sales'),
 (26,'print_sales_details'),
 (27,'credit_limit'),
 (28,'view_stock_in'),
 (29,'sales_adjustment'),
 (30,'print_receipt'),
 (31,'delete_customer'),
 (32,'manage_item'),
 (33,'delete_item'),
 (34,'customer_visibility'),
 (35,'can_accept_remit_payments'),
 (36,'can_issue_rebate'),
 (37,'can_overwrite_price');
/*!40000 ALTER TABLE `previleges` ENABLE KEYS */;


--
-- Definition of table `rebate_price_table`
--

DROP TABLE IF EXISTS `rebate_price_table`;
CREATE TABLE `rebate_price_table` (
  `id` int(10) unsigned NOT NULL AUTO_INCREMENT,
  `qty_from` double(10,2) DEFAULT NULL,
  `qty_to` double(10,2) DEFAULT NULL,
  `applied_price` double(10,2) DEFAULT NULL,
  PRIMARY KEY (`id`)
) ENGINE=InnoDB AUTO_INCREMENT=2 DEFAULT CHARSET=latin1;

--
-- Dumping data for table `rebate_price_table`
--

/*!40000 ALTER TABLE `rebate_price_table` DISABLE KEYS */;
INSERT INTO `rebate_price_table` (`id`,`qty_from`,`qty_to`,`applied_price`) VALUES 
 (1,1.00,10.00,10.00);
/*!40000 ALTER TABLE `rebate_price_table` ENABLE KEYS */;


--
-- Definition of table `rebates`
--

DROP TABLE IF EXISTS `rebates`;
CREATE TABLE `rebates` (
  `id` int(10) unsigned NOT NULL AUTO_INCREMENT,
  `customer_id` int(10) unsigned DEFAULT NULL,
  `total_rebate_amount` double(10,2) DEFAULT NULL,
  `total_qty_bought` double(10,2) DEFAULT NULL,
  `month` varchar(45) DEFAULT NULL,
  `issue_by` varchar(45) DEFAULT NULL,
  PRIMARY KEY (`id`)
) ENGINE=InnoDB DEFAULT CHARSET=latin1;

--
-- Dumping data for table `rebates`
--

/*!40000 ALTER TABLE `rebates` DISABLE KEYS */;
/*!40000 ALTER TABLE `rebates` ENABLE KEYS */;


--
-- Definition of table `remitted`
--

DROP TABLE IF EXISTS `remitted`;
CREATE TABLE `remitted` (
  `id` int(10) unsigned NOT NULL AUTO_INCREMENT,
  `payment_date` date NOT NULL,
  `remit_by` varchar(45) DEFAULT NULL,
  `accepted_by` varchar(45) DEFAULT NULL,
  `date_accepted` date DEFAULT NULL,
  `amount` double(10,2) DEFAULT NULL,
  PRIMARY KEY (`id`)
) ENGINE=InnoDB DEFAULT CHARSET=latin1;

--
-- Dumping data for table `remitted`
--

/*!40000 ALTER TABLE `remitted` DISABLE KEYS */;
/*!40000 ALTER TABLE `remitted` ENABLE KEYS */;


--
-- Definition of table `salesorder_responsible`
--

DROP TABLE IF EXISTS `salesorder_responsible`;
CREATE TABLE `salesorder_responsible` (
  `SaleOrder_Responsible_Id` int(10) unsigned NOT NULL AUTO_INCREMENT,
  `Prepared_by` varchar(100) DEFAULT NULL,
  `Checked_by` varchar(100) DEFAULT NULL,
  `Posted_by` varchar(100) DEFAULT NULL,
  `Delivered_by` varchar(100) DEFAULT NULL,
  PRIMARY KEY (`SaleOrder_Responsible_Id`)
) ENGINE=InnoDB DEFAULT CHARSET=latin1;

--
-- Dumping data for table `salesorder_responsible`
--

/*!40000 ALTER TABLE `salesorder_responsible` DISABLE KEYS */;
/*!40000 ALTER TABLE `salesorder_responsible` ENABLE KEYS */;


--
-- Definition of table `stock_in`
--

DROP TABLE IF EXISTS `stock_in`;
CREATE TABLE `stock_in` (
  `stockin_id` int(10) unsigned NOT NULL AUTO_INCREMENT,
  `item_id` varchar(45) NOT NULL,
  `qty_in` int(10) unsigned NOT NULL,
  PRIMARY KEY (`stockin_id`)
) ENGINE=InnoDB AUTO_INCREMENT=10 DEFAULT CHARSET=latin1;

--
-- Dumping data for table `stock_in`
--

/*!40000 ALTER TABLE `stock_in` DISABLE KEYS */;
INSERT INTO `stock_in` (`stockin_id`,`item_id`,`qty_in`) VALUES 
 (1,'35',2),
 (2,'476',10),
 (3,'39',10),
 (4,'40',20),
 (5,'4',30),
 (6,'20',30),
 (7,'10',50),
 (8,'23',52),
 (9,'1',20);
/*!40000 ALTER TABLE `stock_in` ENABLE KEYS */;


--
-- Definition of table `stock_in_reference`
--

DROP TABLE IF EXISTS `stock_in_reference`;
CREATE TABLE `stock_in_reference` (
  `reference_no` varchar(45) DEFAULT NULL
) ENGINE=InnoDB DEFAULT CHARSET=latin1;

--
-- Dumping data for table `stock_in_reference`
--

/*!40000 ALTER TABLE `stock_in_reference` DISABLE KEYS */;
INSERT INTO `stock_in_reference` (`reference_no`) VALUES 
 ('2');
/*!40000 ALTER TABLE `stock_in_reference` ENABLE KEYS */;


--
-- Definition of table `stock_in_transaction`
--

DROP TABLE IF EXISTS `stock_in_transaction`;
CREATE TABLE `stock_in_transaction` (
  `stock_in_transaction_id` int(10) unsigned NOT NULL AUTO_INCREMENT,
  `reference_no` varchar(45) NOT NULL,
  `stocked_in_to` varchar(45) DEFAULT NULL,
  `from_supplier` int(10) unsigned DEFAULT NULL,
  `remarks` text,
  `stock_in_date` date DEFAULT NULL,
  `total_number_of_items` int(10) unsigned DEFAULT NULL,
  `total_qty` int(10) unsigned DEFAULT NULL,
  `prepared_by` varchar(45) DEFAULT NULL,
  `approved_by` varchar(45) DEFAULT NULL,
  `received_by` varchar(45) DEFAULT NULL,
  PRIMARY KEY (`stock_in_transaction_id`)
) ENGINE=InnoDB AUTO_INCREMENT=2 DEFAULT CHARSET=latin1;

--
-- Dumping data for table `stock_in_transaction`
--

/*!40000 ALTER TABLE `stock_in_transaction` DISABLE KEYS */;
INSERT INTO `stock_in_transaction` (`stock_in_transaction_id`,`reference_no`,`stocked_in_to`,`from_supplier`,`remarks`,`stock_in_date`,`total_number_of_items`,`total_qty`,`prepared_by`,`approved_by`,`received_by`) VALUES 
 (1,'SI-000001','WH-02 STOCKROOM(BODEGA)',4,'WING VAN RLH-287 Z-60','2012-08-14',9,224,'admin','ADMIN','ADMIN');
/*!40000 ALTER TABLE `stock_in_transaction` ENABLE KEYS */;


--
-- Definition of table `stock_in_transaction_to_stock_in_items`
--

DROP TABLE IF EXISTS `stock_in_transaction_to_stock_in_items`;
CREATE TABLE `stock_in_transaction_to_stock_in_items` (
  `stock_in_transaction_id` int(10) unsigned DEFAULT NULL,
  `stock_id` int(10) unsigned DEFAULT NULL
) ENGINE=InnoDB DEFAULT CHARSET=latin1;

--
-- Dumping data for table `stock_in_transaction_to_stock_in_items`
--

/*!40000 ALTER TABLE `stock_in_transaction_to_stock_in_items` DISABLE KEYS */;
INSERT INTO `stock_in_transaction_to_stock_in_items` (`stock_in_transaction_id`,`stock_id`) VALUES 
 (1,1),
 (1,2),
 (1,3),
 (1,4),
 (1,5),
 (1,6),
 (1,7),
 (1,8),
 (1,9);
/*!40000 ALTER TABLE `stock_in_transaction_to_stock_in_items` ENABLE KEYS */;


--
-- Definition of table `stock_out`
--

DROP TABLE IF EXISTS `stock_out`;
CREATE TABLE `stock_out` (
  `stockout_id` int(10) unsigned NOT NULL AUTO_INCREMENT,
  `item_id` varchar(45) DEFAULT NULL,
  `qty_out` double(10,2) DEFAULT NULL,
  `amount` double(10,2) DEFAULT NULL,
  `discount` double(10,2) DEFAULT NULL,
  `tracking_price` double(10,2) DEFAULT NULL,
  `price` double(10,2) DEFAULT NULL,
  PRIMARY KEY (`stockout_id`)
) ENGINE=InnoDB AUTO_INCREMENT=479 DEFAULT CHARSET=latin1;

--
-- Dumping data for table `stock_out`
--

/*!40000 ALTER TABLE `stock_out` DISABLE KEYS */;
INSERT INTO `stock_out` (`stockout_id`,`item_id`,`qty_out`,`amount`,`discount`,`tracking_price`,`price`) VALUES 
 (1,'35',1.00,535.00,0.00,0.00,535.00),
 (2,'37',1.00,590.00,0.00,0.00,590.00),
 (3,'417',1.00,13.00,0.00,0.00,13.00),
 (6,'11',1.00,1170.00,0.00,20.00,1150.00),
 (7,'10',1.00,1290.00,65.00,20.00,1270.00),
 (8,'11',3.00,3510.00,0.00,20.00,1150.00),
 (9,'12',2.00,2220.00,0.00,20.00,1090.00),
 (10,'40',3.00,1875.00,0.00,0.00,625.00),
 (11,'41',1.00,635.00,0.00,0.00,635.00),
 (12,'18',1.00,987.50,0.00,0.00,987.50),
 (13,'1',1.00,675.00,0.00,10.00,665.00),
 (14,'46',1.00,850.00,0.00,0.00,850.00),
 (15,'50',0.50,562.50,0.00,0.00,1125.00),
 (16,'39',2.00,1330.00,0.00,0.00,665.00),
 (17,'448',3.00,4380.00,0.00,10.00,1450.00),
 (18,'12',2.00,2220.00,0.00,20.00,1090.00),
 (19,'447',1.00,1550.00,0.00,0.00,1550.00),
 (20,'448',2.00,2920.00,0.00,10.00,1450.00),
 (21,'13',1.00,1100.00,0.00,20.00,1080.00),
 (22,'12',1.00,1110.00,0.00,20.00,1090.00),
 (23,'7',1.00,1275.00,0.00,20.00,1255.00),
 (24,'448',3.00,4380.00,0.00,10.00,1450.00),
 (25,'106',1.00,1620.00,0.00,0.00,1620.00),
 (26,'12',3.00,3270.00,0.00,0.00,1090.00),
 (27,'11',4.00,4600.00,0.00,0.00,1150.00),
 (28,'14',1.00,1180.00,0.00,0.00,1180.00),
 (29,'23',1.00,845.00,0.00,0.00,845.00),
 (30,'11',3.00,3420.00,10.00,0.00,1150.00),
 (31,'11',2.00,2300.00,0.00,0.00,1150.00),
 (32,'10',1.00,1270.00,0.00,0.00,1270.00),
 (33,'12',12.00,12960.00,10.00,0.00,1090.00),
 (34,'13',5.00,5350.00,10.00,0.00,1080.00),
 (35,'11',3.00,3450.00,0.00,0.00,1150.00),
 (36,'10',1.00,1270.00,0.00,0.00,1270.00),
 (37,'5',2.00,2360.00,30.00,0.00,1210.00),
 (38,'13',1.00,1100.00,30.00,0.00,1130.00),
 (39,'540',200.00,1000.00,0.50,0.00,5.50),
 (41,'77',5.00,3075.00,0.00,15.00,600.00),
 (42,'12',1.00,1090.00,0.00,0.00,1090.00),
 (43,'11',1.00,1200.00,0.00,0.00,1200.00),
 (44,'14',1.00,1230.00,0.00,0.00,1230.00),
 (45,'37',1.00,590.00,0.00,0.00,590.00),
 (46,'22',1.00,875.00,0.00,0.00,875.00),
 (47,'35',1.00,535.00,0.00,0.00,535.00),
 (48,'448',1.00,1450.00,0.00,0.00,1450.00),
 (49,'123',1.00,1430.00,0.00,0.00,1430.00),
 (50,'447',1.00,1550.00,0.00,0.00,1550.00),
 (51,'550',1.00,1500.00,0.00,0.00,1500.00),
 (52,'40',1.00,625.00,0.00,0.00,625.00),
 (53,'36',1.00,565.00,0.00,0.00,565.00),
 (54,'18',1.00,987.50,0.00,0.00,987.50),
 (55,'432',1.00,100.00,0.00,0.00,100.00),
 (56,'47',1.00,825.00,0.00,0.00,825.00),
 (57,'79',30.00,21000.00,10.00,0.00,710.00),
 (58,'80',5.00,2950.00,5.00,0.00,595.00),
 (59,'475',6.00,150.00,0.00,0.00,25.00),
 (60,'478',2.00,54.00,0.00,0.00,27.00),
 (61,'476',2.00,52.00,0.00,0.00,26.00),
 (62,'38',1.00,615.00,0.00,0.00,615.00),
 (63,'49',1.00,685.00,0.00,0.00,685.00),
 (64,'478',10.00,270.00,0.00,0.00,27.00),
 (65,'475',15.00,375.00,0.00,0.00,25.00),
 (66,'4',2.00,2200.00,0.00,0.00,1100.00),
 (67,'5',2.00,2320.00,0.00,0.00,1160.00),
 (68,'476',2.00,52.00,0.00,0.00,26.00),
 (69,'18',1.00,987.50,0.00,0.00,987.50),
 (70,'447',1.00,1550.00,0.00,0.00,1550.00),
 (71,'59',1.00,430.00,0.00,0.00,430.00),
 (72,'18',1.00,987.50,0.00,0.00,987.50),
 (73,'10',1.00,1260.00,10.00,0.00,1270.00),
 (74,'11',5.00,5700.00,10.00,0.00,1150.00),
 (75,'12',8.00,8640.00,10.00,0.00,1090.00),
 (76,'13',5.00,5350.00,10.00,0.00,1080.00),
 (77,'23',2.00,1690.00,0.00,0.00,845.00),
 (78,'4',1.00,1090.00,10.00,0.00,1100.00),
 (79,'8',1.00,1180.00,10.00,0.00,1190.00),
 (80,'11',1.00,1170.00,30.00,0.00,1200.00),
 (81,'11',1.00,1170.00,30.00,0.00,1200.00),
 (82,'12',1.00,1110.00,30.00,0.00,1140.00),
 (83,'13',1.00,1100.00,30.00,0.00,1130.00),
 (84,'14',1.00,1200.00,30.00,0.00,1230.00),
 (85,'12',1.00,1080.00,10.00,0.00,1090.00),
 (86,'555',6.00,372.00,0.00,0.00,62.00),
 (87,'10',1.00,1260.00,10.00,0.00,1270.00),
 (88,'11',3.00,3420.00,10.00,0.00,1150.00),
 (89,'12',3.00,3240.00,10.00,0.00,1090.00),
 (90,'14',1.00,1170.00,10.00,0.00,1180.00),
 (91,'11',1.00,1150.00,0.00,0.00,1150.00),
 (92,'13',1.00,1100.00,30.00,0.00,1130.00),
 (93,'455',10.00,250.00,0.00,0.00,25.00),
 (94,'175',3.00,51.00,0.00,0.00,17.00),
 (95,'213',1.00,208.00,0.00,0.00,208.00),
 (96,'11',5.00,5750.00,0.00,0.00,1150.00),
 (97,'40',2.00,1250.00,0.00,0.00,625.00),
 (98,'10',2.00,2520.00,10.00,0.00,1270.00),
 (99,'11',4.00,4560.00,10.00,0.00,1150.00),
 (100,'12',2.00,2160.00,10.00,0.00,1090.00),
 (101,'18',1.00,987.50,0.00,0.00,987.50),
 (102,'17',1.00,1582.50,0.00,0.00,1582.50),
 (103,'8',1.00,1180.00,10.00,0.00,1190.00),
 (104,'39',1.00,485.00,180.00,0.00,665.00),
 (105,'314',5.00,52.50,0.00,0.00,10.50),
 (106,'227',5.00,52.50,0.00,0.00,10.50),
 (107,'10',1.00,1270.00,0.00,0.00,1270.00),
 (108,'453',5.00,197.50,0.00,0.00,39.50),
 (109,'11',2.00,2300.00,0.00,0.00,1150.00),
 (110,'12',2.00,2180.00,0.00,0.00,1090.00),
 (111,'13',1.00,1080.00,0.00,0.00,1080.00),
 (112,'123',1.00,1600.00,0.00,0.00,1600.00),
 (113,'447',1.00,1550.00,0.00,0.00,1550.00),
 (114,'448',1.00,1450.00,0.00,0.00,1450.00),
 (115,'11',1.00,1160.00,40.00,0.00,1200.00),
 (116,'448',1.00,1450.00,0.00,0.00,1450.00),
 (117,'12',1.00,1090.00,0.00,0.00,1090.00),
 (118,'556',1.00,780.00,15.00,0.00,795.00),
 (119,'35',1.00,535.00,0.00,0.00,535.00),
 (120,'37',1.00,590.00,0.00,0.00,590.00),
 (121,'417',1.00,13.00,0.00,0.00,13.00),
 (122,'497',25.00,900.00,0.00,0.00,36.00),
 (123,'37',1.00,590.00,0.00,0.00,590.00),
 (124,'23',1.00,835.00,10.00,0.00,845.00),
 (125,'22',1.00,865.00,10.00,0.00,875.00),
 (126,'10',1.00,1270.00,0.00,0.00,1270.00),
 (127,'12',1.00,1090.00,0.00,0.00,1090.00),
 (128,'541',12.00,420.00,0.00,0.00,35.00),
 (129,'11',1.00,1170.00,30.00,0.00,1200.00),
 (130,'12',1.00,1110.00,30.00,0.00,1140.00),
 (131,'447',1.00,1550.00,0.00,0.00,1550.00),
 (132,'11',1.00,1150.00,0.00,0.00,1150.00),
 (133,'305',1.00,286.00,0.00,0.00,286.00),
 (134,'166',1.00,6.00,0.00,0.00,6.00),
 (135,'385',1.00,80.00,0.00,0.00,80.00),
 (136,'39',1.00,665.00,0.00,0.00,665.00),
 (137,'11',6.00,6990.00,10.00,25.00,1150.00),
 (138,'12',3.00,3315.00,10.00,25.00,1090.00),
 (139,'4',1.00,1115.00,10.00,25.00,1100.00),
 (140,'555',6.00,372.00,0.00,0.00,62.00),
 (141,'18',1.00,987.50,0.00,0.00,987.50),
 (142,'37',1.00,590.00,0.00,0.00,590.00),
 (143,'39',1.00,665.00,0.00,0.00,665.00),
 (144,'41',1.00,635.00,0.00,0.00,635.00),
 (145,'11',3.00,3525.00,0.00,25.00,1150.00),
 (146,'12',1.00,1115.00,0.00,25.00,1090.00),
 (147,'11',3.00,3525.00,0.00,25.00,1150.00),
 (148,'557',6.00,237.00,0.00,0.00,39.50),
 (149,'11',15.00,17475.00,10.00,25.00,1150.00),
 (150,'10',2.00,2570.00,10.00,25.00,1270.00),
 (151,'16',1.00,1025.00,10.00,25.00,1010.00),
 (152,'10',3.00,3855.00,10.00,25.00,1270.00),
 (153,'11',10.00,11650.00,10.00,25.00,1150.00),
 (154,'12',4.00,4420.00,10.00,25.00,1090.00),
 (155,'13',1.00,1095.00,10.00,25.00,1080.00),
 (156,'23',2.00,1740.00,0.00,25.00,845.00),
 (157,'5',4.00,4700.00,10.00,25.00,1160.00),
 (158,'484',6.00,216.00,0.00,0.00,36.00),
 (159,'447',2.00,3100.00,0.00,0.00,1550.00),
 (160,'11',3.00,3585.00,30.00,25.00,1200.00),
 (161,'12',2.00,2270.00,30.00,25.00,1140.00),
 (162,'11',2.00,2350.00,0.00,25.00,1150.00),
 (163,'11',2.00,2350.00,0.00,25.00,1150.00),
 (164,'448',1.00,1460.00,0.00,10.00,1450.00),
 (165,'11',3.00,3525.00,0.00,25.00,1150.00),
 (166,'12',1.00,1115.00,0.00,25.00,1090.00),
 (167,'11',2.00,2330.00,10.00,25.00,1150.00),
 (168,'13',1.00,1095.00,10.00,25.00,1080.00),
 (169,'123',1.00,1600.00,0.00,0.00,1600.00),
 (170,'12',5.00,5525.00,10.00,25.00,1090.00),
 (171,'13',4.00,4380.00,10.00,25.00,1080.00),
 (172,'11',8.00,9320.00,10.00,25.00,1150.00),
 (173,'10',3.00,3855.00,10.00,25.00,1270.00),
 (174,'14',1.00,1195.00,10.00,25.00,1180.00),
 (175,'18',1.00,987.50,0.00,0.00,987.50),
 (176,'40',1.00,625.00,0.00,0.00,625.00),
 (177,'428',5.00,175.00,0.00,0.00,35.00),
 (178,'13',1.00,1105.00,0.00,25.00,1080.00),
 (179,'10',1.00,1295.00,0.00,25.00,1270.00),
 (180,'11',4.00,4700.00,0.00,25.00,1150.00),
 (181,'22',1.00,900.00,0.00,25.00,875.00),
 (182,'13',1.00,1095.00,10.00,25.00,1080.00),
 (183,'11',4.00,4660.00,10.00,25.00,1150.00),
 (184,'12',4.00,4420.00,10.00,25.00,1090.00),
 (185,'10',2.00,2590.00,0.00,25.00,1270.00),
 (186,'557',6.00,237.00,0.00,0.00,39.50),
 (187,'11',3.00,3585.00,30.00,25.00,1200.00),
 (188,'13',2.00,2220.00,0.00,30.00,1080.00),
 (189,'14',2.00,2420.00,0.00,30.00,1180.00),
 (190,'11',1.00,1175.00,0.00,25.00,1150.00),
 (191,'14',1.00,1205.00,0.00,25.00,1180.00),
 (192,'12',1.00,1115.00,0.00,25.00,1090.00),
 (193,'13',1.00,1105.00,0.00,25.00,1080.00),
 (194,'40',1.00,625.00,0.00,0.00,625.00),
 (195,'37',1.00,590.00,0.00,0.00,590.00),
 (196,'557',12.00,474.00,0.00,0.00,39.50),
 (197,'447',2.00,3100.00,0.00,0.00,1550.00),
 (198,'40',3.00,1875.00,0.00,0.00,625.00),
 (199,'448',2.00,2920.00,0.00,10.00,1450.00),
 (200,'10',4.00,5200.00,0.00,30.00,1270.00),
 (201,'11',3.00,3540.00,0.00,30.00,1150.00),
 (202,'12',3.00,3360.00,0.00,30.00,1090.00),
 (203,'18',1.00,987.50,0.00,0.00,987.50),
 (204,'447',1.00,1550.00,0.00,0.00,1550.00),
 (205,'11',6.00,7200.00,30.00,30.00,1200.00),
 (206,'13',1.00,1130.00,30.00,30.00,1130.00),
 (207,'10',1.00,1320.00,30.00,30.00,1320.00),
 (208,'10',1.00,1300.00,0.00,30.00,1270.00),
 (209,'11',1.00,1180.00,0.00,30.00,1150.00),
 (210,'13',1.00,1130.00,30.00,30.00,1130.00),
 (211,'12',3.00,3420.00,30.00,30.00,1140.00),
 (212,'11',10.00,11700.00,10.00,30.00,1150.00),
 (213,'5',12.00,14160.00,10.00,30.00,1160.00),
 (214,'14',2.00,2400.00,10.00,30.00,1180.00),
 (215,'13',2.00,2200.00,10.00,30.00,1080.00),
 (216,'38',1.00,615.00,0.00,0.00,615.00),
 (217,'40',1.00,625.00,0.00,0.00,625.00),
 (218,'10',1.00,1305.00,0.00,35.00,1270.00),
 (219,'447',2.00,3100.00,0.00,0.00,1550.00),
 (220,'40',1.00,625.00,0.00,0.00,625.00),
 (221,'330',1.00,275.00,25.00,0.00,300.00),
 (222,'11',3.00,3510.00,10.00,30.00,1150.00),
 (223,'12',2.00,2220.00,10.00,30.00,1090.00),
 (224,'40',1.00,625.00,0.00,0.00,625.00),
 (225,'49',3.00,2055.00,0.00,0.00,685.00),
 (226,'47',1.00,825.00,0.00,0.00,825.00),
 (227,'48',1.00,768.00,0.00,0.00,768.00),
 (228,'557',12.00,474.00,0.00,0.00,39.50),
 (229,'40',1.00,625.00,0.00,0.00,625.00),
 (230,'16',1.00,1045.00,0.00,35.00,1010.00),
 (231,'37',1.00,590.00,0.00,0.00,590.00),
 (232,'40',1.00,625.00,0.00,0.00,625.00),
 (233,'41',1.00,635.00,0.00,0.00,635.00),
 (234,'49',1.00,685.00,0.00,0.00,685.00),
 (239,'10',1.00,1305.00,0.00,35.00,1270.00),
 (240,'11',1.00,1185.00,0.00,35.00,1150.00),
 (241,'555',3.00,186.00,0.00,0.00,62.00),
 (242,'557',3.00,118.50,0.00,0.00,39.50),
 (243,'18',1.00,987.50,0.00,0.00,987.50),
 (244,'11',10.00,11850.00,0.00,35.00,1150.00),
 (245,'14',2.00,2430.00,0.00,35.00,1180.00),
 (246,'557',6.00,237.00,0.00,0.00,39.50),
 (247,'9',3.00,270.00,0.00,0.00,90.00),
 (248,'40',1.00,625.00,0.00,0.00,625.00),
 (249,'406',1.00,648.00,0.00,0.00,648.00),
 (250,'10',1.00,1325.00,30.00,35.00,1320.00),
 (251,'13',1.00,1135.00,30.00,35.00,1130.00),
 (252,'11',2.00,2410.00,30.00,35.00,1200.00),
 (253,'14',1.00,1235.00,30.00,35.00,1230.00),
 (254,'13',1.00,1135.00,30.00,35.00,1130.00),
 (255,'10',1.00,1320.00,30.00,30.00,1320.00),
 (256,'12',2.00,2280.00,30.00,30.00,1140.00),
 (257,'10',1.00,1305.00,0.00,35.00,1270.00),
 (258,'23',1.00,880.00,0.00,35.00,845.00),
 (259,'37',1.00,590.00,0.00,0.00,590.00),
 (260,'11',1.00,1205.00,30.00,35.00,1200.00),
 (261,'12',1.00,1125.00,0.00,35.00,1090.00),
 (262,'448',1.00,1460.00,0.00,10.00,1450.00),
 (263,'11',1.00,1185.00,0.00,35.00,1150.00),
 (264,'12',1.00,1125.00,0.00,35.00,1090.00),
 (265,'14',1.00,1215.00,0.00,35.00,1180.00),
 (266,'123',5.00,8000.00,0.00,0.00,1600.00),
 (267,'448',5.00,7300.00,0.00,10.00,1450.00),
 (268,'447',1.00,1550.00,0.00,0.00,1550.00),
 (269,'11',1.00,1175.00,0.00,25.00,1150.00),
 (270,'447',1.00,1550.00,0.00,0.00,1550.00),
 (271,'106',1.00,1610.00,10.00,0.00,1620.00),
 (272,'11',1.00,1185.00,0.00,35.00,1150.00),
 (273,'12',5.00,5625.00,0.00,35.00,1090.00),
 (274,'106',1.00,1620.00,0.00,0.00,1620.00),
 (275,'13',1.00,1115.00,0.00,35.00,1080.00),
 (276,'448',2.00,2920.00,0.00,10.00,1450.00),
 (277,'123',1.00,1600.00,0.00,0.00,1600.00),
 (278,'20',1.00,1035.00,0.00,35.00,1000.00),
 (279,'10',1.00,1305.00,0.00,35.00,1270.00),
 (280,'11',1.00,1185.00,0.00,35.00,1150.00),
 (281,'12',1.00,1125.00,0.00,35.00,1090.00),
 (282,'400',12.00,213.00,0.00,0.00,17.75),
 (283,'20',2.00,2070.00,0.00,35.00,1000.00),
 (284,'11',4.00,4740.00,0.00,35.00,1150.00),
 (285,'40',1.00,625.00,0.00,0.00,625.00),
 (286,'106',3.00,4860.00,0.00,0.00,1620.00),
 (287,'447',2.00,3100.00,0.00,0.00,1550.00),
 (288,'11',1.00,1175.00,0.00,25.00,1150.00),
 (289,'12',1.00,1115.00,0.00,25.00,1090.00),
 (290,'12',2.00,2224.00,0.00,22.00,1090.00),
 (291,'448',2.00,2920.00,0.00,10.00,1450.00),
 (292,'57',1.00,1115.00,0.00,25.00,1090.00),
 (293,'39',1.00,665.00,0.00,0.00,665.00),
 (294,'12',3.00,3336.00,0.00,22.00,1090.00),
 (295,'11',1.00,1172.00,0.00,22.00,1150.00),
 (296,'447',1.00,1550.00,0.00,0.00,1550.00),
 (297,'11',1.00,1172.00,0.00,22.00,1150.00),
 (298,'555',6.00,372.00,0.00,0.00,62.00),
 (299,'12',2.00,2230.00,10.00,35.00,1090.00),
 (300,'1',1.00,677.50,5.00,17.50,665.00),
 (301,'5',1.00,1185.00,10.00,35.00,1160.00),
 (302,'40',1.00,625.00,0.00,0.00,625.00),
 (303,'3',1.00,1210.00,10.00,35.00,1185.00),
 (304,'49',1.00,685.00,0.00,0.00,685.00),
 (305,'11',4.00,4680.00,30.00,0.00,1200.00),
 (306,'12',1.00,1090.00,0.00,0.00,1090.00),
 (307,'447',5.00,7750.00,0.00,0.00,1550.00),
 (308,'448',3.00,4380.00,0.00,10.00,1450.00),
 (309,'11',5.00,5700.00,10.00,0.00,1150.00),
 (310,'12',5.00,5400.00,10.00,0.00,1090.00),
 (311,'13',10.00,10700.00,10.00,0.00,1080.00),
 (312,'11',5.00,5700.00,10.00,0.00,1150.00),
 (313,'4',3.00,3300.00,0.00,0.00,1100.00),
 (314,'3',2.00,2370.00,0.00,0.00,1185.00),
 (315,'41',3.00,1905.00,0.00,0.00,635.00),
 (316,'1',1.00,665.00,0.00,0.00,665.00),
 (317,'20',5.00,5000.00,0.00,0.00,1000.00),
 (318,'11',5.00,5700.00,10.00,0.00,1150.00),
 (319,'12',5.00,5400.00,10.00,0.00,1090.00),
 (320,'10',1.00,1260.00,10.00,0.00,1270.00),
 (321,'14',2.00,2340.00,10.00,0.00,1180.00),
 (322,'40',5.00,3125.00,0.00,0.00,625.00),
 (323,'10',2.00,2610.00,0.00,35.00,1270.00),
 (324,'11',4.00,4740.00,0.00,35.00,1150.00),
 (325,'12',2.00,2250.00,0.00,35.00,1090.00),
 (326,'40',2.00,1250.00,0.00,0.00,625.00),
 (327,'41',2.00,1270.00,0.00,0.00,635.00),
 (328,'14',1.00,1235.00,30.00,35.00,1230.00),
 (329,'448',20.00,29200.00,0.00,10.00,1450.00),
 (330,'447',10.00,15500.00,0.00,0.00,1550.00),
 (331,'10',1.00,1300.00,0.00,30.00,1270.00),
 (332,'12',1.00,1120.00,0.00,30.00,1090.00),
 (333,'557',10.00,395.00,0.00,0.00,39.50),
 (334,'555',5.00,310.00,0.00,0.00,62.00),
 (335,'448',7.00,10220.00,0.00,10.00,1450.00),
 (336,'123',5.00,8000.00,0.00,0.00,1600.00),
 (337,'12',1.00,1102.00,10.00,22.00,1090.00),
 (338,'123',1.00,1600.00,0.00,0.00,1600.00),
 (339,'10',1.00,1290.00,0.00,20.00,1270.00),
 (340,'11',1.00,1170.00,0.00,20.00,1150.00),
 (341,'11',1.00,1175.00,0.00,25.00,1150.00),
 (342,'12',1.00,1115.00,0.00,25.00,1090.00),
 (343,'122',2.00,3260.00,0.00,0.00,1630.00),
 (344,'448',1.00,1460.00,0.00,10.00,1450.00),
 (345,'13',5.00,5475.00,10.00,25.00,1080.00),
 (346,'14',4.00,4780.00,10.00,25.00,1180.00),
 (347,'11',2.00,2330.00,10.00,25.00,1150.00),
 (348,'12',2.00,2210.00,10.00,25.00,1090.00),
 (349,'18',2.00,1975.00,0.00,0.00,987.50),
 (350,'38',1.00,615.00,0.00,0.00,615.00),
 (351,'42',2.00,1200.00,0.00,0.00,600.00),
 (352,'49',2.00,1370.00,0.00,0.00,685.00),
 (353,'447',3.00,4650.00,0.00,0.00,1550.00),
 (354,'448',1.00,1460.00,0.00,10.00,1450.00),
 (355,'448',1.00,1460.00,0.00,10.00,1450.00),
 (356,'11',2.00,2330.00,10.00,25.00,1150.00),
 (357,'12',2.00,2210.00,10.00,25.00,1090.00),
 (358,'23',1.00,870.00,0.00,25.00,845.00),
 (359,'10',1.00,1285.00,10.00,25.00,1270.00),
 (360,'18',2.00,1975.00,0.00,0.00,987.50),
 (361,'447',4.00,6200.00,0.00,0.00,1550.00),
 (362,'106',2.00,3240.00,0.00,0.00,1620.00),
 (363,'106',3.00,4860.00,0.00,0.00,1620.00),
 (364,'449',1.00,1560.00,0.00,0.00,1560.00),
 (365,'447',1.00,1550.00,0.00,0.00,1550.00),
 (366,'11',2.00,2350.00,10.00,35.00,1150.00),
 (367,'12',2.00,2230.00,10.00,35.00,1090.00),
 (368,'14',1.00,1205.00,10.00,35.00,1180.00),
 (369,'5',1.00,1185.00,10.00,35.00,1160.00),
 (370,'11',2.00,2340.00,10.00,30.00,1150.00),
 (371,'12',1.00,1110.00,10.00,30.00,1090.00),
 (372,'10',1.00,1290.00,10.00,30.00,1270.00),
 (373,'14',1.00,1200.00,10.00,30.00,1180.00),
 (374,'448',20.00,29200.00,0.00,10.00,1450.00),
 (375,'447',10.00,15500.00,0.00,0.00,1550.00),
 (376,'10',3.00,3900.00,0.00,30.00,1270.00),
 (377,'11',4.00,4720.00,0.00,30.00,1150.00),
 (378,'18',2.00,1975.00,0.00,0.00,987.50),
 (379,'21',5.00,5025.00,0.00,30.00,975.00),
 (380,'12',2.00,2230.00,0.00,25.00,1090.00),
 (381,'11',1.00,1175.00,0.00,25.00,1150.00),
 (382,'11',2.00,2370.00,0.00,35.00,1150.00),
 (383,'390',12.00,162.00,0.00,0.00,13.50),
 (384,'389',12.00,132.00,0.00,0.00,11.00),
 (385,'558',6.00,186.00,0.00,0.00,31.00),
 (386,'541',6.00,222.00,0.00,0.00,37.00),
 (387,'40',1.00,625.00,0.00,0.00,625.00),
 (388,'1',1.00,682.50,0.00,17.50,665.00),
 (389,'175',12.00,210.00,0.00,0.50,17.00),
 (390,'368',6.00,360.00,0.00,0.00,60.00),
 (391,'560',3.00,498.00,0.00,0.00,166.00),
 (392,'314',3.00,31.50,0.00,0.00,10.50),
 (393,'227',3.00,31.50,0.00,0.00,10.50),
 (394,'559',6.00,228.00,0.00,0.00,38.00),
 (395,'447',3.00,4650.00,0.00,0.00,1550.00),
 (396,'106',5.00,8100.00,0.00,0.00,1620.00),
 (397,'37',2.00,1180.00,0.00,0.00,590.00),
 (398,'36',2.00,1130.00,0.00,0.00,565.00),
 (399,'22',3.00,2670.00,0.00,15.00,875.00),
 (400,'12',4.00,4380.00,10.00,15.00,1090.00),
 (401,'11',4.00,4620.00,10.00,15.00,1150.00),
 (402,'40',2.00,1250.00,0.00,0.00,625.00),
 (403,'11',1.00,1170.00,30.00,0.00,1200.00),
 (404,'11',2.00,2340.00,30.00,0.00,1200.00),
 (405,'555',3.00,186.00,0.00,0.00,62.00),
 (406,'557',4.00,158.00,0.00,0.00,39.50),
 (407,'464',2.00,56.50,0.00,0.00,28.25),
 (408,'390',4.00,68.00,0.00,2.00,15.00),
 (409,'37',10.00,5900.00,0.00,0.00,590.00),
 (410,'47',10.00,8250.00,0.00,0.00,825.00),
 (411,'50',10.00,11250.00,0.00,0.00,1125.00),
 (412,'35',3.00,1605.00,0.00,0.00,535.00),
 (413,'447',50.00,77500.00,0.00,0.00,1550.00),
 (414,'5',10.00,11600.00,0.00,0.00,1160.00),
 (415,'80',20.00,11800.00,5.00,0.00,595.00),
 (416,'79',15.00,10500.00,10.00,0.00,710.00),
 (417,'447',1.00,1550.00,0.00,0.00,1550.00),
 (418,'114',20.00,32000.00,0.00,0.00,1600.00),
 (419,'448',10.00,14200.00,30.00,0.00,1450.00),
 (420,'447',5.00,7800.00,0.00,10.00,1550.00),
 (421,'13',3.00,3240.00,0.00,0.00,1080.00),
 (422,'10',1.00,1280.00,40.00,0.00,1320.00),
 (423,'11',10.00,11400.00,10.00,0.00,1150.00),
 (424,'13',1.00,1070.00,10.00,0.00,1080.00),
 (425,'11',1.00,1150.00,0.00,0.00,1150.00),
 (426,'12',1.00,1090.00,0.00,0.00,1090.00),
 (427,'12',1.00,1090.00,0.00,0.00,1090.00),
 (428,'11',1.00,1150.00,0.00,0.00,1150.00),
 (429,'57',0.50,545.00,0.00,0.00,1090.00),
 (430,'37',1.00,590.00,0.00,0.00,590.00),
 (431,'559',5.00,190.00,0.00,0.00,38.00),
 (432,'399',1.00,100.00,0.00,0.00,100.00),
 (433,'10',1.00,1290.00,30.00,0.00,1320.00),
 (434,'552',5.00,155.00,0.00,0.00,31.00),
 (435,'123',5.00,8000.00,0.00,0.00,1600.00),
 (436,'557',6.00,237.00,0.00,0.00,39.50),
 (437,'11',1.00,1170.00,30.00,0.00,1200.00),
 (438,'11',2.00,2280.00,10.00,0.00,1150.00),
 (439,'12',1.00,1080.00,10.00,0.00,1090.00),
 (440,'447',3.00,4650.00,0.00,0.00,1550.00),
 (441,'5',5.00,5900.00,5.00,25.00,1160.00),
 (442,'522',1.00,504.00,0.00,0.00,504.00),
 (443,'523',1.00,504.00,0.00,0.00,504.00),
 (444,'11',1.00,1170.00,0.00,20.00,1150.00),
 (445,'10',1.00,1290.00,0.00,20.00,1270.00),
 (446,'14',0.50,600.00,0.00,20.00,1180.00),
 (447,'260',2.00,28.00,0.00,1.25,12.75),
 (448,'11',1.00,1140.00,10.00,0.00,1150.00),
 (449,'12',1.00,1080.00,10.00,0.00,1090.00),
 (450,'8',1.00,1180.00,10.00,0.00,1190.00),
 (451,'10',1.00,1260.00,10.00,0.00,1270.00),
 (452,'12',1.00,1110.00,30.00,0.00,1140.00),
 (453,'11',1.00,1150.00,0.00,0.00,1150.00),
 (454,'14',1.00,1180.00,0.00,0.00,1180.00),
 (455,'470',20.00,445.00,0.00,0.00,22.25),
 (456,'5',4.00,4580.00,15.00,0.00,1160.00),
 (457,'447',1.00,1550.00,0.00,0.00,1550.00),
 (458,'80',15.00,8850.00,5.00,0.00,595.00),
 (459,'80',5.00,2950.00,5.00,0.00,595.00),
 (460,'462',10.00,260.00,0.00,0.00,26.00),
 (461,'10',0.50,645.00,50.00,20.00,1320.00),
 (462,'12',0.50,555.00,50.00,20.00,1140.00),
 (463,'186',2.00,38.00,0.00,0.00,19.00),
 (464,'297',5.00,30.00,0.00,0.00,6.00),
 (465,'13',3.00,3240.00,0.00,0.00,1080.00),
 (466,'11',1.00,1140.00,10.00,0.00,1150.00),
 (467,'12',1.00,1080.00,10.00,0.00,1090.00),
 (468,'14',1.00,1170.00,10.00,0.00,1180.00),
 (469,'10',1.00,1260.00,10.00,0.00,1270.00),
 (470,'123',5.00,8000.00,0.00,0.00,1600.00),
 (471,'447',1.00,1550.00,0.00,0.00,1550.00),
 (472,'4',6.00,6720.00,0.00,20.00,1100.00),
 (473,'23',3.00,2595.00,0.00,20.00,845.00),
 (474,'80',2.00,1190.00,0.00,0.00,595.00),
 (475,'13',1.00,1070.00,10.00,0.00,1080.00),
 (476,'12',2.00,2200.00,60.00,20.00,1140.00),
 (477,'13',1.00,1090.00,60.00,20.00,1130.00),
 (478,'80',2.00,1190.00,0.00,0.00,595.00);
/*!40000 ALTER TABLE `stock_out` ENABLE KEYS */;


--
-- Definition of table `stock_out_reference`
--

DROP TABLE IF EXISTS `stock_out_reference`;
CREATE TABLE `stock_out_reference` (
  `reference_no` int(10) unsigned NOT NULL DEFAULT '0'
) ENGINE=InnoDB DEFAULT CHARSET=latin1;

--
-- Dumping data for table `stock_out_reference`
--

/*!40000 ALTER TABLE `stock_out_reference` DISABLE KEYS */;
INSERT INTO `stock_out_reference` (`reference_no`) VALUES 
 (33825);
/*!40000 ALTER TABLE `stock_out_reference` ENABLE KEYS */;


--
-- Definition of table `stock_out_transaction`
--

DROP TABLE IF EXISTS `stock_out_transaction`;
CREATE TABLE `stock_out_transaction` (
  `sales_order_no` varchar(45) NOT NULL,
  `responsible_customer` int(10) unsigned DEFAULT NULL,
  `responsible_agent` int(10) unsigned DEFAULT NULL,
  `discount` double(10,2) NOT NULL,
  `grand_total` double(10,2) NOT NULL,
  `net_total` double(10,2) NOT NULL,
  `tendered_amount` double(10,2) DEFAULT NULL,
  `change` double(10,2) DEFAULT NULL,
  `delivery_date` datetime NOT NULL,
  `prepared_by` varchar(45) DEFAULT NULL,
  PRIMARY KEY (`sales_order_no`)
) ENGINE=InnoDB DEFAULT CHARSET=latin1;

--
-- Dumping data for table `stock_out_transaction`
--

/*!40000 ALTER TABLE `stock_out_transaction` DISABLE KEYS */;
INSERT INTO `stock_out_transaction` (`sales_order_no`,`responsible_customer`,`responsible_agent`,`discount`,`grand_total`,`net_total`,`tendered_amount`,`change`,`delivery_date`,`prepared_by`) VALUES 
 ('SO-000001',734,NULL,0.00,1138.00,1138.00,1140.00,2.00,'2012-08-13 10:04:29','sabet'),
 ('SO-0000010',564,4,0.00,9895.00,9895.00,0.00,-9895.00,'2012-08-13 13:41:53','admin'),
 ('SO-0000011',515,2,0.00,3420.00,3420.00,0.00,-3420.00,'2012-08-13 13:46:22','admin'),
 ('SO-0000012',344,2,0.00,3570.00,3570.00,0.00,-3570.00,'2012-08-13 13:54:17','admin'),
 ('SO-0000013',74,6,0.00,18310.00,18310.00,0.00,-18310.00,'2012-08-13 13:55:47','admin'),
 ('SO-0000014',351,2,0.00,4720.00,4720.00,0.00,-4720.00,'2012-08-13 13:58:03','admin'),
 ('SO-0000015',737,6,0.00,4460.00,4460.00,0.00,-4460.00,'2012-08-13 13:59:54','admin'),
 ('SO-0000017',739,1,0.00,3075.00,3075.00,3075.00,0.00,'2012-08-13 17:24:14','sabet'),
 ('SO-000002',125,3,0.00,1170.00,1170.00,0.00,-1170.00,'2012-08-13 11:14:44','admin'),
 ('SO-000003',203,12,65.00,13935.00,13870.00,0.00,-13935.00,'2012-08-13 11:16:36','admin'),
 ('SO-000004',697,12,0.00,4380.00,4380.00,0.00,-4380.00,'2012-08-13 11:35:13','admin'),
 ('SO-000005',570,12,0.00,3770.00,3770.00,0.00,-3770.00,'2012-08-13 13:21:17','admin'),
 ('SO-000006',480,12,0.00,2920.00,2920.00,0.00,-2920.00,'2012-08-13 13:23:55','admin'),
 ('SO-000007',725,12,0.00,1100.00,1100.00,0.00,-1100.00,'2012-08-13 13:25:19','admin'),
 ('SO-000008',736,12,0.00,1110.00,1110.00,0.00,-1110.00,'2012-08-13 13:26:26','admin'),
 ('SO-000009',669,1,0.00,7275.00,7275.00,0.00,-7275.00,'2012-08-13 13:39:46','admin'),
 ('SO-00018',738,9,0.00,1090.00,1090.00,1090.00,0.00,'2012-08-13 09:26:54','admin'),
 ('SO-00019',740,1,0.00,13462.50,13462.50,0.00,-13462.50,'2012-08-13 11:09:46','admin'),
 ('SO-00020',483,NULL,0.00,23950.00,23950.00,0.00,-23950.00,'2012-08-13 11:15:18','admin'),
 ('SO-00021',741,NULL,0.00,256.00,256.00,256.00,0.00,'2012-08-13 11:50:21','admin'),
 ('SO-00022',594,12,0.00,1945.00,1945.00,0.00,-1945.00,'2012-08-13 11:56:39','admin'),
 ('SO-00023',742,3,0.00,4520.00,4520.00,0.00,-4520.00,'2012-08-13 11:59:07','admin'),
 ('SO-00024',156,NULL,0.00,1039.50,1039.50,1039.50,0.00,'2012-08-13 12:00:26','admin'),
 ('SO-00025',743,NULL,0.00,1550.00,1550.00,1550.00,0.00,'2012-08-13 12:26:45','admin'),
 ('SO-00026',744,NULL,0.00,430.00,430.00,430.00,0.00,'2012-08-13 12:39:31','admin'),
 ('SO-00027',745,12,0.00,25897.50,25897.50,25897.50,0.00,'2012-08-13 13:06:25','admin'),
 ('SO-00028',746,NULL,0.00,1170.00,1170.00,1170.00,0.00,'2012-08-13 13:20:41','admin'),
 ('SO-00029',747,NULL,0.00,3380.00,3380.00,3380.00,0.00,'2012-08-13 13:24:46','admin'),
 ('SO-00030',447,NULL,0.00,1200.00,1200.00,1200.00,0.00,'2012-08-13 13:26:15','admin'),
 ('SO-00031',415,1,0.00,1080.00,1080.00,1080.00,0.00,'2012-08-13 13:29:30','admin'),
 ('SO-00032',411,NULL,0.00,9462.00,9462.00,9500.00,38.00,'2012-08-13 13:39:52','admin'),
 ('SO-00033',587,1,0.00,1150.00,1150.00,1150.00,0.00,'2012-08-13 13:43:18','admin'),
 ('SO-00034',29,12,0.00,1350.00,1350.00,2000.00,650.00,'2012-08-13 13:48:07','admin'),
 ('SO-00035',748,10,0.00,6009.00,6009.00,6009.00,0.00,'2012-08-13 14:11:21','admin'),
 ('SO-00036',383,9,0.00,14830.00,14830.00,14830.00,0.00,'2012-08-13 14:12:56','admin'),
 ('SO-00037',611,8,0.00,1467.50,1467.50,1500.00,32.50,'2012-08-13 14:21:55','admin'),
 ('SO-00038',258,2,0.00,10160.00,10160.00,0.00,-10160.00,'2012-08-13 14:23:21','admin'),
 ('SO-00039',749,2,0.00,1160.00,1160.00,1160.00,0.00,'2012-08-13 14:31:08','admin'),
 ('SO-00040',750,3,0.00,2540.00,2540.00,2540.00,0.00,'2012-08-13 14:36:44','admin'),
 ('SO-00041',751,10,0.00,780.00,780.00,1000.00,220.00,'2012-08-13 14:42:57','admin'),
 ('SO-00042',752,NULL,0.00,1138.00,1138.00,1138.00,0.00,'2012-08-13 15:01:00','admin'),
 ('SO-00043',753,NULL,0.00,900.00,900.00,900.00,0.00,'2012-08-13 15:04:38','admin'),
 ('SO-00044',586,1,0.00,5070.00,5070.00,5070.00,0.00,'2012-08-13 15:14:55','admin'),
 ('SO-00045',754,NULL,0.00,3830.00,3830.00,3830.00,0.00,'2012-08-13 15:18:33','admin'),
 ('SO-00046',108,12,0.00,1150.00,1150.00,1150.00,0.00,'2012-08-13 15:20:32','admin'),
 ('SO-00047',755,NULL,0.00,292.00,292.00,300.00,8.00,'2012-08-13 15:22:38','admin'),
 ('SO-00048',756,NULL,0.00,80.00,80.00,80.00,0.00,'2012-08-13 15:24:45','admin'),
 ('SO-00049',657,NULL,0.00,665.00,665.00,665.00,0.00,'2012-08-13 15:25:28','admin'),
 ('SO-0033708',228,2,0.00,14669.50,14669.50,0.00,-14669.50,'2012-08-14 16:32:29','admin'),
 ('SO-0033709',78,2,0.00,4640.00,4640.00,0.00,-4640.00,'2012-08-14 16:40:08','admin'),
 ('SO-0033711',70,2,0.00,3762.00,3762.00,0.00,-3762.00,'2012-08-14 16:41:15','admin'),
 ('SO-0033712',515,2,0.00,21070.00,21070.00,0.00,-21070.00,'2012-08-14 16:46:30','admin'),
 ('SO-0033713',263,2,0.00,27676.00,27676.00,0.00,-27676.00,'2012-08-14 16:48:34','admin'),
 ('SO-0033714',351,2,0.00,3100.00,3100.00,0.00,-3100.00,'2012-08-14 16:58:09','admin'),
 ('SO-0033715',212,2,0.00,5855.00,5855.00,0.00,-5855.00,'2012-08-14 16:59:54','admin'),
 ('SO-0033716',560,2,0.00,2350.00,2350.00,0.00,-2350.00,'2012-08-14 17:01:57','admin'),
 ('SO-0033717',127,2,0.00,2350.00,2350.00,0.00,-2350.00,'2012-08-14 17:02:30','admin'),
 ('SO-0033718',85,2,0.00,6100.00,6100.00,0.00,-6100.00,'2012-08-14 17:03:20','admin'),
 ('SO-0033719',211,2,0.00,5025.00,5025.00,0.00,-5025.00,'2012-08-14 17:04:45','admin'),
 ('SO-0033720',74,6,0.00,26062.50,26062.50,0.00,-26062.50,'2012-08-14 17:06:12','admin'),
 ('SO-0033721',297,6,0.00,7100.00,7100.00,0.00,-7100.00,'2012-08-14 17:18:35','admin'),
 ('SO-0033722',702,6,0.00,11075.00,11075.00,0.00,-11075.00,'2012-08-14 17:19:17','admin'),
 ('SO-0033723',409,6,0.00,2827.00,2827.00,0.00,-2827.00,'2012-08-14 17:28:38','admin'),
 ('SO-0033724',662,6,0.00,3585.00,3585.00,0.00,-3585.00,'2012-08-14 17:36:14','admin'),
 ('SO-0033725',757,6,0.00,4640.00,4640.00,0.00,-4640.00,'2012-08-14 17:37:15','admin'),
 ('SO-0033726',181,6,0.00,6289.00,6289.00,0.00,-6289.00,'2012-08-14 17:46:45','admin'),
 ('SO-0033727',708,6,0.00,7895.00,7895.00,0.00,-7895.00,'2012-08-14 17:50:46','admin'),
 ('SO-0033728',408,6,0.00,14637.50,14637.50,0.00,-14637.50,'2012-08-14 17:51:45','admin'),
 ('SO-0033729',731,6,0.00,9650.00,9650.00,0.00,-9650.00,'2012-08-14 17:52:58','admin'),
 ('SO-0033730',758,6,0.00,2480.00,2480.00,0.00,-2480.00,'2012-08-14 17:54:15','admin'),
 ('SO-0033731',230,6,0.00,4550.00,4550.00,0.00,-4550.00,'2012-08-14 17:55:48','admin'),
 ('SO-0033732',680,6,0.00,31700.00,31700.00,0.00,-31700.00,'2012-08-14 17:58:25','admin'),
 ('SO-0033733',670,6,0.00,5305.00,5305.00,0.00,-5305.00,'2012-08-14 18:00:17','admin'),
 ('SO-0033734',81,6,0.00,10477.00,10477.00,0.00,-10477.00,'2012-08-14 18:09:05','admin'),
 ('SO-0033735',497,6,0.00,2260.00,2260.00,0.00,-2260.00,'2012-08-14 18:12:15','admin'),
 ('SO-0033736',348,6,0.00,1945.00,1945.00,0.00,-1945.00,'2012-08-14 18:13:54','admin'),
 ('SO-0033737',759,6,0.00,2794.50,2794.50,0.00,-2794.50,'2012-08-14 10:30:58','admin'),
 ('SO-0033738',616,1,0.00,15267.50,15267.50,0.00,-15267.50,'2012-08-14 10:39:46','admin'),
 ('SO-0033739',583,8,0.00,1780.00,1780.00,0.00,-1780.00,'2012-08-14 10:48:46','admin'),
 ('SO-0033740',378,8,0.00,5738.50,5738.50,0.00,-5738.50,'2012-08-14 14:30:23','admin'),
 ('SO-0033741',511,8,0.00,2460.00,2460.00,0.00,-2460.00,'2012-08-14 11:16:20','admin'),
 ('SO-0033742',436,8,0.00,2410.00,2410.00,0.00,-2410.00,'2012-08-14 11:17:14','admin'),
 ('SO-0033743',291,8,0.00,2370.00,2370.00,0.00,-2370.00,'2012-08-14 11:18:10','admin'),
 ('SO-0033744',760,6,0.00,3600.00,3600.00,0.00,-3600.00,'2012-08-14 11:24:40','admin'),
 ('SO-0033745',319,1,0.00,2775.00,2775.00,0.00,-2775.00,'2012-08-14 11:33:53','admin'),
 ('SO-0033746',256,8,0.00,1205.00,1205.00,0.00,-1205.00,'2012-08-14 11:34:39','admin'),
 ('SO-0033747',193,1,0.00,2585.00,2585.00,0.00,-2585.00,'2012-08-14 11:40:26','admin'),
 ('SO-0033748',21,8,0.00,18825.00,18825.00,0.00,-18825.00,'2012-08-14 11:45:43','admin'),
 ('SO-0033749',330,2,0.00,1550.00,1550.00,0.00,-1550.00,'2012-08-14 11:46:59','admin'),
 ('SO-0033750',175,2,0.00,4335.00,4335.00,0.00,-4335.00,'2012-08-14 11:51:19','admin'),
 ('SO-0033751',335,1,0.00,9545.00,9545.00,0.00,-9545.00,'2012-08-14 11:55:48','admin'),
 ('SO-0033752',672,8,0.00,9383.00,9383.00,0.00,-9383.00,'2012-08-14 12:04:23','admin'),
 ('SO-0033753',468,6,0.00,15395.00,15395.00,0.00,-15395.00,'2012-08-14 12:06:17','admin'),
 ('SO-0033754',295,2,0.00,2290.00,2290.00,0.00,-2290.00,'2012-08-14 12:07:46','admin'),
 ('SO-0033755',761,12,0.00,5144.00,5144.00,0.00,-5144.00,'2012-08-14 12:29:40','admin'),
 ('SO-0033756',495,6,0.00,1780.00,1780.00,0.00,-1780.00,'2012-08-14 12:30:39','admin'),
 ('SO-0033757',274,1,0.00,6058.00,6058.00,0.00,-6058.00,'2012-08-14 12:36:34','admin'),
 ('SO-0033758',217,12,0.00,1544.00,1544.00,0.00,-1544.00,'2012-08-14 12:37:32','admin'),
 ('SO-0033759',123,4,0.00,6612.50,6612.50,0.00,-6612.50,'2012-08-14 12:41:09','admin'),
 ('SO-0033760',159,1,0.00,4680.00,4680.00,0.00,-4680.00,'2012-08-14 12:47:40','admin'),
 ('SO-0033761',351,2,0.00,1090.00,1090.00,0.00,-1090.00,'2012-08-14 12:48:25','admin'),
 ('SO-0033762',657,1,0.00,12130.00,12130.00,0.00,-12130.00,'2012-08-14 12:52:02','admin'),
 ('SO-0033763',365,NULL,0.00,27500.00,27500.00,0.00,-27500.00,'2012-08-14 12:53:07','admin'),
 ('SO-0033764',742,3,0.00,13240.00,13240.00,0.00,-13240.00,'2012-08-14 12:55:50','admin'),
 ('SO-0033765',430,NULL,0.00,14700.00,14700.00,0.00,-14700.00,'2012-08-14 12:58:03','admin'),
 ('SO-0033766',165,6,0.00,3125.00,3125.00,0.00,-3125.00,'2012-08-14 13:00:05','admin'),
 ('SO-0033767',261,4,0.00,9600.00,9600.00,0.00,-9600.00,'2012-08-14 13:00:41','admin'),
 ('SO-0033768',695,4,0.00,2520.00,2520.00,0.00,-2520.00,'2012-08-14 13:04:04','admin'),
 ('SO-0033769',553,1,0.00,1235.00,1235.00,0.00,-1235.00,'2012-08-14 13:05:53','admin'),
 ('SO-0033770',602,6,0.00,44700.00,44700.00,0.00,-44700.00,'2012-08-14 13:06:26','admin'),
 ('SO-0033771',682,6,0.00,3125.00,3125.00,0.00,-3125.00,'2012-08-14 13:09:47','admin'),
 ('SO-0033772',126,2,0.00,18220.00,18220.00,0.00,-18220.00,'2012-08-14 13:12:04','admin'),
 ('SO-0033773',496,12,0.00,2702.00,2702.00,0.00,-2702.00,'2012-08-14 13:14:54','admin'),
 ('SO-0033774',762,12,0.00,2460.00,2460.00,0.00,-2460.00,'2012-08-14 13:16:38','admin'),
 ('SO-0033775',130,2,0.00,2290.00,2290.00,0.00,-2290.00,'2012-08-14 13:18:50','admin'),
 ('SO-0033776',339,2,0.00,4720.00,4720.00,0.00,-4720.00,'2012-08-14 13:21:07','admin'),
 ('SO-0033777',112,2,0.00,24605.00,24605.00,0.00,-24605.00,'2012-08-14 13:22:00','admin'),
 ('SO-0033778',763,6,0.00,1460.00,1460.00,0.00,-1460.00,'2012-08-14 13:25:03','admin'),
 ('SO-0033779',578,6,0.00,1460.00,1460.00,0.00,-1460.00,'2012-08-14 13:26:27','admin'),
 ('SO-0033780',425,1,0.00,18110.00,18110.00,0.00,-18110.00,'2012-08-14 13:30:40','admin'),
 ('SO-0033781',429,4,0.00,14940.00,14940.00,0.00,-14940.00,'2012-08-14 13:32:02','admin'),
 ('SO-0033782',166,4,0.00,50640.00,50640.00,0.00,-50640.00,'2012-08-14 13:34:02','admin'),
 ('SO-0033783',543,6,0.00,15620.00,15620.00,0.00,-15620.00,'2012-08-14 13:38:59','admin'),
 ('SO-0033784',675,2,0.00,3405.00,3405.00,0.00,-3405.00,'2012-08-14 13:40:02','admin'),
 ('SO-0033785',39,NULL,0.00,27980.00,27980.00,0.00,-27980.00,'2012-08-14 14:52:18','admin'),
 ('SO-0033786',712,NULL,0.00,1170.00,1170.00,0.00,-1170.00,'2012-08-14 14:55:04','admin'),
 ('SO-0033787',120,NULL,0.00,2808.50,2808.50,0.00,-2808.50,'2012-08-14 15:06:43','admin'),
 ('SO-0033788',764,1,0.00,104505.00,104505.00,0.00,-104505.00,'2012-08-14 15:10:44','admin'),
 ('SO-0033789',388,1,0.00,11600.00,11600.00,0.00,-11600.00,'2012-08-14 15:21:43','admin'),
 ('SO-0033790',308,1,0.00,23850.00,23850.00,0.00,-23850.00,'2012-08-14 15:30:55','admin'),
 ('SO-0033791',316,NULL,0.00,46200.00,46200.00,0.00,-46200.00,'2012-08-14 15:33:00','admin'),
 ('SO-0033792',664,1,0.00,7800.00,7800.00,0.00,-7800.00,'2012-08-14 15:40:40','admin'),
 ('SO-0033793',221,NULL,0.00,3240.00,3240.00,0.00,-3240.00,'2012-08-14 15:43:00','admin'),
 ('SO-0033794',456,3,0.00,1280.00,1280.00,0.00,-1280.00,'2012-08-14 15:45:31','admin'),
 ('SO-0033795',704,9,0.00,12470.00,12470.00,0.00,-12470.00,'2012-08-14 15:47:09','admin'),
 ('SO-0033796',102,4,0.00,2240.00,2240.00,2240.00,0.00,'2012-08-14 16:41:24','admin'),
 ('SO-0033797',24,3,0.00,2240.00,2240.00,2240.00,0.00,'2012-08-14 16:44:36','admin'),
 ('SO-0033798',58,NULL,0.00,1425.00,1425.00,1425.00,0.00,'2012-08-14 17:24:28','admin'),
 ('SO-0033799',765,NULL,0.00,1290.00,1290.00,1290.00,0.00,'2012-08-14 17:25:29','admin'),
 ('SO-0033800',766,NULL,0.00,155.00,155.00,155.00,0.00,'2012-08-14 17:28:12','admin'),
 ('SO-0033801',150,NULL,0.00,8237.00,8237.00,8237.00,0.00,'2012-08-14 17:29:49','admin'),
 ('SO-0033802',767,NULL,0.00,1170.00,1170.00,1170.00,0.00,'2012-08-14 17:30:43','admin'),
 ('SO-0033803',303,9,0.00,8010.00,8010.00,8010.00,0.00,'2012-08-14 17:31:45','admin'),
 ('SO-0033804',768,1,0.00,5900.00,5900.00,5900.00,0.00,'2012-08-14 17:35:39','admin'),
 ('SO-0033805',769,NULL,0.00,1008.00,1008.00,1008.00,0.00,'2012-08-14 17:42:43','admin'),
 ('SO-0033806',10,NULL,0.00,3088.00,3088.00,4000.00,912.00,'2012-08-14 17:43:37','admin'),
 ('SO-0033807',214,1,0.00,4660.00,4660.00,4660.00,0.00,'2012-08-14 17:48:57','admin'),
 ('SO-0033808',770,NULL,0.00,1110.00,1110.00,1110.00,0.00,'2012-08-14 17:50:16','admin'),
 ('SO-0033809',156,NULL,0.00,2330.00,2330.00,2330.00,0.00,'2012-08-14 17:50:54','admin'),
 ('SO-0033810',771,NULL,0.00,445.00,445.00,445.00,0.00,'2012-08-14 17:52:15','admin'),
 ('SO-0033811',50,1,0.00,4580.00,4580.00,4580.00,0.00,'2012-08-14 17:54:59','admin'),
 ('SO-0033812',191,9,0.00,1550.00,1550.00,1550.00,0.00,'2012-08-14 17:56:51','admin'),
 ('SO-0033813',577,12,0.00,12060.00,12060.00,12160.00,100.00,'2012-08-14 17:57:19','admin'),
 ('SO-0033814',686,12,0.00,1200.00,1200.00,1200.00,0.00,'2012-08-14 18:04:32','admin'),
 ('SO-0033815',772,NULL,0.00,68.00,68.00,68.00,0.00,'2012-08-14 18:07:08','admin'),
 ('SO-0033816',221,NULL,0.00,3240.00,3240.00,3240.00,0.00,'2012-08-14 18:09:26','admin'),
 ('SO-0033817',432,9,0.00,4650.00,4650.00,4650.00,0.00,'2012-08-14 18:09:55','admin'),
 ('SO-0033818',590,9,0.00,8000.00,8000.00,8000.00,0.00,'2012-08-14 18:11:08','admin'),
 ('SO-0033819',773,NULL,0.00,1550.00,1550.00,1550.00,0.00,'2012-08-14 18:11:55','admin'),
 ('SO-0033820',202,9,0.00,9315.00,9315.00,9315.00,0.00,'2012-08-14 18:12:22','admin'),
 ('SO-0033821',774,NULL,0.00,1190.00,1190.00,2000.00,810.00,'2012-08-14 18:15:22','admin'),
 ('SO-0033822',411,NULL,0.00,1070.00,1070.00,1070.00,0.00,'2012-08-14 18:17:21','admin'),
 ('SO-0033823',66,12,0.00,3290.00,3290.00,3290.00,0.00,'2012-08-14 18:18:03','admin'),
 ('SO-0033824',774,NULL,0.00,1190.00,1190.00,1190.00,0.00,'2012-08-15 18:20:54','admin');
/*!40000 ALTER TABLE `stock_out_transaction` ENABLE KEYS */;


--
-- Definition of table `stock_out_transaction_stock_out_items`
--

DROP TABLE IF EXISTS `stock_out_transaction_stock_out_items`;
CREATE TABLE `stock_out_transaction_stock_out_items` (
  `sales_order_no` varchar(45) DEFAULT NULL,
  `stockout_id` int(10) unsigned DEFAULT NULL
) ENGINE=InnoDB DEFAULT CHARSET=latin1;

--
-- Dumping data for table `stock_out_transaction_stock_out_items`
--

/*!40000 ALTER TABLE `stock_out_transaction_stock_out_items` DISABLE KEYS */;
INSERT INTO `stock_out_transaction_stock_out_items` (`sales_order_no`,`stockout_id`) VALUES 
 ('SO-000001',1),
 ('SO-000001',2),
 ('SO-000001',3),
 ('SO-000002',6),
 ('SO-000003',7),
 ('SO-000003',8),
 ('SO-000003',9),
 ('SO-000003',10),
 ('SO-000003',11),
 ('SO-000003',12),
 ('SO-000003',13),
 ('SO-000003',14),
 ('SO-000003',15),
 ('SO-000003',16),
 ('SO-000004',17),
 ('SO-000005',18),
 ('SO-000005',19),
 ('SO-000006',20),
 ('SO-000007',21),
 ('SO-000008',22),
 ('SO-000009',23),
 ('SO-000009',24),
 ('SO-000009',25),
 ('SO-0000010',26),
 ('SO-0000010',27),
 ('SO-0000010',28),
 ('SO-0000010',29),
 ('SO-0000011',30),
 ('SO-0000012',31),
 ('SO-0000012',32),
 ('SO-0000013',33),
 ('SO-0000013',34),
 ('SO-0000014',35),
 ('SO-0000014',36),
 ('SO-0000015',37),
 ('SO-0000015',38),
 ('SO-0000015',39),
 ('SO-0000017',41),
 ('SO-00018',42),
 ('SO-00019',43),
 ('SO-00019',44),
 ('SO-00019',45),
 ('SO-00019',46),
 ('SO-00019',47),
 ('SO-00019',48),
 ('SO-00019',49),
 ('SO-00019',50),
 ('SO-00019',51),
 ('SO-00019',52),
 ('SO-00019',53),
 ('SO-00019',54),
 ('SO-00019',55),
 ('SO-00019',56),
 ('SO-00020',57),
 ('SO-00020',58),
 ('SO-00021',59),
 ('SO-00021',60),
 ('SO-00021',61),
 ('SO-00022',62),
 ('SO-00022',63),
 ('SO-00022',64),
 ('SO-00022',65),
 ('SO-00023',66),
 ('SO-00023',67),
 ('SO-00024',68),
 ('SO-00024',69),
 ('SO-00025',70),
 ('SO-00026',71),
 ('SO-00027',72),
 ('SO-00027',73),
 ('SO-00027',74),
 ('SO-00027',75),
 ('SO-00027',76),
 ('SO-00027',77),
 ('SO-00027',78),
 ('SO-00027',79),
 ('SO-00028',80),
 ('SO-00029',81),
 ('SO-00029',82),
 ('SO-00029',83),
 ('SO-00030',84),
 ('SO-00031',85),
 ('SO-00032',86),
 ('SO-00032',87),
 ('SO-00032',88),
 ('SO-00032',89),
 ('SO-00032',90),
 ('SO-00033',91),
 ('SO-00034',92),
 ('SO-00034',93),
 ('SO-00035',94),
 ('SO-00035',95),
 ('SO-00035',96),
 ('SO-00036',97),
 ('SO-00036',98),
 ('SO-00036',99),
 ('SO-00036',100),
 ('SO-00036',101),
 ('SO-00036',102),
 ('SO-00036',103),
 ('SO-00036',104),
 ('SO-00036',105),
 ('SO-00036',106),
 ('SO-00037',107),
 ('SO-00037',108),
 ('SO-00038',109),
 ('SO-00038',110),
 ('SO-00038',111),
 ('SO-00038',112),
 ('SO-00038',113),
 ('SO-00038',114),
 ('SO-00039',115),
 ('SO-00040',116),
 ('SO-00040',117),
 ('SO-00041',118),
 ('SO-00042',119),
 ('SO-00042',120),
 ('SO-00042',121),
 ('SO-00043',122),
 ('SO-00044',123),
 ('SO-00044',124),
 ('SO-00044',125),
 ('SO-00044',126),
 ('SO-00044',127),
 ('SO-00044',128),
 ('SO-00045',129),
 ('SO-00045',130),
 ('SO-00045',131),
 ('SO-00046',132),
 ('SO-00047',133),
 ('SO-00047',134),
 ('SO-00048',135),
 ('SO-00049',136),
 ('SO-0033708',137),
 ('SO-0033708',138),
 ('SO-0033708',139),
 ('SO-0033708',140),
 ('SO-0033708',141),
 ('SO-0033708',142),
 ('SO-0033708',143),
 ('SO-0033708',144),
 ('SO-0033709',145),
 ('SO-0033709',146),
 ('SO-0033711',147),
 ('SO-0033711',148),
 ('SO-0033712',149),
 ('SO-0033712',150),
 ('SO-0033712',151),
 ('SO-0033713',152),
 ('SO-0033713',153),
 ('SO-0033713',154),
 ('SO-0033713',155),
 ('SO-0033713',156),
 ('SO-0033713',157),
 ('SO-0033713',158),
 ('SO-0033714',159),
 ('SO-0033715',160),
 ('SO-0033715',161),
 ('SO-0033716',162),
 ('SO-0033717',163),
 ('SO-0033718',164),
 ('SO-0033718',165),
 ('SO-0033718',166),
 ('SO-0033719',167),
 ('SO-0033719',168),
 ('SO-0033719',169),
 ('SO-0033720',170),
 ('SO-0033720',171),
 ('SO-0033720',172),
 ('SO-0033720',173),
 ('SO-0033720',174),
 ('SO-0033720',175),
 ('SO-0033720',176),
 ('SO-0033720',177),
 ('SO-0033721',178),
 ('SO-0033721',179),
 ('SO-0033721',180),
 ('SO-0033722',181),
 ('SO-0033722',182),
 ('SO-0033722',183),
 ('SO-0033722',184),
 ('SO-0033723',185),
 ('SO-0033723',186),
 ('SO-0033724',187),
 ('SO-0033725',188),
 ('SO-0033725',189),
 ('SO-0033726',190),
 ('SO-0033726',191),
 ('SO-0033726',192),
 ('SO-0033726',193),
 ('SO-0033726',194),
 ('SO-0033726',195),
 ('SO-0033726',196),
 ('SO-0033727',197),
 ('SO-0033727',198),
 ('SO-0033727',199),
 ('SO-0033728',200),
 ('SO-0033728',201),
 ('SO-0033728',202),
 ('SO-0033728',203),
 ('SO-0033728',204),
 ('SO-0033729',205),
 ('SO-0033729',206),
 ('SO-0033729',207),
 ('SO-0033730',208),
 ('SO-0033730',209),
 ('SO-0033731',210),
 ('SO-0033731',211),
 ('SO-0033732',212),
 ('SO-0033732',213),
 ('SO-0033732',214),
 ('SO-0033732',215),
 ('SO-0033732',216),
 ('SO-0033732',217),
 ('SO-0033733',218),
 ('SO-0033733',219),
 ('SO-0033733',220),
 ('SO-0033733',221),
 ('SO-0033734',222),
 ('SO-0033734',223),
 ('SO-0033734',224),
 ('SO-0033734',225),
 ('SO-0033734',226),
 ('SO-0033734',227),
 ('SO-0033734',228),
 ('SO-0033735',229),
 ('SO-0033735',230),
 ('SO-0033735',231),
 ('SO-0033736',232),
 ('SO-0033736',233),
 ('SO-0033736',234),
 ('SO-0033737',239),
 ('SO-0033737',240),
 ('SO-0033737',241),
 ('SO-0033737',242),
 ('SO-0033738',243),
 ('SO-0033738',244),
 ('SO-0033738',245),
 ('SO-0033739',246),
 ('SO-0033739',247),
 ('SO-0033739',248),
 ('SO-0033739',249),
 ('SO-0033741',250),
 ('SO-0033741',251),
 ('SO-0033742',252),
 ('SO-0033743',253),
 ('SO-0033743',254),
 ('SO-0033744',255),
 ('SO-0033744',256),
 ('SO-0033745',257),
 ('SO-0033745',258),
 ('SO-0033745',259),
 ('SO-0033746',260),
 ('SO-0033747',261),
 ('SO-0033747',262),
 ('SO-0033748',263),
 ('SO-0033748',264),
 ('SO-0033748',265),
 ('SO-0033748',266),
 ('SO-0033748',267),
 ('SO-0033749',268),
 ('SO-0033750',269),
 ('SO-0033750',270),
 ('SO-0033750',271),
 ('SO-0033751',272),
 ('SO-0033751',273),
 ('SO-0033751',274),
 ('SO-0033751',275),
 ('SO-0033752',276),
 ('SO-0033752',277),
 ('SO-0033752',278),
 ('SO-0033752',279),
 ('SO-0033752',280),
 ('SO-0033752',281),
 ('SO-0033752',282),
 ('SO-0033753',283),
 ('SO-0033753',284),
 ('SO-0033753',285),
 ('SO-0033753',286),
 ('SO-0033753',287),
 ('SO-0033754',288),
 ('SO-0033754',289),
 ('SO-0033755',290),
 ('SO-0033755',291),
 ('SO-0033756',292),
 ('SO-0033756',293),
 ('SO-0033757',294),
 ('SO-0033757',295),
 ('SO-0033757',296),
 ('SO-0033758',297),
 ('SO-0033758',298),
 ('SO-0033759',299),
 ('SO-0033759',300),
 ('SO-0033759',301),
 ('SO-0033759',302),
 ('SO-0033759',303),
 ('SO-0033759',304),
 ('SO-0033760',305),
 ('SO-0033761',306),
 ('SO-0033762',307),
 ('SO-0033762',308),
 ('SO-0033763',309),
 ('SO-0033763',310),
 ('SO-0033763',311),
 ('SO-0033763',312),
 ('SO-0033764',313),
 ('SO-0033764',314),
 ('SO-0033764',315),
 ('SO-0033764',316),
 ('SO-0033764',317),
 ('SO-0033765',318),
 ('SO-0033765',319),
 ('SO-0033765',320),
 ('SO-0033765',321),
 ('SO-0033766',322),
 ('SO-0033767',323),
 ('SO-0033767',324),
 ('SO-0033767',325),
 ('SO-0033768',326),
 ('SO-0033768',327),
 ('SO-0033769',328),
 ('SO-0033770',329),
 ('SO-0033770',330),
 ('SO-0033771',331),
 ('SO-0033771',332),
 ('SO-0033771',333),
 ('SO-0033771',334),
 ('SO-0033772',335),
 ('SO-0033772',336),
 ('SO-0033773',337),
 ('SO-0033773',338),
 ('SO-0033774',339),
 ('SO-0033774',340),
 ('SO-0033775',341),
 ('SO-0033775',342),
 ('SO-0033776',343),
 ('SO-0033776',344),
 ('SO-0033777',345),
 ('SO-0033777',346),
 ('SO-0033777',347),
 ('SO-0033777',348),
 ('SO-0033777',349),
 ('SO-0033777',350),
 ('SO-0033777',351),
 ('SO-0033777',352),
 ('SO-0033777',353),
 ('SO-0033778',354),
 ('SO-0033779',355),
 ('SO-0033780',356),
 ('SO-0033780',357),
 ('SO-0033780',358),
 ('SO-0033780',359),
 ('SO-0033780',360),
 ('SO-0033780',361),
 ('SO-0033780',362),
 ('SO-0033781',363),
 ('SO-0033781',364),
 ('SO-0033781',365),
 ('SO-0033781',366),
 ('SO-0033781',367),
 ('SO-0033781',368),
 ('SO-0033781',369),
 ('SO-0033782',370),
 ('SO-0033782',371),
 ('SO-0033782',372),
 ('SO-0033782',373),
 ('SO-0033782',374),
 ('SO-0033782',375),
 ('SO-0033783',376),
 ('SO-0033783',377),
 ('SO-0033783',378),
 ('SO-0033783',379),
 ('SO-0033784',380),
 ('SO-0033784',381),
 ('SO-0033740',382),
 ('SO-0033740',383),
 ('SO-0033740',384),
 ('SO-0033740',385),
 ('SO-0033740',386),
 ('SO-0033740',387),
 ('SO-0033740',388),
 ('SO-0033740',389),
 ('SO-0033740',390),
 ('SO-0033740',391),
 ('SO-0033740',392),
 ('SO-0033740',393),
 ('SO-0033740',394),
 ('SO-0033785',395),
 ('SO-0033785',396),
 ('SO-0033785',397),
 ('SO-0033785',398),
 ('SO-0033785',399),
 ('SO-0033785',400),
 ('SO-0033785',401),
 ('SO-0033785',402),
 ('SO-0033786',403),
 ('SO-0033787',404),
 ('SO-0033787',405),
 ('SO-0033787',406),
 ('SO-0033787',407),
 ('SO-0033787',408),
 ('SO-0033788',409),
 ('SO-0033788',410),
 ('SO-0033788',411),
 ('SO-0033788',412),
 ('SO-0033788',413),
 ('SO-0033789',414),
 ('SO-0033790',415),
 ('SO-0033790',416),
 ('SO-0033790',417),
 ('SO-0033791',418),
 ('SO-0033791',419),
 ('SO-0033792',420),
 ('SO-0033793',421),
 ('SO-0033794',422),
 ('SO-0033795',423),
 ('SO-0033795',424),
 ('SO-0033796',425),
 ('SO-0033796',426),
 ('SO-0033797',427),
 ('SO-0033797',428),
 ('SO-0033798',429),
 ('SO-0033798',430),
 ('SO-0033798',431),
 ('SO-0033798',432),
 ('SO-0033799',433),
 ('SO-0033800',434),
 ('SO-0033801',435),
 ('SO-0033801',436),
 ('SO-0033802',437),
 ('SO-0033803',438),
 ('SO-0033803',439),
 ('SO-0033803',440),
 ('SO-0033804',441),
 ('SO-0033805',442),
 ('SO-0033805',443),
 ('SO-0033806',444),
 ('SO-0033806',445),
 ('SO-0033806',446),
 ('SO-0033806',447),
 ('SO-0033807',448),
 ('SO-0033807',449),
 ('SO-0033807',450),
 ('SO-0033807',451),
 ('SO-0033808',452),
 ('SO-0033809',453),
 ('SO-0033809',454),
 ('SO-0033810',455),
 ('SO-0033811',456),
 ('SO-0033812',457),
 ('SO-0033813',458),
 ('SO-0033813',459),
 ('SO-0033813',460),
 ('SO-0033814',461),
 ('SO-0033814',462),
 ('SO-0033815',463),
 ('SO-0033815',464),
 ('SO-0033816',465),
 ('SO-0033817',466),
 ('SO-0033817',467),
 ('SO-0033817',468),
 ('SO-0033817',469),
 ('SO-0033818',470),
 ('SO-0033819',471),
 ('SO-0033820',472),
 ('SO-0033820',473),
 ('SO-0033821',474),
 ('SO-0033822',475),
 ('SO-0033823',476),
 ('SO-0033823',477),
 ('SO-0033824',478);
/*!40000 ALTER TABLE `stock_out_transaction_stock_out_items` ENABLE KEYS */;


--
-- Definition of table `temp`
--

DROP TABLE IF EXISTS `temp`;
CREATE TABLE `temp` (
  `item_id` int(10) unsigned DEFAULT NULL,
  `item_code` varchar(45) DEFAULT NULL,
  `ending_balance` double(10,2) DEFAULT NULL,
  `item_qty` double(10,2) DEFAULT NULL
) ENGINE=InnoDB DEFAULT CHARSET=latin1;

--
-- Dumping data for table `temp`
--

/*!40000 ALTER TABLE `temp` DISABLE KEYS */;
INSERT INTO `temp` (`item_id`,`item_code`,`ending_balance`,`item_qty`) VALUES 
 (1,'CBM-25',0.00,0.00),
 (2,'CBM-50',0.00,0.00),
 (3,'CSM',0.00,0.00),
 (4,'CGM',0.00,0.00),
 (5,'CLM',0.00,0.00),
 (6,'CLM-1(CUS)',0.00,0.00),
 (7,'BSC',0.00,0.00),
 (8,'BFC',0.00,0.00),
 (9,'MILKO PLUS',0.00,0.00),
 (10,'NSP',0.00,0.00),
 (11,'NGP',0.00,0.00),
 (12,'NBP',0.00,0.00),
 (13,'PSP',0.00,0.00),
 (14,'LSP',0.00,0.00),
 (15,'PGP B',0.00,0.00),
 (16,'PGP R',0.00,0.00),
 (17,'NLB',0.00,0.00),
 (18,'NLP',0.00,0.00),
 (19,'HSC',0.00,0.00),
 (20,'HGP',0.00,0.00),
 (21,'HFP',0.00,0.00),
 (22,'PDP SPECIAL',0.00,0.00),
 (23,'PDP ORD',0.00,0.00),
 (24,'PEP',0.00,0.00),
 (25,'PPM',0.00,0.00),
 (26,'PGM',0.00,0.00),
 (27,'MEGA 1000',0.00,0.00),
 (28,'MEGA 1000 CRAFT',0.00,0.00),
 (29,'MEGA 2000',0.00,0.00),
 (30,'MEGA 2000 CRAFT',0.00,0.00),
 (31,'MEGA 3000 CRAFT',0.00,0.00),
 (32,'FCP 4000',0.00,0.00),
 (33,'FCP 4000 CRAFT',0.00,0.00),
 (34,'ACE 5000 CRAFT',0.00,0.00),
 (35,'TUFF M',0.00,0.00),
 (36,'SLASHER TONE',0.00,0.00),
 (37,'7 KINDS',0.00,0.00),
 (38,'SPECIAL 16',0.00,0.00),
 (39,'SLASHER   ',0.00,0.00),
 (40,'C.CORN',0.00,0.00),
 (41,'C.CORN F',0.00,0.00),
 (42,'FCC-25',0.00,0.00),
 (43,'PIGEON FANCY',0.00,0.00),
 (44,'COCK MANNA',0.00,0.00),
 (45,'JOCKEY OATS',0.00,0.00),
 (46,'THB BOOSTER',0.00,0.00),
 (47,'THB DEVELOPER',0.00,0.00),
 (48,'THB DEVELOPER 4+',0.00,0.00),
 (49,'THB ENERTONE',0.00,0.00),
 (50,'THB PLATINUM',0.00,0.00),
 (51,'THB FINISHER',0.00,0.00),
 (52,'THB SUCCESOR',0.00,0.00),
 (53,'MULTI GRAIN',0.00,0.00),
 (54,'HI-LANDER',0.00,0.00),
 (55,'GMP 1',0.00,0.00),
 (56,'GMP 2',0.00,0.00),
 (57,'GMP 3',0.00,0.00),
 (58,'GMP 4',0.00,0.00),
 (59,'FRY B',0.00,0.00),
 (60,'FRY M',0.00,0.00),
 (61,'GROUPER#1',0.00,0.00),
 (62,'GROUPER#2',0.00,0.00),
 (63,'GROUPER#3',0.00,0.00),
 (64,'GROUPER#4',0.00,0.00),
 (65,'GROUPER#5',0.00,0.00),
 (66,'GROUPER#6',0.00,0.00),
 (67,'GROUPER#7',0.00,0.00),
 (68,'KOI 5MM',0.00,0.00),
 (69,'KOI 7MM',0.00,0.00),
 (70,'POMPANO#1',0.00,0.00),
 (71,'POMPANO#2',0.00,0.00),
 (72,'POMPANO#3',0.00,0.00),
 (73,'POMPANO#4',0.00,0.00),
 (74,'POMPANO#5',0.00,0.00),
 (75,'PPS #1',0.00,0.00),
 (76,'PPS #2',0.00,0.00),
 (77,'PBC',0.00,0.00),
 (78,'PBF',0.00,0.00),
 (79,'PBG',0.00,0.00),
 (80,'PBS',0.00,0.00),
 (81,'PMC',0.00,0.00),
 (82,'RFF',0.00,0.00),
 (83,'RFG',0.00,0.00),
 (84,'RF-PRE',0.00,0.00),
 (85,'RFS',0.00,0.00),
 (86,'SNAPPER#3',0.00,0.00),
 (87,'SNAPPER#4',0.00,0.00),
 (88,'SNAPPER#7',0.00,0.00),
 (89,'SBF-AQUA',0.00,0.00),
 (90,'SBF ',0.00,0.00),
 (91,'SBG-AQUA ',0.00,0.00),
 (92,'SBG ',0.00,0.00),
 (93,'SBS',0.00,0.00),
 (94,'STS-PRE',0.00,0.00),
 (95,'VANNAMIE#1',0.00,0.00),
 (96,'VANNAMIE#2',0.00,0.00),
 (97,'VANNAMIE#3',0.00,0.00),
 (98,'ADI-R.',0.00,0.00),
 (99,'AJUNE-R.',0.00,0.00),
 (100,'BENG-R.(W)',0.00,0.00),
 (101,'BENG-R.(Y)',0.00,0.00),
 (102,'BIG-B',0.00,0.00),
 (103,'BUKID-R.',0.00,0.00),
 (104,'CANDICE-R.',0.00,0.00),
 (105,'CHRISTINE-B',0.00,0.00),
 (106,'CHRISTINE-R.',0.00,0.00),
 (107,'CORONA-R.',0.00,0.00),
 (108,'CROWN-R.',0.00,0.00),
 (109,'CUPID-R.',0.00,0.00),
 (110,'DIDI-R.',0.00,0.00),
 (111,'GOLDEN-K',0.00,0.00),
 (112,'HONEY(W)',0.00,0.00),
 (113,'HONEY(Y)',0.00,0.00),
 (114,'LORENCE-R.',0.00,0.00),
 (115,'MASKARA-R.',0.00,0.00),
 (116,'MAX-R.',0.00,0.00),
 (117,'NFA(PLAIN)',0.00,0.00),
 (118,'NFA(W/IRON)',0.00,0.00),
 (119,'PIÑA-R.',0.00,0.00),
 (120,'PLAIN-R.',0.00,0.00),
 (121,'PLAIN-R(B)',0.00,0.00),
 (122,'RED-R.',0.00,0.00),
 (123,'RM-R.',0.00,0.00),
 (124,'ROYALC-R.',0.00,0.00),
 (125,'RPG-R.',0.00,0.00),
 (126,'SNOWHITE-R.',0.00,0.00),
 (127,'SUNRISE-R.',0.00,0.00),
 (128,'TWINKLE-R.',0.00,0.00),
 (129,'WATERD-R.',0.00,0.00),
 (130,'WHITE-R.',0.00,0.00),
 (131,'YUMMY-R.',0.00,0.00),
 (132,'AI',0.00,0.00),
 (133,'BUGGING-C',0.00,0.00),
 (134,'CLAYPOT',0.00,0.00),
 (135,'COCKBOX(D)',0.00,0.00),
 (136,'COCKBOX(S)',0.00,0.00),
 (137,'CORD-L',0.00,0.00),
 (138,'CORD-M',0.00,0.00),
 (139,'CORD-S',0.00,0.00),
 (140,'EURO10ML',0.00,0.00),
 (141,'FEEDER-C',0.00,0.00),
 (142,'FEEDER-L',0.00,0.00),
 (143,'HYPO15X1/12',0.00,0.00),
 (144,'HYPO16X1',0.00,0.00),
 (145,'HYPO17X1',0.00,0.00),
 (146,'HYPO17X1(1/2)',0.00,0.00),
 (147,'HYPO18',0.00,0.00),
 (148,'HYPO18X1/2',0.00,0.00),
 (149,'HYPO20',0.00,0.00),
 (150,'HYPO20X1/2',0.00,0.00),
 (151,'HYPO21X1/2',0.00,0.00),
 (152,'HYPO22',0.00,0.00),
 (153,'HYPO22X1/2',0.00,0.00),
 (154,'HYPO23',0.00,0.00),
 (155,'NIPPLE(B)',0.00,0.00),
 (156,'NIPPLE(S)',0.00,0.00),
 (157,'PANIIL',0.00,0.00),
 (158,'PLASLOT(P)',0.00,0.00),
 (159,'PLASLOT(S)',0.00,0.00),
 (160,'RUB',0.00,0.00),
 (161,'SCRAT 2KG',0.00,0.00),
 (162,'SCRAT 3KG',0.00,0.00),
 (163,'SEM',0.00,0.00),
 (164,'SURG-B',0.00,0.00),
 (165,'SYR10ML',0.00,0.00),
 (166,'SYR1ML',0.00,0.00),
 (167,'SYR2.5ML',0.00,0.00),
 (168,'SYR3ML',0.00,0.00),
 (169,'SYR5ML',0.00,0.00),
 (170,'TEETHC',0.00,0.00),
 (171,'WAT1/2(M)',0.00,0.00),
 (172,'WAT1/4(S)',0.00,0.00),
 (173,'WAT1GAL',0.00,0.00),
 (174,'AGME-2G(PCS)',0.00,0.00),
 (175,'AGMEC-5G(S)',0.00,0.00),
 (176,'AGMEC-5G(B)',0.00,0.00),
 (177,'AMBROX-5G(S)',0.00,0.00),
 (178,'AMBROX-5G(B)',0.00,0.00),
 (179,'AMOXI(PCS)',0.00,0.00),
 (180,'AMOXT5G(PCS)',0.00,0.00),
 (181,'AMOXT-5G(B)',0.00,0.00),
 (182,'AMTYL(PCS)',0.00,0.00),
 (183,'AMTYL(BOX)',0.00,0.00),
 (184,'ANIM10ML',0.00,0.00),
 (185,'APRA1KG',0.00,0.00),
 (186,'APRA6G(PCS)',0.00,0.00),
 (187,'APRA6G(B)',0.00,0.00),
 (188,'AQUAD5G(S)',0.00,0.00),
 (189,'AQUAD5G(B)',0.00,0.00),
 (190,'ASTIG(PCS)',0.00,0.00),
 (191,'ASTIG(B)',0.00,0.00),
 (192,'AXYLIN5G(S)',0.00,0.00),
 (193,'B12(AFFES)PCS.',0.00,0.00),
 (194,'B12(AFFES)BOT.',0.00,0.00),
 (195,'B12(LDI)PCS.',0.00,0.00),
 (196,'B50(PCS)',0.00,0.00),
 (197,'B50TABS(B)',0.00,0.00),
 (198,'BACT100ML',0.00,0.00),
 (199,'BACT10ML',0.00,0.00),
 (200,'BAXISE6G(S)',0.00,0.00),
 (201,'BAXITABS(B)',0.00,0.00),
 (202,'BAXI7G(S)',0.00,0.00),
 (203,'BAXI7G(B)',0.00,0.00),
 (204,'BAXI25G(B)',0.00,0.00),
 (205,'BAXI30G',0.00,0.00),
 (206,'BAXI1KG(G)',0.00,0.00),
 (207,'BAXISE6G(B)',0.00,0.00),
 (208,'BAXITABS(PCS)',0.00,0.00),
 (209,'B-COMP100ML',0.00,0.00),
 (210,'BEE-P(B)',0.00,0.00),
 (211,'BEE-P(PCS)',0.00,0.00),
 (212,'BELA100ML',0.00,0.00),
 (213,'BELA10ML',0.00,0.00),
 (214,'BELA20ML',0.00,0.00),
 (215,'BELA50ML',0.00,0.00),
 (216,'BEXSP100ML',0.00,0.00),
 (217,'BEXSP10ML',0.00,0.00),
 (218,'BEXSP20ML',0.00,0.00),
 (219,'BEXXP100ML',0.00,0.00),
 (220,'BEXXP10ML',0.00,0.00),
 (221,'BEXXP20ML',0.00,0.00),
 (222,'BIGGC2(5GM)',0.00,0.00),
 (223,'BIOT100ML',0.00,0.00),
 (224,'BOTSPRAY',0.00,0.00),
 (225,'BTS(S)',0.00,0.00),
 (226,'CALC',0.00,0.00),
 (227,'CALCLAC',0.00,0.00),
 (228,'CALV(PCS)',0.00,0.00),
 (229,'CALVTAB(B)',0.00,0.00),
 (230,'CATH(FOAM)',0.00,0.00),
 (231,'CATH(SPIRAL)',0.00,0.00),
 (232,'CECI200G',0.00,0.00),
 (233,'CECI25KG',0.00,0.00),
 (234,'CHLOR300(PCS)',0.00,0.00),
 (235,'CHLOR300(B)',0.00,0.00),
 (236,'CHLOR250(PCS)',0.00,0.00),
 (237,'CHLOR250(B)',0.00,0.00),
 (238,'CLEANSY',0.00,0.00),
 (239,'COCKSURE(PCS)',0.00,0.00),
 (240,'COGL',0.00,0.00),
 (241,'COMB86',0.00,0.00),
 (242,'COMP3000(PCS)',0.00,0.00),
 (243,'COMP3000(10ML)',0.00,0.00),
 (244,'COPY10ML',0.00,0.00),
 (245,'DCM50ML',0.00,0.00),
 (246,'DERMO10ML',0.00,0.00),
 (247,'DEXT100ML',0.00,0.00),
 (248,'DEXTRPDR100G',0.00,0.00),
 (249,'DEXTRPDR300G',0.00,0.00),
 (250,'DIGEST6G(S)',0.00,0.00),
 (251,'DIGEST6G(B)',0.00,0.00),
 (252,'DOXYTAB(PCS)',0.00,0.00),
 (253,'DOXYTAB(B)',0.00,0.00),
 (254,'DOXY7G(S)',0.00,0.00),
 (255,'DOXY7G(B)',0.00,0.00),
 (256,'DRYS',0.00,0.00),
 (257,'ECOL10ML',0.00,0.00),
 (258,'ECOL5ML',0.00,0.00),
 (259,'EGG-SC',0.00,0.00),
 (260,'ELECT20G(S)',0.00,0.00),
 (261,'ELECT6G(S)',0.00,0.00),
 (262,'ELECT1KG(GAL)',0.00,0.00),
 (263,'ELECT20G(B)',0.00,0.00),
 (264,'ELECT6G(B)',0.00,0.00),
 (265,'ENEF(PCS)',0.00,0.00),
 (266,'EXCE5G(B)',0.00,0.00),
 (267,'FLYM10G(B)',0.00,0.00),
 (268,'FLYM(S)',0.00,0.00),
 (269,'FLYM250G',0.00,0.00),
 (270,'GANATAB(PCS)',0.00,0.00),
 (271,'GANATAB(B)',0.00,0.00),
 (272,'GONAD',0.00,0.00),
 (273,'GROF',0.00,0.00),
 (274,'HAMTAB(PCS)',0.00,0.00),
 (275,'HAMTAB200(B)',0.00,0.00),
 (276,'HAMSUS6ML',0.00,0.00),
 (277,'HEPAX100ML',0.00,0.00),
 (278,'HUSC',0.00,0.00),
 (279,'INSTIRON15ML',0.00,0.00),
 (280,'IODO10ML',0.00,0.00),
 (281,'IRON100ML',0.00,0.00),
 (282,'ISOL20%',0.00,0.00),
 (283,'ISOL5%',0.00,0.00),
 (284,'I-SOLVE',0.00,0.00),
 (285,'IVER100ML',0.00,0.00),
 (286,'IVER10ML',0.00,0.00),
 (287,'JECTADV100ML',0.00,0.00),
 (288,'JECTADV20ML',0.00,0.00),
 (289,'JECTCLA10ML',0.00,0.00),
 (290,'JECTPREM100ML',0.00,0.00),
 (291,'JECTPREM10ML',0.00,0.00),
 (292,'JECTPREM20ML',0.00,0.00),
 (293,'KOPE',0.00,0.00),
 (294,'LACTA30ML',0.00,0.00),
 (295,'LATIG10G(S)',0.00,0.00),
 (296,'LATIG10G(B)',0.00,0.00),
 (297,'LATIG5G(S)',0.00,0.00),
 (298,'LATIG5G(B)',0.00,0.00),
 (299,'LAT200(B)',0.00,0.00),
 (300,'LAT200(PCS)',0.00,0.00),
 (301,'LAT60(PCS)',0.00,0.00),
 (302,'LAT60(B)',0.00,0.00),
 (303,'LAT500(B)',0.00,0.00),
 (304,'LAT500(PCS)',0.00,0.00),
 (305,'L-SPEC',0.00,0.00),
 (306,'MACRO',0.00,0.00),
 (307,'MAJOR-D(S)',0.00,0.00),
 (308,'MAJOR-D100ML',0.00,0.00),
 (309,'MAJOR-D(B)',0.00,0.00),
 (310,'MAMM100ML',0.00,0.00),
 (311,'MAMM10ML',0.00,0.00),
 (312,'MOTHYL-X(PCS)',0.00,0.00),
 (313,'MOTHYL-X(BOT)',0.00,0.00),
 (314,'MULTIV100S',0.00,0.00),
 (315,'MYCO100ML',0.00,0.00),
 (316,'NF',0.00,0.00),
 (317,'NUTRID15ML',0.00,0.00),
 (318,'NUTRIG300G',0.00,0.00),
 (319,'ORN',0.00,0.00),
 (320,'OSC100ML',0.00,0.00),
 (321,'OXX',0.00,0.00),
 (322,'OXY5ML',0.00,0.00),
 (323,'OXYLA30ML',0.00,0.00),
 (324,'OXYT2.5ML',0.00,0.00),
 (325,'OXYT5ML',0.00,0.00),
 (326,'PET150GMS',0.00,0.00),
 (327,'PET60GMS',0.00,0.00),
 (328,'PET110GMS',0.00,0.00),
 (329,'PIDRO2.4(PCS)',0.00,0.00),
 (330,'PIDRO2.4(B)',0.00,0.00),
 (331,'PITOC10ML',0.00,0.00),
 (332,'PITOC5ML',0.00,0.00),
 (333,'PITOX',0.00,0.00),
 (334,'PROMOTIC',0.00,0.00),
 (335,'PROMOTOR',0.00,0.00),
 (336,'PROTO250ML',0.00,0.00),
 (337,'PROX',0.00,0.00),
 (338,'PUSHAM8ML(B)',0.00,0.00),
 (339,'PUSHAM8M(S)',0.00,0.00),
 (340,'PYRIS7G(B)',0.00,0.00),
 (341,'QUICK-H',0.00,0.00),
 (342,'REDB100ML',0.00,0.00),
 (343,'REDB10ML',0.00,0.00),
 (344,'REDC',0.00,0.00),
 (345,'REDG(PCS)',0.00,0.00),
 (346,'REDB20ML',0.00,0.00),
 (347,'REDB50ML',0.00,0.00),
 (348,'REDGCAP',0.00,0.00),
 (349,'REL5ML',0.00,0.00),
 (350,'RESP',0.00,0.00),
 (351,'ROMOX(PCS)',0.00,0.00),
 (352,'ROMOX(B)',0.00,0.00),
 (353,'ROOST',0.00,0.00),
 (354,'ROVIS',0.00,0.00),
 (355,'SCOUCOB',0.00,0.00),
 (356,'SCOU(PCS)',0.00,0.00),
 (357,'SELEC(S)',0.00,0.00),
 (358,'SELEC20ML',0.00,0.00),
 (359,'SMP',0.00,0.00),
 (360,'SOLU25GM',0.00,0.00),
 (361,'STREP',0.00,0.00),
 (362,'STRES',0.00,0.00),
 (363,'STRONG',0.00,0.00),
 (364,'STRONGTAB',0.00,0.00),
 (365,'SULF100ML',0.00,0.00),
 (366,'SUSLA100ML',0.00,0.00),
 (367,'SUSLA10ML',0.00,0.00),
 (368,'T2S 20g',0.00,0.00),
 (369,'THYR',0.00,0.00),
 (370,'TMPS',0.00,0.00),
 (371,'TRIPU100ML',0.00,0.00),
 (372,'TRISU',0.00,0.00),
 (373,'TRISUL7G(B)',0.00,0.00),
 (374,'TRISUL7G(S',0.00,0.00),
 (375,'TRISULCAP',0.00,0.00),
 (376,'TRU-G',0.00,0.00),
 (377,'TRU-G(PCS)',0.00,0.00),
 (378,'TYL',0.00,0.00),
 (379,'TYL250',0.00,0.00),
 (380,'TYRO50GM',0.00,0.00),
 (381,'UTER',0.00,0.00),
 (382,'V22T',0.00,0.00),
 (383,'V22100T',0.00,0.00),
 (384,'V22-200G',0.00,0.00),
 (385,'VALB30ML',0.00,0.00),
 (386,'VANG',0.00,0.00),
 (387,'VERM',0.00,0.00),
 (388,'VERMCAP',0.00,0.00),
 (389,'VETC5G',0.00,0.00),
 (390,'VETP5G',0.00,0.00),
 (391,'VETC100ML',0.00,0.00),
 (392,'VETCL1KG',0.00,0.00),
 (393,'VETCL2KG',0.00,0.00),
 (394,'VETCLA30G',0.00,0.00),
 (395,'VETC30G',0.00,0.00),
 (396,'VETCLA5G',0.00,0.00),
 (397,'VETG1KG',0.00,0.00),
 (398,'VETGOLD24G',0.00,0.00),
 (399,'VETG24G',0.00,0.00),
 (400,'VETG5G',0.00,0.00),
 (401,'VETGOLD5G',0.00,0.00),
 (402,'VETG-CAP',0.00,0.00),
 (403,'VETGOLDCAP',0.00,0.00),
 (404,'VETPRE24G',0.00,0.00),
 (405,'VETP24G',0.00,0.00),
 (406,'VETPREM5G',0.00,0.00),
 (407,'VIMINTAB(B)',0.00,0.00),
 (408,'VIMIN(PCS)',0.00,0.00),
 (409,'VITADE10ML',0.00,0.00),
 (410,'B12(LDI)',0.00,0.00),
 (411,'B12(AFFES)',0.00,0.00),
 (412,'VITAF',0.00,0.00),
 (413,'VITERAL',0.00,0.00),
 (414,'VIT500',0.00,0.00),
 (415,'VITON-ADE10ML',0.00,0.00),
 (416,'VOLT(PCS)',0.00,0.00),
 (417,'WASH10ML(S)',0.00,0.00),
 (418,'WASH10ML(B)',0.00,0.00),
 (419,'WORMT(PCS)',0.00,0.00),
 (420,'WORMTAB(B)',0.00,0.00),
 (421,'W-SPRAY75G',0.00,0.00),
 (422,'ZERO(B)',0.00,0.00),
 (423,'ZERO(S)',0.00,0.00),
 (424,'T2S 5g',0.00,0.00);
/*!40000 ALTER TABLE `temp` ENABLE KEYS */;


--
-- Definition of table `user_previleges`
--

DROP TABLE IF EXISTS `user_previleges`;
CREATE TABLE `user_previleges` (
  `id` int(10) unsigned NOT NULL AUTO_INCREMENT,
  `username` varchar(45) DEFAULT NULL,
  `previleges` varchar(45) DEFAULT NULL,
  `status` varchar(45) DEFAULT NULL,
  PRIMARY KEY (`id`)
) ENGINE=InnoDB AUTO_INCREMENT=1257 DEFAULT CHARSET=latin1;

--
-- Dumping data for table `user_previleges`
--

/*!40000 ALTER TABLE `user_previleges` DISABLE KEYS */;
INSERT INTO `user_previleges` (`id`,`username`,`previleges`,`status`) VALUES 
 (1043,'admin','16','1'),
 (1044,'admin','17','1'),
 (1045,'admin','18','1'),
 (1046,'admin','19','1'),
 (1047,'admin','20','1'),
 (1048,'admin','21','1'),
 (1049,'admin','22','1'),
 (1050,'admin','23','1'),
 (1051,'admin','24','1'),
 (1052,'admin','25','1'),
 (1053,'admin','26','1'),
 (1054,'admin','27','1'),
 (1055,'admin','28','1'),
 (1056,'admin','29','1'),
 (1057,'admin','30','1'),
 (1058,'admin','31','1'),
 (1059,'admin','32','1'),
 (1060,'admin','33','1'),
 (1061,'admin','34','1'),
 (1062,'admin','35','1'),
 (1063,'admin','36','1'),
 (1085,'caroline','16','1'),
 (1086,'caroline','17','1'),
 (1087,'caroline','18','1'),
 (1088,'caroline','19','1'),
 (1089,'caroline','20','1'),
 (1090,'caroline','21','1'),
 (1091,'caroline','22','0'),
 (1092,'caroline','23','0'),
 (1093,'caroline','24','0'),
 (1094,'caroline','25','1'),
 (1095,'caroline','26','1'),
 (1096,'caroline','27','0'),
 (1097,'caroline','28','1'),
 (1098,'caroline','29','0'),
 (1099,'caroline','30','1'),
 (1100,'caroline','31','0'),
 (1101,'caroline','32','0'),
 (1102,'caroline','33','0'),
 (1103,'caroline','34','0'),
 (1104,'caroline','35','0'),
 (1105,'caroline','36','0'),
 (1106,'jepoy','16','0'),
 (1107,'jepoy','17','1'),
 (1108,'jepoy','18','1'),
 (1109,'jepoy','19','1'),
 (1110,'jepoy','20','1'),
 (1111,'jepoy','21','1'),
 (1112,'jepoy','22','0'),
 (1113,'jepoy','23','0'),
 (1114,'jepoy','24','0'),
 (1115,'jepoy','25','1'),
 (1116,'jepoy','26','1'),
 (1117,'jepoy','27','0'),
 (1118,'jepoy','28','1'),
 (1119,'jepoy','29','0'),
 (1120,'jepoy','30','1'),
 (1121,'jepoy','31','0'),
 (1122,'jepoy','32','1'),
 (1123,'jepoy','33','0'),
 (1124,'jepoy','34','0'),
 (1125,'jepoy','35','0'),
 (1126,'jepoy','36','0'),
 (1169,'SABETH','16','1'),
 (1170,'SABETH','17','1'),
 (1171,'SABETH','18','1'),
 (1172,'SABETH','19','1'),
 (1173,'SABETH','20','1'),
 (1174,'SABETH','21','1'),
 (1175,'SABETH','22','1'),
 (1176,'SABETH','23','0'),
 (1177,'SABETH','24','0'),
 (1178,'SABETH','25','1'),
 (1179,'SABETH','26','1'),
 (1180,'SABETH','27','0'),
 (1181,'SABETH','28','1'),
 (1182,'SABETH','29','0'),
 (1183,'SABETH','30','1'),
 (1184,'SABETH','31','0'),
 (1185,'SABETH','32','0'),
 (1186,'SABETH','33','0'),
 (1187,'SABETH','34','0'),
 (1188,'SABETH','35','0'),
 (1189,'SABETH','36','0'),
 (1190,'admin','37','1'),
 (1213,'sabet','16','0'),
 (1214,'sabet','17','1'),
 (1215,'sabet','18','0'),
 (1216,'sabet','19','0'),
 (1217,'sabet','20','1'),
 (1218,'sabet','21','0'),
 (1219,'sabet','22','0'),
 (1220,'sabet','23','0'),
 (1221,'sabet','24','0'),
 (1222,'sabet','25','0'),
 (1223,'sabet','26','1'),
 (1224,'sabet','27','0'),
 (1225,'sabet','28','0'),
 (1226,'sabet','29','0'),
 (1227,'sabet','30','1'),
 (1228,'sabet','31','0'),
 (1229,'sabet','32','1'),
 (1230,'sabet','33','0'),
 (1231,'sabet','34','0'),
 (1232,'sabet','35','0'),
 (1233,'sabet','36','0'),
 (1234,'sabet','37','0'),
 (1235,'siobe','16','1'),
 (1236,'siobe','17','1'),
 (1237,'siobe','18','1'),
 (1238,'siobe','19','1'),
 (1239,'siobe','20','1'),
 (1240,'siobe','21','1'),
 (1241,'siobe','22','1'),
 (1242,'siobe','23','1'),
 (1243,'siobe','24','1'),
 (1244,'siobe','25','1'),
 (1245,'siobe','26','1'),
 (1246,'siobe','27','1'),
 (1247,'siobe','28','1'),
 (1248,'siobe','29','1'),
 (1249,'siobe','30','1'),
 (1250,'siobe','31','1'),
 (1251,'siobe','32','1'),
 (1252,'siobe','33','1'),
 (1253,'siobe','34','1'),
 (1254,'siobe','35','1'),
 (1255,'siobe','36','1'),
 (1256,'siobe','37','1');
/*!40000 ALTER TABLE `user_previleges` ENABLE KEYS */;


--
-- Definition of table `useraccount`
--

DROP TABLE IF EXISTS `useraccount`;
CREATE TABLE `useraccount` (
  `username` varchar(50) NOT NULL,
  `password` varchar(50) NOT NULL,
  `user_type` varchar(50) NOT NULL DEFAULT 'user',
  PRIMARY KEY (`username`)
) ENGINE=InnoDB DEFAULT CHARSET=latin1;

--
-- Dumping data for table `useraccount`
--

/*!40000 ALTER TABLE `useraccount` DISABLE KEYS */;
INSERT INTO `useraccount` (`username`,`password`,`user_type`) VALUES 
 ('admin','0cc175b9c0f1b6a831c399e269772661','admin'),
 ('caroline','dabafb11d9c6224d3584052eb1fa2580','user'),
 ('dev','e77989ed21758e78331b20e477fc5582','admin'),
 ('jepoy','827ccb0eea8a706c4c34a16891f84e7b','user'),
 ('sabet','827ccb0eea8a706c4c34a16891f84e7b','user'),
 ('siobe','23ac1f757dbe868b09b43c57b2e9e701','admin');
/*!40000 ALTER TABLE `useraccount` ENABLE KEYS */;




/*!40101 SET SQL_MODE=@OLD_SQL_MODE */;
/*!40014 SET FOREIGN_KEY_CHECKS=@OLD_FOREIGN_KEY_CHECKS */;
/*!40014 SET UNIQUE_CHECKS=@OLD_UNIQUE_CHECKS */;
/*!40101 SET CHARACTER_SET_CLIENT=@OLD_CHARACTER_SET_CLIENT */;
/*!40101 SET CHARACTER_SET_RESULTS=@OLD_CHARACTER_SET_RESULTS */;
/*!40101 SET COLLATION_CONNECTION=@OLD_COLLATION_CONNECTION */;
/*!40101 SET CHARACTER_SET_CLIENT=@OLD_CHARACTER_SET_CLIENT */;
